Turbo Assembler	 Version 4.0	    08/05/04 21:42:06	    Page 1
GTHAI.asm



      1				     ;======================================================================
      2				     ;	      Disassembly of file :VTHAI.COM
      3				     ;	     25	Line VGA Thai driver
      4				     ;	     Source re-created and customized by Gary Butler
      5				     ; Must be assembled with Borland Turbo Assembler
      6				     ; Command line:
      7				     ;	 tasm /m2 gthai
      8				     ;	 tlink /t gthai
      9				     ;======================================================================
1    10				     COMMENT *
1    11
1    12
     13
     14				     ;============================================================
     15	0000			     Code_Seg SEGMENT PUBLIC
     16					      ASSUME ES:Code_Seg,CS:Code_Seg,SS:Code_Seg,DS:Code_Seg
     17				     ;============================================================
     18
     19					      ORG   00100H
     20				     ;------------------------------------------------------------
     21
     22	0100			     GTHAI:
     23	0100  E9 62C7			     JMP   INIT		     ;Go init TSR
     24
     25	0103  0138		     DRIVER_VERSION   DW    VERSION_ID
     26
     27	0105  00		     CURRENT_MODE   DB	  0		    ;THAI/ENGLISH MODE
     28	0106  02		     L0106H   DB    2
     29
     30				     ;======================================================================
     31				     ;	      Control Panel fields
     32				     ;======================================================================
     33
     34	0107			     OPTION_TABLE LABEL	BYTE
     35	0107  02		     DISPMODE		     DB	THAI_25	     ;1. Eng/8 Line Thai/25 Line Thai
     36	0108  00		     DISPXLAT		     DB	0	     ;2. Xlate display?
     37	0109  01		     DISPLAY_COLUMN_ADJUST   DB	1	     ;3. Display column	adjust
     38	010A  01		     THAIMODE		     DB	1	     ;4. Startup mode
     39	010B  00		     PANEL_5		     DB	0	     ;5.
     40	010C  00		     SPACE_A0		     DB	0	     ;6. Use 0A0h for space?
     41	010D  01		     WHICHPTR		     DB	IBMPRO	     ;7. Epson=0 IBM=1
     42	010E  00		     PRT_XLAT		     DB	0	     ;8. Xlate print
     43	010F  02		     PCOMPOSE		     DB	THAIPRT3     ;9. 0=NO INTERCEPT
     44
     45	      =0010		     OPTION_SAVE_LENGTH	= $ - GTHAI
     46
     47	0110  00		     VMODEFLAG DB 0
     48				     ;======================================================================
     49				     ;	      Printer line spacing variables
     50				     ;	      Default =	4 Lines	per inch
     51				     ;======================================================================
     52
     53	0111  07		     LPI_TOP	     DB	   DFLT_TOP_LPI	     ;LINE SPACE INCREMENT - LEADING
     54	0112  13		     LPI_MIDDLE	     DB	   DFLT_MDL_LPI	     ;Spacing between middle & main
     55	0113  13		     LPI_MAIN	     DB	   DFLT_MAIN_LPI     ;Spacing between main & bottom
     56	0114  00		     LPI_FINAL	     DB	   DFLT_BTM_LPI	     ;Trailing line space
     57
Turbo Assembler	 Version 4.0	    08/05/04 21:42:06	    Page 2
GTHAI.asm



     58				     ;======================================================================
     59	0115  00 01 02 03 04 05	06+  XLAT_TBL DB    0,1,2,3,4,5,6,7
     60	      07
     61	011D  08 09 0A 0B 0C 0D	0E+	      DB    8,9,0AH,0BH,0CH,0DH,0EH,0FH
     62	      0F
     63	0125  10 11 12 13 14 15	16	      DB    10H,11H,12H,13H,14H,15H,16H
     64	012C  17 18 19 1A 1B 1C	1D+	      DB    17H,18H,19H,1AH,1BH,1CH,1DH,1EH,1FH
     65	      1E 1F
     66	0135  20 21 22 23 24 25	26+	      DB    20H,21H,22H,23H,24H,25H,26H,27H,28H
     67	      27 28
     68	013E  29 2A 2B 2C 2D 2E	2F	      DB    29H,2AH,2BH,2CH,2DH,2EH,2FH
     69	0145  30 31 32 33 34 35	36+	      DB    30H,31H,32H,33H,34H,35H,36H,37H,38H
     70	      37 38
     71	014E  39 3A 3B 3C 3D 3E	3F	      DB    39H,3AH,3BH,3CH,3DH,3EH,3FH
     72	0155  40 41			      DB    40H,41H
     73	0157  42 43 44 45 46 47		      DB    42H,43H,44H,45H,46H,47H
     74	015D  48 49 4A 4B 4C 4D		      DB    48H,49H,4AH,4BH,4CH,4DH
     75	0163  4E 4F 50 51 52 53		      DB    4EH,4FH,50H,51H,52H,53H
     76	0169  54 55 56 57 58 59		      DB    54H,55H,56H,57H,58H,59H
     77	016F  5A 5B 5C 5D 5E 5F		      DB    5AH,5BH,5CH,5DH,5EH,5FH
     78	0175  60 61 62 63 64 65		      DB    60H,61H,62H,63H,64H,65H
     79	017B  66 67 68 69 6A 6B		      DB    66H,67H,68H,69H,6AH,6BH
     80	0181  6C 6D 6E 6F 70 71		      DB    6CH,6DH,6EH,6FH,70H,71H
     81	0187  72 73 74 75 76 77		      DB    72H,73H,74H,75H,76H,77H
     82	018D  78 79 7A 7B 7C 7D		      DB    78H,79H,7AH,7BH,7CH,7DH
     83	0193  7E 7F 95 97 9B 9D		      DB    7EH,7FH,95H,97H,9BH,9DH
     84	0199  9F 9E 98 9A 9C 96		      DB    9FH,9EH,98H,9AH,9CH,96H
     85	019F  99 FA FB EE EF DF		      DB    99H,0FAH,0FBH,0EEH,0EFH,0DFH
     86	01A5  F0 F1 F2 F3 F4 F5		      DB    0F0H,0F1H,0F2H,0F3H,0F4H,0F5H
     87	01AB  F6 F7 F8 F9 A3 A5		      DB    0F6H,0F7H,0F8H,0F9H,0A3H,0A5H
     88	01B1  DC DD DE DB A0 A1		      DB    0DCH,0DDH,0DEH,0DBH,0A0H,0A1H
     89	01B7  A2 A4 A6 A7 A8 A9		      DB    0A2H,0A4H,0A6H,0A7H,0A8H,0A9H
     90	01BD  AA AB AC AD AE AF		      DB    0AAH,0ABH,0ACH,0ADH,0AEH,0AFH
     91	01C3  B0 B1 B2 B3 B4 B5		      DB    0B0H,0B1H,0B2H,0B3H,0B4H,0B5H
     92	01C9  B6 B7 B8 B9 BA BB		      DB    0B6H,0B7H,0B8H,0B9H,0BAH,0BBH
     93	01CF  BC BD BE BF C0 C1		      DB    0BCH,0BDH,0BEH,0BFH,0C0H,0C1H
     94	01D5  C2 C3 C4 C5 C7 C8		      DB    0C2H,0C3H,0C4H,0C5H,0C7H,0C8H
     95	01DB  C9 CA CB CC CD CE		      DB    0C9H,0CAH,0CBH,0CCH,0CDH,0CEH
     96	01E1  D0 C6 D2 D3 E0 E1		      DB    0D0H,0C6H,0D2H,0D3H,0E0H,0E1H
     97	01E7  E2 E3 E4 E6 CF D8		      DB    0E2H,0E3H,0E4H,0E6H,0CFH,0D8H
     98	01ED  D9 D4 D5 D6 D7 D1		      DB    0D9H,0D4H,0D5H,0D6H,0D7H,0D1H
     99	01F3  ED E7 E8 E9 EA EB		      DB    0EDH,0E7H,0E8H,0E9H,0EAH,0EBH
    100	01F9  EC DA FC FD FE FF		      DB    0ECH,0DAH,0FCH,0FDH,0FEH,0FFH
    101	01FF  80 81 82 83 84 85		      DB    80H,81H,82H,83H,84H,85H
    102	0205  86 87 88 89 8A 8B		      DB    86H,87H,88H,89H,8AH,8BH
    103	020B  8C 8D 8E 8F 90 91		      DB    8CH,8DH,8EH,8FH,90H,91H
    104	0211  92 93 94 FF		      DB    92H,93H,94H,0FFH
    105	0215  00 01 02 03 04 05	06+	      DB    0,1,2,3,4,5,6,7
    106	      07
    107	021D  08 09 0A 0B 0C 0D	0E+	      DB    8,9,0AH,0BH,0CH,0DH,0EH,0FH
    108	      0F
    109	0225  10 11 12 13 14 15		      DB    10H,11H,12H,13H,14H,15H
    110	022B  16 17 18 19 1A 1B		      DB    16H,17H,18H,19H,1AH,1BH
    111	0231  1C 1D 1E 1F 20 21		      DB    1CH,1DH,1EH,1FH,20H,21H
    112	0237  22 23 24 25 26 27		      DB    22H,23H,24H,25H,26H,27H
    113	023D  28 29 2A 2B 2C 2D		      DB    28H,29H,2AH,2BH,2CH,2DH
    114	0243  2E 2F 30 31 32 33		      DB    2EH,2FH,30H,31H,32H,33H
Turbo Assembler	 Version 4.0	    08/05/04 21:42:06	    Page 3
GTHAI.asm



    115	0249  34 35 36 37 38 39		      DB    34H,35H,36H,37H,38H,39H
    116	024F  3A 3B 3C 3D 3E 3F		      DB    3AH,3BH,3CH,3DH,3EH,3FH
    117	0255  40 41 42 43 44 45		      DB    40H,41H,42H,43H,44H,45H
    118	025B  46 47 48 49 4A 4B		      DB    46H,47H,48H,49H,4AH,4BH
    119	0261  4C 4D 4E 4F 50 51		      DB    4CH,4DH,4EH,4FH,50H,51H
    120	0267  52 53 54 55 56 57		      DB    52H,53H,54H,55H,56H,57H
    121	026D  58 59 5A 5B 5C 5D		      DB    58H,59H,5AH,5BH,5CH,5DH
    122	0273  5E 5F 60 61 62 63		      DB    5EH,5FH,60H,61H,62H,63H
    123	0279  64 65 66 67 68 69		      DB    64H,65H,66H,67H,68H,69H
    124	027F  6A 6B 6C 6D 6E 6F		      DB    6AH,6BH,6CH,6DH,6EH,6FH
    125	0285  70 71 72 73 74 75		      DB    70H,71H,72H,73H,74H,75H
    126	028B  76 77 78 79 7A 7B		      DB    76H,77H,78H,79H,7AH,7BH
    127	0291  7C 7D 7E 7F EA EB		      DB    7CH,7DH,7EH,7FH,0EAH,0EBH
    128	0297  EC ED EE EF F0 F1		      DB    0ECH,0EDH,0EEH,0EFH,0F0H,0F1H
    129	029D  F2 F3 F4 F5 F6 F7		      DB    0F2H,0F3H,0F4H,0F5H,0F6H,0F7H
    130	02A3  F8 F9 FA FB FC FD		      DB    0F8H,0F9H,0FAH,0FBH,0FCH,0FDH
    131	02A9  FE 80 89 81 86 8A		      DB    0FEH,80H,89H,81H,86H,8AH
    132	02AF  87 82 88 83 85 84		      DB    87H,82H,88H,83H,85H,84H
    133	02B5  A0 A1 A2 9A A3 9B		      DB    0A0H,0A1H,0A2H,9AH,0A3H,9BH
    134	02BB  A4 A5 A6 A7 A8 A9		      DB    0A4H,0A5H,0A6H,0A7H,0A8H,0A9H
    135	02C1  AA AB AC AD AE AF		      DB    0AAH,0ABH,0ACH,0ADH,0AEH,0AFH
    136	02C7  B0 B1 B2 B3 B4 B5		      DB    0B0H,0B1H,0B2H,0B3H,0B4H,0B5H
    137	02CD  B6 B7 B8 B9 BA BB		      DB    0B6H,0B7H,0B8H,0B9H,0BAH,0BBH
    138	02D3  BC BD BE BF C0 C1		      DB    0BCH,0BDH,0BEH,0BFH,0C0H,0C1H
    139	02D9  C2 C3 CD C4 C5 C6		      DB    0C2H,0C3H,0CDH,0C4H,0C5H,0C6H
    140	02DF  C7 C8 C9 CA CB D6		      DB    0C7H,0C8H,0C9H,0CAH,0CBH,0D6H
    141	02E5  CC DD CE CF D9 DA		      DB    0CCH,0DDH,0CEH,0CFH,0D9H,0DAH
    142	02EB  DB DC D7 D8 E5 9F		      DB    0DBH,0DCH,0D7H,0D8H,0E5H,9FH
    143	02F1  9C 9D 9E 8F D0 D1		      DB    9CH,9DH,9EH,8FH,0D0H,0D1H
    144	02F7  D2 D3 D4 00 D5 DF		      DB    0D2H,0D3H,0D4H,0,0D5H,0DFH
    145	02FD  E0 E1 E2 E3 E4 DE		      DB    0E0H,0E1H,0E2H,0E3H,0E4H,0DEH
    146	0303  8D 8E 90 91 92 93		      DB    8DH,8EH,90H,91H,92H,93H
    147	0309  94 95 96 97 98 99		      DB    94H,95H,96H,97H,98H,99H
    148	030F  8B 8C E6 E7 E8 FF		      DB    8BH,8CH,0E6H,0E7H,0E8H,0FFH
    149
    150	0315			     PRTXLTBL LABEL BYTE
    151	0315  00 01 02 03 04 05	06+   DB    0,	 1,   2,   3,	4,   5,	  6,   7,   8,	 9, 0AH, 0BH, 0CH, 0DH,	0EH, 0FH
    152	      07 08 09 0A 0B 0C	0D+
    153	      0E 0F
    154	0325  10 11 12 13 14 15	16+   DB  10H, 11H, 12H, 13H, 14H, 15H,	16H, 17H, 18H, 19H, 1AH, 1BH, 1CH, 1DH,	1EH, 1FH
    155	      17 18 19 1A 1B 1C	1D+
    156	      1E 1F
    157	0335  20 21 22 23 24 25	26+   DB  20H, 21H, 22H, 23H, 24H, 25H,	26H, 27H, 28H, 29H, 2AH, 2BH, 2CH, 2DH,	2EH, 2FH
    158	      27 28 29 2A 2B 2C	2D+
    159	      2E 2F
    160	0345  30 31 32 33 34 35	36+   DB  30H, 31H, 32H, 33H, 34H, 35H,	36H, 37H, 38H, 39H, 3AH, 3BH, 3CH, 3DH,	3EH, 3FH
    161	      37 38 39 3A 3B 3C	3D+
    162	      3E 3F
    163	0355  40 41 42 43 44 45	46+   DB  40H, 41H, 42H, 43H, 44H, 45H,	46H, 47H, 48H, 49H, 4AH, 4BH, 4CH, 4DH,	4EH, 4FH
    164	      47 48 49 4A 4B 4C	4D+
    165	      4E 4F
    166	0365  50 51 52 53 54 55	56+   DB  50H, 51H, 52H, 53H, 54H, 55H,	56H, 57H, 58H, 59H, 5AH, 5BH, 5CH, 5DH,	5EH, 5FH
    167	      57 58 59 5A 5B 5C	5D+
    168	      5E 5F
    169	0375  60 61 62 63 64 65	66+   DB  60H, 61H, 62H, 63H, 64H, 65H,	66H, 67H, 68H, 69H, 6AH, 6BH, 6CH, 6DH,	6EH, 6FH
    170	      67 68 69 6A 6B 6C	6D+
    171	      6E 6F
Turbo Assembler	 Version 4.0	    08/05/04 21:42:06	    Page 4
GTHAI.asm



    172	0385  70 71 72 73 74 75	76+   DB  70H, 71H, 72H, 73H, 74H, 75H,	76H, 77H, 78H, 79H, 7AH, 7BH, 7CH, 7DH,	7EH, 7FH
    173	      77 78 79 7A 7B 7C	7D+
    174	      7E 7F
    175	0395  EA EB EC ED EE EF	F0+   DB 0EAH,0EBH,0ECH,0EDH,0EEH,0EFH,0F0H,0F1H,0F2H,0F3H,0F4H,0F5H,0F6H,0F7H,0F8H,0F9H
    176	      F1 F2 F3 F4 F5 F6	F7+
    177	      F8 F9
    178	03A5  FA FB FC FD FE 80	89+   DB 0FAH,0FBH,0FCH,0FDH,0FEH, 80H,	89H, 81H, 86H, 8AH, 87H, 82H, 88H, 83H,	85H, 84H
    179	      81 86 8A 87 82 88	83+
    180	      85 84
    181	03B5  A0 A1 A2 9A A3 9B	A4+   DB 0A0H,0A1H,0A2H, 9AH,0A3H, 9BH,0A4H,0A5H,0A6H,0A7H,0A8H,0A9H,0AAH,0ABH,0ACH,0ADH
    182	      A5 A6 A7 A8 A9 AA	AB+
    183	      AC AD
    184	03C5  AE AF B0 B1 B2 B3	B4+   DB 0AEH,0AFH,0B0H,0B1H,0B2H,0B3H,0B4H,0B5H,0B6H,0B7H,0B8H,0B9H,0BAH,0BBH,0BCH,0BDH
    185	      B5 B6 B7 B8 B9 BA	BB+
    186	      BC BD
    187	03D5  BE BF C0 C1 C2 C3	CD+   DB 0BEH,0BFH,0C0H,0C1H,0C2H,0C3H,0CDH,0C4H,0C5H,0C6H,0C7H,0C8H,0C9H,0CAH,0CBH,0D6H
    188	      C4 C5 C6 C7 C8 C9	CA+
    189	      CB D6
    190	03E5  CC DD CE CF D9 DA	DB+   DB 0CCH,0DDH,0CEH,0CFH,0D9H,0DAH,0DBH,0DCH,0D7H,0D8H,0E5H, 9FH, 9CH, 9DH,	9EH, 8FH
    191	      DC D7 D8 E5 9F 9C	9D+
    192	      9E 8F
    193	03F5  D0 D1 D2 D3 D4 00	D5+   DB 0D0H,0D1H,0D2H,0D3H,0D4H,   0,0D5H,0DFH,0E0H,0E1H,0E2H,0E3H,0E4H,0DEH,	  0,0D5H
    194	      DF E0 E1 E2 E3 E4	DE+
    195	      00 D5
    196	0405  90 91 92 93 94 95	96+   DB  90H, 91H, 92H, 93H, 94H, 95H,	96H, 97H, 98H, 99H, 8BH, 8CH,0E6H,0E7H,0E8H,0E9H
    197	      97 98 99 8B 8C E6	E7+
    198	      E8 E9
    199
    200	0415  20 21 B2 2F 2C 3F	     L0414H   DB    20H,21H,0B2H,2FH,2CH,3FH
    201	041B  5F A2 28 29 2E 25		      DB    5FH,0A2H,28H,29H,2EH,25H
    202	0421  D0 F1 A8 BE F0 20		      DB    0D0H,0F1H,0A8H,0BEH,0F0H,20H
    203	0427  F2 F3 F4 F5 D9 F7		      DB    0F2H,0F3H,0F4H,0F5H,0D9H,0F7H
    204	042D  F8 F9 A6 E4 BF F6		      DB    0F8H,0F9H,0A6H,0E4H,0BFH,0F6H
    205	0433  A9 CC 22 EB DF B0		      DB    0A9H,0CCH,22H,0EBH,0DFH,0B0H
    206	0439  D3 E6 B3 EC D7 AB		      DB    0D3H,0E6H,0B3H,0ECH,0D7H,0ABH
    207	043F  BC AA			      DB    0BCH,0AAH
    208
    209	0441  E2 CE C8 B6 B2 EA	     L0440H   DB    0E2H,0CEH,0C8H,0B6H,0B2H,0EAH
    210	0447  AD B8 C9 BD C0 C4		      DB    0ADH,0B8H,0C9H,0BDH,0C0H,0C4H
    211	044D  AF D6 AE E3 5C AC		      DB    0AFH,0D6H,0AEH,0E3H,5CH,0ACH
    212	0453  D8 2D 60 E9 D4 C5		      DB    0D8H,2DH,60H,0E9H,0D4H,0C5H
    213	0459  A7 C2 A1 D1 D5 C1		      DB    0A7H,0C2H,0A1H,0D1H,0D5H,0C1H
    214	045F  D2 B9 E0 CA A4 C7		      DB    0D2H,0B9H,0E0H,0CAH,0A4H,0C7H
    215	0465  E1 E7 CD B7 C3 B4		      DB    0E1H,0E7H,0CDH,0B7H,0C3H,0B4H
    216	046B  CB B5 BE E8 BA CF		      DB    0CBH,0B5H,0BEH,0E8H,0BAH,0CFH
    217	0471  7C 20 7E 7F		      DB    7CH,20H,7EH,7FH
    218
    219				     ;----------------------------------------------------------------------
    220	      =0074		     BBSMSG_TEXT_COLOR = (WHITE_BG+RED)
    221	      =000F		     BBSMSG_EDGE = BRIGHT_WHITE
    222	      =0000		     BBSMSG_SHADOW = BLACK
    223	0475  0000		     BBSMSG_COLUMN   DW	   0000H  ;Starting column of "Bulletin	Board" Message
    224	      =00FA		     BBSMSG_ROW	= 250
    225
    226	0477			     MSG_BBS  LABEL BYTE
    227				     ; Customization by	Gary Butler
    228	0477  25 46 70 76 71 6A	68+	     DB	     _SPACE,_C,u_,s_,t_,o_,m_,i_,z_,a_,t_,i_,o_,n_
Turbo Assembler	 Version 4.0	    08/05/04 21:42:06	    Page 5
GTHAI.asm



    229	      6C 7F 64 71 6C 6A	6B
    230	0485  25 67 7C 25		     DB	     _SPACE,b_,y_,_SPACE
    231	0489  42 64 77 7C 25 47	70+	     DB	     _G,a_,r_,y_,_SPACE,_B,u_,t_,l_,e_,r_,_SPACE
    232	      71 69 60 77 25
    233	      =001E		     BBSMSG_LEN	= $-MSG_BBS
    234	0495  05			     DB	     END_OF_STRING
    235
    236	0496  60CAr		     L04EAH	      DW    L6382H
    237	0498  6165r		     SET_EDGE_COLOR   DW    MONO_SET_EDGE_COLOR
    238	049A  61A9r		     SET_SHADOW_COLOR DW    MONO_SET_SHADOW_COLOR
    239	049C  61E2r		     CURSOR_CALC      DW    MONO_CALC_CURSOR
    240	049E  6343r		     L04F2H	      DW    L65FCH
    241	04A0  622Br		     NEXT_LINE	      DW    MONO_NEXT_LINE
    242	04A2  6236r		     PREV_LINE	      DW    MONO_PREV_LINE
    243	04A4  6251r		     DRAW_CURSOR	  DW	DRAW_CURSOR_MONO
    244	04A6  6288r		     L04FAH	      DW    L6541H
    245	04A8  62B8r		     L04FCH	      DW    L6571H
    246	04AA  6241r		     L04FEH	      DW    L64FAH
    247	04AC  0000		     CRTBASE	      DW    0000H	     ;CRT Controller base address port
    248	04AE  B000		     VID_SEG	      DW    0B000H
    249	04B0  B800		     VIDBUF	      DW    0B800H
    250
    251	04B2  0000		     L0506H	 DW    0000H
    252	04B4  18*(0000)		     L0508H	 DW    24 DUP(0)
    253	04E4  0000		     L0538H	 DW    0000H
    254	04E6  5E93r		     MSGVECT	 DW    INIT_EGA
    255
    256	04E8  0000		     FNAMESEG	 DW    0H	      ;FILENAME	SEGMENT	POINTER
    257	04EA  0000		     FNAMEOFF	 DW    0H	      ;FILENAME	OFFSET POINTER
    258
    259				     ;------------------------------------------------------------
    260				     ; SAVE POINTERS FOR ORIGINAL SYSTEM INTERRUPT VECTORS
    261				     ;------------------------------------------------------------
    262	04EC  0000		     OLDINT8	 DW    0H		 ;TIMER	INT SAVE OFFSET
    263	04EE  0000		     OLDSEG8	 DW    0H
    264	04F0  0000		     OLDINT9	 DW    0H		 ;KEYBOARD INT SAVE
    265	04F2  0000		     OLDSEG9	 DW    0H
    266	04F4  0000		     OLDINT10	 DW    0H		 ;VIDEO	INT SAVE
    267	04F6  0000		     OLDSEG10	 DW    0H
    268	04F8  0000		     OLDINT17	 DW    0H		 ;PRINTER INT SAVE
    269	04FA  0000		     OLDSEG17	 DW    0H
    270	04FC  0000		     OLDINT1D	 DW    0H
    271	04FE  0000		     OLDSEG1D	 DW    0H
    272	0500  0000		     OLDINT24	 DW    0H
    273	0502  0000		     OLDSEG24	 DW    0H
    274				     ;======================================================================
    275				     ; VIDEO SAVE AREA
    276				     ;======================================================================
    277
    278	0504  0FA0*(00)		     VID_SAVE	 DB  4000 DUP(0)      ;VIDEO BUFFER
    279	      =CODE_SEG:05A4	     VIDLINE2 =	VID_SAVE+160	     ;ADDRESS OF LINE 2	- Used for quick scroll
    280
    281	14A4  00		     TEXT_COLOR	 DB  0
    282	14A5  0000		     CURSOR_SAVE DW  0000H		 ;CURSOR ROW/COL
    283	14A7  0E*(00)		     L14FBH	 DB  14	DUP(0)
    284	14B5  0000		     USER_WIDTH	 DW  0000H
    285	14B7  0000		     USER_HEIGHT DW  0000H
Turbo Assembler	 Version 4.0	    08/05/04 21:42:06	    Page 6
GTHAI.asm



    286	14B9  0280				 DW  640
    287	14BB  015E				 DW  350
    288	14BD  0000		     VID_OFFSET	 DW  0000H
    289
    290	14BF  00		     L1513H	 DB  0
    291	14C0  00		     L1514H	 DB  0
    292
    293				     ;======================================================================
    294				     ; BIT PATTERNS
    295				     ;======================================================================
    296	14C1  14C3r		     PATTERN_POINTER   DW    PATTERN_FF
    297
    298	14C3  FF FF FF FF	     PATTERN_FF	     DB	   0FFH,0FFH,0FFH,0FFH
    299	14C7  FF FF FF FF			     DB	   0FFH,0FFH,0FFH,0FFH
    300
    301	14CB  00 00 00 00	     PATTERN_00	     DB	   0,0,0,0
    302	14CF  00 00 00 00			     DB	   0,0,0,0
    303
    304	14D3  AA 55 AA 55	     PATTERN_AA55    DB	   0AAH,55H,0AAH,55H
    305	14D7  AA 55 AA 55			     DB	   0AAH,55H,0AAH,55H
    306
    307
    308	14DB  20*(01)		     L152FH   DB    32 DUP(1)
    309	14FB  60*(04)			      DB    96 DUP(4)
    310	155B  20*(02)			      DB    32 DUP(2)
    311	157B  30*(05)			      DB    48 DUP(5)
    312	15AB  06 08 06 06 08 08		      DB    6,8,6,6,8,8
    313	15B1  08 08 07 07 07		      DB    8,8,7,7,7
    314	15B6  0C*(06)			      DB    12 DUP(6)
    315	15C2  08 09 09 09 09 09		      DB    8,9,9,9,9,9
    316	15C8  08 05 05			      DB    8,5,5
    317	15CB  0A*(03)			      DB    10 DUP(3)
    318	15D5  06*(05)			      DB    6 DUP(5)
    319
    320				     ;======================================================================
    321				     ; FONT TABLES
    322				     ;======================================================================
    323
    324				     ;End of font tables
    325				     ;======================================================================
    326
    327				     ;
    328				     ;	      Maximum allowable	values for menu	fields
    329				     ;
    330				     ;
    331	35DA  03		     MAXOPT0  DB   3		     ;Field 0 -	Eng/1 Line Thai/25 Line	Thai
    332	35DB  02		     MAXOPT1  DB   2		     ;Field 1 -	Xlate display?
    333	35DC  08		     MAXOPT2  DB   8		     ;Field 2 -	DISPLAY_COLUMN_ADJUST
    334	35DD  03		     MAXOPT3  DB   3		     ;Field 3 -	THAIMODE
    335	35DE  04		     MAXOPT4  DB   4		     ;Field 4 -
    336				     ;----------------------------------------------------------------------
    337				     ; MAXOPT5 is the field for	0x20 or	0xa0 as	space char. 0xA0 causes	too
    338				     ; many problems, so restrict to 0x20
    339				     ;----------------------------------------------------------------------
    340				     ;//gb//MAXOPT5  DB	  2		    ;Field 5 - SPACE_A0
    341	35DF  01		     MAXOPT5  DB   1		     ;Field 5 -	SPACE_A0
    342				     ;----------------------------------------------------------------------
Turbo Assembler	 Version 4.0	    08/05/04 21:42:06	    Page 7
GTHAI.asm



    343	35E0  02		     MAXOPT6  DB   2		     ;Field 6 -	WHICHPTR
    344	35E1  04		     MAXOPT7  DB   4		     ;Field 7 -	PRT_XLAT
    345	35E2  04		     MAXOPT8  DB   4		     ;Field 8 -	PCOMPOSE
    346
    347
    348	35E3			     MSG22 LABEL BYTE
    349	35E3  C5 D7 CC D7 C8 D4	A2+  FLD0_MSG1 DB _PHO_SAMPHAO,_SARA_AA,_SO_RUSI,_SARA_AA,_O_ANG,_MAI_HAN_AKAT,_NGO_NGU,_KO_KAI,_RU,+
    350	      A4 C1 CC 25 25 25	05   _SO_RUSI,_SPACE,_SPACE,_SPACE,END_OF_STRING
    351	35F1  E1 B2 C7 25 3D 25	BF+  FLD0_MSG2 DB _SARA_MAI_MALAI,_THO_THAHAN,_YO_YAK,_SPACE,_8,_SPACE,_BO_BAIMAI,_RO_RUA,_RO_RUA,  +
    352	      C6 C6 B2 D4 B1 25	05   _THO_THAHAN,_MAI_HAN_AKAT,_DO_DEK,_SPACE,END_OF_STRING
    353	35FF  E1 B2 C7 25 37 30	25+  FLD0_MSG3 DB _SARA_MAI_MALAI,_THO_THAHAN,_YO_YAK,_SPACE,_2,_5,_SPACE,_BO_BAIMAI,_RO_RUA,	    +
    354	      BF C6 C6 B2 D4 B1	05   _RO_RUA,_THO_THAHAN,_MAI_HAN_AKAT,_DO_DEK,END_OF_STRING
    355
    356	360D  CF 2B C4 2B C8 2B	  +  FLD1_MSG0 DB _SO_SUA,_PERIOD,_MO_MA,_PERIOD,_O_ANG,_PERIOD,7 DUP(_SPACE),END_OF_STRING
    357	      07*(25) 05
    358	361B  0D*(25) 05	     FLD1_MSG1 DB 13 DUP(_SPACE),END_OF_STRING	    ;Blank - filled by program
    359
    360	3629  E1 C4 ED AF B1 E5	AF+  FLD2_MSG0 DB _SARA_MAI_MALAI,_MO_MA,_MAI_EK,_CHO_CHANG,_DO_DEK,_SARA_E,_CHO_CHANG,_YO_YAK,	    +
    361	      C7 CF C6 D5 25 25	05   _SO_SUA,_RO_RUA,_SARA_A,_SPACE,_SPACE,END_OF_STRING
    362	3637  BB BF 25 34 25 76	75+  FLD2_MSG1 DB _PHO_PHAN,_BO_BAIMAI,_SPACE,_1,_SPACE,s_,p_,a_,c_,e_,_SPACE,_SPACE,_SPACE,	    +
    363	      64 66 60 25 25 25	05   END_OF_STRING
    364	3645  BB BF 25 37 25 76	75+  FLD2_MSG2 DB _PHO_PHAN,_BO_BAIMAI,_SPACE,_2,_SPACE,s_,p_,a_,c_,e_,s_,_SPACE,_SPACE,END_OF_STRING
    365	      64 66 60 76 25 25	05
    366	3653  BB BF 25 36 25 76	75+  FLD2_MSG3 DB _PHO_PHAN,_BO_BAIMAI,_SPACE,_3,_SPACE,s_,p_,a_,c_,e_,s_,_SPACE,_SPACE,END_OF_STRING
    367	      64 66 60 76 25 25	05
    368	3661  BB BF 25 31 25 76	75+  FLD2_MSG4 DB _PHO_PHAN,_BO_BAIMAI,_SPACE,_4,_SPACE,s_,p_,a_,c_,e_,s_,_SPACE,_SPACE,END_OF_STRING
    369	      64 66 60 76 25 25	05
    370	366F  BB BF 25 30 25 76	75+  FLD2_MSG5 DB _PHO_PHAN,_BO_BAIMAI,_SPACE,_5,_SPACE,s_,p_,a_,c_,e_,s_,_SPACE,_SPACE,END_OF_STRING
    371	      64 66 60 76 25 25	05
    372	367D  BB BF 25 33 25 76	75+  FLD2_MSG6 DB _PHO_PHAN,_BO_BAIMAI,_SPACE,_6,_SPACE,s_,p_,a_,c_,e_,s_,_SPACE,_SPACE,END_OF_STRING
    373	      64 66 60 76 25 25	05
    374	368B  BB BF 25 32 25 76	75+  FLD2_MSG7 DB _PHO_PHAN,_BO_BAIMAI,_SPACE,_7,_SPACE,s_,p_,a_,c_,e_,s_,_SPACE,_SPACE,END_OF_STRING
    375	      64 66 60 76 25 25	05
    376
    377	3699  C5 D7 CC D7 C8 D4	A2+  FLD3_MSG0 DB _PHO_SAMPHAO,_SARA_AA,_SO_RUSI,_SARA_AA,_O_ANG,_MAI_HAN_AKAT,_NGO_NGU,_KO_KAI,_RU,+
    378	      A4 C1 CC 25 25 25	05   _SO_RUSI,_SPACE,_SPACE,_SPACE,END_OF_STRING
    379	36A7  E1 B2 C7 E5 A4 CC	C4+  FLD3_MSG1 DB _SARA_MAI_MALAI,_THO_THAHAN,_YO_YAK,_SARA_E,_KO_KAI,_SO_RUSI,_MO_MA,_NO_NEN,	    +
    380	      B6 D0 25 25 25 25	05   _SARA_II,_SPACE,_SPACE,_SPACE,_SPACE,END_OF_STRING
    381	36B5  0D*(25) 05	     FLD3_MSG2 DB 13 DUP(_SPACE),END_OF_STRING	    ;Blank - filled by program
    382
    383	36C3  B0 D4 C2 E5 C0 A7	25+  FLD4_MSG0 DB _TO_TAO,_MAI_HAN_AKAT,_WO_WAEN,_SARA_E,_LO_LING,_KHO_KHAI,_SPACE,_SPACE,_SPACE,   +
    384	      25 25 25 25 25 25	05   _SPACE,_SPACE,_SPACE,_SPACE,END_OF_STRING
    385	36D1  E5 CF EC BC E5 B1	D0+  FLD4_MSG1 DB _SARA_E,_SO_SUA,_MAI_THO,_NO_NU,_SARA_E,_DO_DEK,_SARA_II,_MAI_EK,_YO_YAK,_WO_WAEN,+
    386	      ED C7 C2 25 25 25	05   _SPACE,_SPACE,_SPACE,END_OF_STRING
    387	36DF  E5 CF EC BC A1 DC	ED+  FLD4_MSG2 DB _SARA_E,_SO_SUA,_MAI_THO,_NO_NU,_KHO_KHWAI,_SARA_UU,_MAI_EK,_SPACE,_SPACE,_SPACE, +
    388	      25 25 25 25 25 25	05   _SPACE,_SPACE,_SPACE,END_OF_STRING
    389	36ED  B0 D4 C2 E4 C6 E5	A2+  FLD4_MSG3 DB _TO_TAO,_MAI_HAN_AKAT,_WO_WAEN,_SARA_EE,_RO_RUA,_SARA_E,_NGO_NGU,_SARA_AA,_SPACE, +
    390	      D7 25 25 25 25 25	05   _SPACE,_SPACE,_SPACE,_SPACE,END_OF_STRING
    391
    392				     ;======================================================================
    393				     ; Space character - A0H or	20H
    394				     ;======================================================================
    395	36FB  37 35 4D 0A*(25) 05    FLD5_MSG0 DB _2,_0,_H,10 DUP(_SPACE),END_OF_STRING
    396				     ;//GB//FLD5_MSG1 DB _A,_0,_H,10 DUP(_SPACE),END_OF_STRING
    397
    398				     ;======================================================================
    399				     ; Which printer?
Turbo Assembler	 Version 4.0	    08/05/04 21:42:06	    Page 8
GTHAI.asm



    400				     ; 1. Epson
    401				     ; 2. IBM Pro.
    402				     ;======================================================================
    403	3709  40 75 76 6A 6B 25	49+  FLD6_MSG0 DB _E,p_,s_,o_,n_,_SPACE,_L,_Q,_HYPHEN,_5,_5,_0,_SPACE,END_OF_STRING
    404	      54 28 30 30 35 25	05
    405	3717  4C 47 48 25 55 77	6A+  FLD6_MSG1 DB _I,_B,_M,_SPACE,_P,r_,o_,_PERIOD,_SPACE,_SPACE,_SPACE,_SPACE,_SPACE,END_OF_STRING
    406	      2B 25 25 25 25 25	05
    407
    408	3725  CF 2B C4 2B C8 2B	25+  FLD7_MSG0 DB _SO_SUA,_PERIOD,_MO_MA,_PERIOD,_O_ANG,_PERIOD,_SPACE,_SPACE,_SPACE,_SPACE,_SPACE, +
    409	      25 25 25 25 25 25	05   _SPACE,_SPACE,END_OF_STRING
    410	3733  0D*(25) 05	     FLD7_MSG1 DB 13 DUP(_SPACE),END_OF_STRING	    ;Blank - filled by program
    411	3741  CF 2B C4 2B C8 2B	25+  FLD7_MSG2 DB _SO_SUA,_PERIOD,_MO_MA,_PERIOD,_O_ANG,_PERIOD,_SPACE,_TO_TAO,_MAI_EK,_O_ANG,	    +
    412	      B0 ED C8 CE D4 C2	05   _HO_HIP,_MAI_HAN_AKAT,_WO_WAEN,END_OF_STRING
    413	374F  0D*(25) 05	     FLD7_MSG3 DB 13 DUP(_SPACE),END_OF_STRING	    ;Blank - filled by program
    414
    415	375D  C5 D7 CC D7 C8 D4	A2+  FLD8_MSG0 DB _PHO_SAMPHAO,_SARA_AA,_SO_RUSI,_SARA_AA,_O_ANG,_MAI_HAN_AKAT,_NGO_NGU,_KO_KAI,_RU,+
    416	      A4 C1 CC 25 25 25	05   _SO_RUSI,_SPACE,_SPACE,_SPACE,END_OF_STRING
    417	376B  E1 B2 C7 25 34 25	C6+  FLD8_MSG1 DB _SARA_MAI_MALAI,_THO_THAHAN,_YO_YAK,_SPACE,_1,_SPACE,_RO_RUA,_SARA_A,_DO_DEK,	    +
    418	      D5 B1 D4 BF 25 25	05   _MAI_HAN_AKAT,_BO_BAIMAI,_SPACE,_SPACE,END_OF_STRING
    419	3779  E1 B2 C7 25 36 25	C6+  FLD8_MSG2 DB _SARA_MAI_MALAI,_THO_THAHAN,_YO_YAK,_SPACE,_3,_SPACE,_RO_RUA,_SARA_A,_DO_DEK,	    +
    420	      D5 B1 D4 BF 25 25	05   _MAI_HAN_AKAT,_BO_BAIMAI,_SPACE,_SPACE,END_OF_STRING
    421	3787  E1 B2 C7 25 31 25	C6+  FLD8_MSG3 DB _SARA_MAI_MALAI,_THO_THAHAN,_YO_YAK,_SPACE,_4,_SPACE,_RO_RUA,_SARA_A,_DO_DEK,	    +
    422	      D5 B1 D4 BF 25 25	05   _MAI_HAN_AKAT,_BO_BAIMAI,_SPACE,_SPACE,END_OF_STRING
    423
    424	3795  00		     CUR_FLD  DB   0		     ;CURRENT MENU FIELD
    425
    426				     ;======================================================================
    427				     ; Critical	Error Handler
    428				     ;======================================================================
    429	3796			     CRIT_ERR PROC NEAR
    430	3796  E8 1880			     CALL  BEEP
    431	3799  32 C0			     XOR   AL,AL
    432	379B  CF			     IRET		     ;Return from interrupt.
    433	379C			     CRIT_ERR ENDP
    434
    435				     ;------------------------------------------------------------
    436	379C			     SAVE_SCREEN PROC  NEAR
    437				     ;------------------------------------------------------------
    438	379C  B8 0040			      MOV   AX,BIOS_SEG			     ;POINT DS TO BIOS DATA AREA
    439	379F  8E D8			      MOV   DS,AX
    440	37A1  A1 0050			      MOV   AX,WORD PTR	DS:[BIOS_CURSOR_ADDRESS]      ;Get cursor position for video page 0
    441	37A4  2E: A3 14A5r		      MOV   WORD PTR CS:[CURSOR_SAVE],AX
    442				     ;	       MOV   DS,CS:[VID_SEG]
    443				     ;	       MOV   BYTE PTR DS:[7FFFH],0
    444	37A8  2E: C6 06	0110r 00	      MOV  CS:VMODEFLAG, 0 ;//TEST//
    445	37AE  2E: 80 3E	0107r 00	      CMP   CS:[DISPMODE],ENGLISH
    446	37B4  75 22			      JNZ   @@Exit
    447	37B6  8C C8			      MOV   AX,CS
    448	37B8  8E C0			      MOV   ES,AX
    449	37BA  33 F6			      XOR   SI,SI
    450	37BC  BF 0504r			      MOV   DI,OFFSET VID_SAVE
    451	37BF  B9 07D0			      MOV   CX,SCREEN_SIZE
    452	37C2  F3> A5			      REPZ MOVSW	      ;Move wrd, DS:SI to ES:DI	++.
    453	37C4  2E: C6 06	0107r 02	      MOV   CS:[DISPMODE],THAI_25
    454	37CA  B8 0003			      MOV   AX,3
    455	37CD  2E: FF 16	0496r		      CALL  CS:[L04EAH]
    456	37D2  2E: C6 06	0107r 00	      MOV   CS:[DISPMODE],ENGLISH
Turbo Assembler	 Version 4.0	    08/05/04 21:42:06	    Page 9
GTHAI.asm



    457	37D8			     @@Exit:
    458	37D8  2E: 8E 06	04B0r		      MOV   ES,WORD PTR	CS:[VIDBUF]
    459	37DD  8C C8			      MOV   AX,CS
    460	37DF  8E D8			      MOV   DS,AX
    461	37E1  C3			      RET
    462	37E2			     SAVE_SCREEN ENDP
    463
    464				     ;------------------------------------------------------------
    465	37E2			     RESTORE_SCREEN PROC NEAR
    466				     ;------------------------------------------------------------
    467	37E2  BA 03CE			      MOV   DX,GRAPHICS_ADDRESS_REG
    468	37E5  B8 0001			      MOV   AX,1
    469	37E8  EF			      OUT   DX,AX
    470	37E9  2E: 80 3E	0107r 00	      CMP   CS:[DISPMODE],ENGLISH
    471	37EF  75 08			      JNZ   NOT_MODE_0
    472	37F1  B8 0003			      MOV   AX,3
    473	37F4  2E: FF 16	0496r		      CALL  CS:[L04EAH]
    474	37F9			     NOT_MODE_0:
    475	37F9  0E			      PUSH   CS
    476	37FA  1F			      POP    DS
    477	37FB  8E 06 04AEr		      MOV   ES,[VID_SEG]
    478	37FF  BE 0504r			      MOV   SI,OFFSET VID_SAVE
    479	3802  33 FF			      XOR   DI,DI
    480	3804  B9 07D0			      MOV   CX,SCREEN_SIZE
    481	3807			     RESTORE_LOOP:
    482	3807  AD			      LODSW			     ;Load AX with wrd at DS:SI	++.
    483	3808  80 E4 7F			      AND   AH,7FH		     ;Strip high bit of	AH
    484	380B  AB			      STOSW			     ;Store wrd	in AX in ES:DI ++.
    485	380C  E2 F9			      LOOP  RESTORE_LOOP	     ;Dec CX, loop if CX<>0.
    486	380E  8B 16 14A5r		      MOV   DX,WORD PTR	[CURSOR_SAVE] ;Restore cursor position
    487	3812  32 FF			      XOR   BH,BH
    488	3814  B4 02			      MOV   AH,VID_SET_CURSOR_POS     ;BIOS set	Cursor position
    489	3816  9C			      PUSHF			      ;Push flag register.
    490	3817  2E: FF 1E	04F4r		      CALL  DWORD PTR CS:[OLDINT10]   ;Call original vid int
    491				     ;	       MOV   BYTE PTR ES:[7FFFH],3
    492	381C  2E: C6 06	0110r 03	      MOV CS:VMODEFLAG,3 ;//TEST//
    493	3822  8C C8			      MOV   AX,CS
    494	3824  8E C0			      MOV   ES,AX
    495	3826  BF 0504r			      MOV   DI,OFFSET VID_SAVE
    496	3829  B9 07D0			      MOV   CX,SCREEN_SIZE
    497	382C  F3> AB			      REPZ STOSW	      ;Store wrd in AX in ES:DI	++.
    498	382E  C3			      RET
    499	382F			     RESTORE_SCREEN ENDP
    500
    501				     ;======================================================================
    502				     ; Display Control Panel to	allow user to change
    503				     ; configuration parameters
    504				     ;======================================================================
    505	382F			     PANEL PROC	 NEAR	 ;POP UP CONTROL PANEL
    506	382F  B4 25			      mov  ah,25h
    507	3831  B0 24			      mov  al,24h
    508	3833  0E			      push cs
    509	3834  1F			      pop  ds
    510	3835  BA 3796r			      mov  dx,offset CRIT_ERR
    511	3838  CD 21			      int  21h
    512
    513	383A  E8 FF5F			      CALL  SAVE_SCREEN
Turbo Assembler	 Version 4.0	    08/05/04 21:42:06	    Page 10
GTHAI.asm



    514	383D  C7 06 41C8r 0030		      MOV   [MENU_LEFT_COLUMN],PANEL_LEFT_COLUMN
    515	3843  C7 06 41CAr 0032		      MOV   [MENU_TOP_ROW],PANEL_TOP_ROW
    516	3849  C7 06 41CCr 0220		      MOV   [MENU_WIDTH],PANEL_WIDTH
    517	384F  C7 06 41CEr 0113		      MOV   [MENU_HEIGHT],PANEL_HEIGHT
    518	3855  C7 06 41D0r 0006		      MOV   [MENU_FRAME_WIDTH],PANEL_FRAME_WIDTH
    519	385B  C7 06 41D2r 0002		      MOV   [MENU_EDGE_WIDTH],PANEL_EDGE_WIDTH
    520	3861  C7 06 41D6r 0003		      MOV   [MENU_FRAME_COLOR],PANEL_FRAME_COLOR
    521	3867  C7 06 41D4r 0008		      MOV   [MENU_BACKGROUND_COLOR],PANEL_BG_COLOR
    522	386D  C7 06 41D8r 000B		      MOV   [MENU_EDGE_COLOR],PANEL_EDGE_COLOR
    523	3873  C7 06 41DAr 0000		      MOV   [MENU_SHADOW_COLOR],PANEL_SHADOW_COLOR
    524	3879  C7 06 41DCr 3E83r		      MOV   [MENU_TITLE_MSG],OFFSET MSG_GTHAI
    525	387F  E8 0C3A			      CALL  DO_MENU
    526				     ;----------------------------------------------------------------------
    527				     ; Show BBS	message
    528				     ;----------------------------------------------------------------------
    529	3882  B8 0000			      MOV   AX,BBSMSG_SHADOW
    530	3885  FF 16 049Ar		      CALL  [SET_SHADOW_COLOR]
    531	3889  B8 000F			      MOV   AX,BBSMSG_EDGE
    532	388C  FF 16 0498r		      CALL  [SET_EDGE_COLOR]
    533	3890  8B 0E 0475r		      MOV   CX,WORD PTR	[BBSMSG_COLUMN]
    534	3894  BA 00FA			      MOV   DX,BBSMSG_ROW
    535	3897  03 0E 41C8r		      ADD   CX,[MENU_LEFT_COLUMN]
    536	389B  03 16 41CAr		      ADD   DX,[MENU_TOP_ROW]
    537	389F  FF 16 049Cr		      CALL  [CURSOR_CALC]
    538	38A3  B9 00F2			      MOV   CX,(BBSMSG_LEN*8)+2
    539	38A6  BA 0000			      MOV   DX,0
    540	38A9  E8 094A			      CALL  DRAW_LINE
    541	38AC  B9 0000			      MOV   CX,0
    542	38AF  BA 000F			      MOV   DX,CHAR_HEIGHT
    543	38B2  E8 0941			      CALL  DRAW_LINE
    544	38B5  B8 0000			      MOV   AX,BBSMSG_SHADOW
    545	38B8  FF 16 0498r		      CALL  [SET_EDGE_COLOR]
    546	38BC  8B 0E 0475r		      MOV   CX,WORD PTR	[BBSMSG_COLUMN]
    547	38C0  81 C1 00F1		      ADD  CX,(BBSMSG_LEN*8)+1
    548	38C4  BA 0109			      MOV   DX,BBSMSG_ROW+CHAR_HEIGHT
    549	38C7  03 0E 41C8r		      ADD   CX,[MENU_LEFT_COLUMN]
    550	38CB  03 16 41CAr		      ADD   DX,[MENU_TOP_ROW]
    551	38CF  FF 16 049Cr		      CALL  [CURSOR_CALC]
    552	38D3  B9 FF0F			      MOV   CX,-((BBSMSG_LEN*8)+1)	   ;-113
    553	38D6  BA 0000			      MOV   DX,0
    554	38D9  E8 091A			      CALL  DRAW_LINE
    555	38DC  B9 0000			      MOV   CX,0
    556	38DF  BA FFF1			      MOV   DX,-CHAR_HEIGHT
    557	38E2  E8 0911			      CALL  DRAW_LINE
    558	38E5  C6 06 14A4r 74		      MOV   [TEXT_COLOR],BBSMSG_TEXT_COLOR
    559	38EA  8B 0E 0475r		      MOV   CX,WORD PTR	[BBSMSG_COLUMN]
    560	38EE  41			      INC   CX
    561	38EF  BA 00FB			      MOV   DX,BBSMSG_ROW+1		     ;226
    562	38F2  03 0E 41C8r		      ADD   CX,[MENU_LEFT_COLUMN]
    563	38F6  03 16 41CAr		      ADD   DX,[MENU_TOP_ROW]
    564	38FA  FF 16 049Cr		      CALL  [CURSOR_CALC]
    565	38FE  BE 0477r			      MOV   SI,OFFSET MSG_BBS
    566	3901  E8 09FA			      CALL  DO_MSG
    567
    568	3904  B8 0000			      MOV   AX,BLACK
    569	3907  FF 16 049Ar		      CALL  [SET_SHADOW_COLOR]
    570	390B  B9 000A			      MOV   CX,10
Turbo Assembler	 Version 4.0	    08/05/04 21:42:06	    Page 11
GTHAI.asm



    571	390E  BA 001E			      MOV   DX,30
    572	3911  03 0E 41C8r		      ADD   CX,[MENU_LEFT_COLUMN]
    573	3915  03 16 41CAr		      ADD   DX,[MENU_TOP_ROW]
    574	3919  FF 16 049Cr		      CALL  [CURSOR_CALC]
    575	391D  B8 0000			      MOV   AX,BLACK
    576	3920  FF 16 0498r		      CALL  [SET_EDGE_COLOR]
    577	3924  B9 00FA			      MOV   CX,250
    578	3927  BA 00A8			      MOV   DX,168
    579	392A  E8 093F			      CALL  L42A8H
    580	392D  B8 0000			      MOV   AX,BLACK
    581	3930  FF 16 0498r		      CALL  [SET_EDGE_COLOR]
    582	3934  B9 00FA			      MOV   CX,250
    583	3937  BA 0000			      MOV   DX,0
    584	393A  E8 08B9			      CALL  DRAW_LINE
    585	393D  B9 0000			      MOV   CX,0
    586	3940  BA 00A8			      MOV   DX,168
    587	3943  E8 08B0			      CALL  DRAW_LINE
    588	3946  B8 0007			      MOV   AX,WHITE
    589	3949  FF 16 0498r		      CALL  [SET_EDGE_COLOR]
    590	394D  B9 0104			      MOV   CX,260
    591	3950  BA 00C6			      MOV   DX,198
    592	3953  03 0E 41C8r		      ADD   CX,[MENU_LEFT_COLUMN]
    593	3957  03 16 41CAr		      ADD   DX,[MENU_TOP_ROW]
    594	395B  FF 16 049Cr		      CALL  [CURSOR_CALC]
    595	395F  B9 FF06			      MOV   CX,-250
    596	3962  BA 0000			      MOV   DX,0
    597	3965  E8 088E			      CALL  DRAW_LINE
    598	3968  B9 0000			      MOV   CX,0
    599	396B  BA FF58			      MOV   DX,-168
    600	396E  E8 0885			      CALL  DRAW_LINE
    601	3971  B8 0000			      MOV   AX,BLACK
    602	3974  FF 16 049Ar		      CALL  [SET_SHADOW_COLOR]
    603	3978  B9 0118			      MOV   CX,280
    604	397B  BA 001E			      MOV   DX,30
    605	397E  03 0E 41C8r		      ADD   CX,[MENU_LEFT_COLUMN]
    606	3982  03 16 41CAr		      ADD   DX,[MENU_TOP_ROW]
    607	3986  FF 16 049Cr		      CALL  [CURSOR_CALC]
    608	398A  B8 0000			      MOV   AX,BLACK
    609	398D  FF 16 0498r		      CALL  [SET_EDGE_COLOR]
    610	3991  B9 00FA			      MOV   CX,250
    611	3994  BA 00A8			      MOV   DX,168
    612	3997  E8 08D2			      CALL  L42A8H
    613	399A  B8 0000			      MOV   AX,BLACK
    614	399D  FF 16 0498r		      CALL  [SET_EDGE_COLOR]
    615	39A1  B9 00FA			      MOV   CX,250
    616	39A4  BA 0000			      MOV   DX,0
    617	39A7  E8 084C			      CALL  DRAW_LINE
    618	39AA  B9 0000			      MOV   CX,0
    619	39AD  BA 00A8			      MOV   DX,168
    620	39B0  E8 0843			      CALL  DRAW_LINE
    621	39B3  B8 0007			      MOV   AX,WHITE
    622	39B6  FF 16 0498r		      CALL  [SET_EDGE_COLOR]
    623	39BA  B9 0212			      MOV   CX,530
    624	39BD  BA 00C6			      MOV   DX,198
    625	39C0  03 0E 41C8r		      ADD   CX,[MENU_LEFT_COLUMN]
    626	39C4  03 16 41CAr		      ADD   DX,[MENU_TOP_ROW]
    627	39C8  FF 16 049Cr		      CALL  [CURSOR_CALC]
Turbo Assembler	 Version 4.0	    08/05/04 21:42:06	    Page 12
GTHAI.asm



    628	39CC  B9 FF06			      MOV   CX,-250
    629	39CF  BA 0000			      MOV   DX,0
    630	39D2  E8 0821			      CALL  DRAW_LINE
    631	39D5  B9 0000			      MOV   CX,0
    632	39D8  BA FF58			      MOV   DX,-168
    633	39DB  E8 0818			      CALL  DRAW_LINE
    634				     ;----------------------------------------------------------------------
    635				     ; Show SETTING button
    636				     ;----------------------------------------------------------------------
    637	39DE  B8 0000			      MOV   AX,MSG_SETTING_SHADOW
    638	39E1  FF 16 049Ar		      CALL  [SET_SHADOW_COLOR]
    639	39E5  B8 000F			      MOV   AX,MSG_SETTING_EDGE
    640	39E8  FF 16 0498r		      CALL  [SET_EDGE_COLOR]
    641	39EC  B9 005F			      MOV   CX,MSG_SETTING_X
    642	39EF  BA 0009			      MOV   DX,MSG_SETTING_Y
    643	39F2  03 0E 41C8r		      ADD   CX,[MENU_LEFT_COLUMN]
    644	39F6  03 16 41CAr		      ADD   DX,[MENU_TOP_ROW]
    645	39FA  FF 16 049Cr		      CALL  [CURSOR_CALC]
    646	39FE  B9 0052			      MOV   CX,(MSG_SETTING_LEN*8)+2
    647	3A01  BA 0000			      MOV   DX,0
    648	3A04  E8 07EF			      CALL  DRAW_LINE
    649	3A07  B9 0000			      MOV   CX,0
    650	3A0A  BA 000F			      MOV   DX,CHAR_HEIGHT
    651	3A0D  E8 07E6			      CALL  DRAW_LINE
    652	3A10  B8 0000			      MOV   AX,MSG_SETTING_SHADOW
    653	3A13  FF 16 0498r		      CALL  [SET_EDGE_COLOR]
    654	3A17  B9 00B0			      MOV   CX,MSG_SETTING_X+(MSG_SETTING_LEN*8)+1
    655	3A1A  BA 0018			      MOV   DX,MSG_SETTING_Y+CHAR_HEIGHT
    656	3A1D  03 0E 41C8r		      ADD   CX,[MENU_LEFT_COLUMN]
    657	3A21  03 16 41CAr		      ADD   DX,[MENU_TOP_ROW]
    658	3A25  FF 16 049Cr		      CALL  [CURSOR_CALC]
    659	3A29  B9 FFAF			      MOV   CX,-((MSG_SETTING_LEN*8)+1)
    660	3A2C  BA 0000			      MOV   DX,0
    661	3A2F  E8 07C4			      CALL  DRAW_LINE
    662	3A32  B9 0000			      MOV   CX,0
    663	3A35  BA FFF1			      MOV   DX,-CHAR_HEIGHT
    664	3A38  E8 07BB			      CALL  DRAW_LINE
    665	3A3B  C6 06 14A4r 70		      MOV   [TEXT_COLOR],MSG_SETTING_TEXT_COLOR
    666	3A40  B9 0060			      MOV   CX,MSG_SETTING_X+1
    667	3A43  BA 000A			      MOV   DX,MSG_SETTING_Y+1
    668	3A46  03 0E 41C8r		      ADD   CX,[MENU_LEFT_COLUMN]
    669	3A4A  03 16 41CAr		      ADD   DX,[MENU_TOP_ROW]
    670	3A4E  FF 16 049Cr		      CALL  [CURSOR_CALC]
    671	3A52  BE 3EB3r			      MOV   SI,OFFSET MSG_SETTING
    672	3A55  E8 08A6			      CALL  DO_MSG
    673				     ;----------------------------------------------------------------------
    674				     ; Show HELPING button
    675				     ;----------------------------------------------------------------------
    676	3A58  B8 0000			      MOV   AX,MSG_HELPING_SHADOW
    677	3A5B  FF 16 049Ar		      CALL  [SET_SHADOW_COLOR]
    678	3A5F  B8 000F			      MOV   AX,MSG_HELPING_EDGE
    679	3A62  FF 16 0498r		      CALL  [SET_EDGE_COLOR]
    680	3A66  B9 0177			      MOV   CX,MSG_HELPING_X
    681	3A69  BA 0009			      MOV   DX,MSG_HELPING_Y
    682	3A6C  03 0E 41C8r		      ADD   CX,[MENU_LEFT_COLUMN]
    683	3A70  03 16 41CAr		      ADD   DX,[MENU_TOP_ROW]
    684	3A74  FF 16 049Cr		      CALL  [CURSOR_CALC]
Turbo Assembler	 Version 4.0	    08/05/04 21:42:06	    Page 13
GTHAI.asm



    685	3A78  B9 0052			      MOV   CX,(MSG_HELPING_LEN*8)+2
    686	3A7B  BA 0000			      MOV   DX,0
    687	3A7E  E8 0775			      CALL  DRAW_LINE
    688	3A81  B9 0000			      MOV   CX,0
    689	3A84  BA 000F			      MOV   DX,CHAR_HEIGHT
    690	3A87  E8 076C			      CALL  DRAW_LINE
    691	3A8A  B8 0000			      MOV   AX,MSG_HELPING_SHADOW
    692	3A8D  FF 16 0498r		      CALL  [SET_EDGE_COLOR]
    693	3A91  B9 01C8			      MOV   CX,MSG_HELPING_X+(MSG_HELPING_LEN*8)+1
    694	3A94  BA 0018			      MOV   DX,MSG_HELPING_Y+CHAR_HEIGHT
    695	3A97  03 0E 41C8r		      ADD   CX,[MENU_LEFT_COLUMN]
    696	3A9B  03 16 41CAr		      ADD   DX,[MENU_TOP_ROW]
    697	3A9F  FF 16 049Cr		      CALL  [CURSOR_CALC]
    698	3AA3  B9 FFAF			      MOV   CX,-((MSG_HELPING_LEN*8)+1)
    699	3AA6  BA 0000			      MOV   DX,0
    700	3AA9  E8 074A			      CALL  DRAW_LINE
    701	3AAC  B9 0000			      MOV   CX,0
    702	3AAF  BA FFF1			      MOV   DX,-CHAR_HEIGHT
    703	3AB2  E8 0741			      CALL  DRAW_LINE
    704	3AB5  C6 06 14A4r 70		      MOV   [TEXT_COLOR],MSG_HELPING_TEXT_COLOR
    705	3ABA  B9 0178			      MOV   CX,MSG_HELPING_X+1
    706	3ABD  BA 000A			      MOV   DX,MSG_HELPING_Y+1
    707	3AC0  03 0E 41C8r		      ADD   CX,[MENU_LEFT_COLUMN]
    708	3AC4  03 16 41CAr		      ADD   DX,[MENU_TOP_ROW]
    709	3AC8  FF 16 049Cr		      CALL  [CURSOR_CALC]
    710	3ACC  BE 3EBEr			      MOV   SI,OFFSET PANEL_MSG_HELPING
    711	3ACF  E8 082C			      CALL  DO_MSG
    712				     ;----------------------------------------------------------------------
    713				     ; Show VERSION button
    714				     ;----------------------------------------------------------------------
    715	3AD2  B8 0000			      MOV   AX,BLACK
    716	3AD5  FF 16 049Ar		      CALL  [SET_SHADOW_COLOR]
    717	3AD9  B8 000F			      MOV   AX,BRIGHT_WHITE
    718	3ADC  FF 16 0498r		      CALL  [SET_EDGE_COLOR]
    719	3AE0  B9 00C7			      MOV   CX,MSG_VERSION_X
    720	3AE3  BA 00D1			      MOV   DX,MSG_VERSION_Y
    721	3AE6  03 0E 41C8r		      ADD   CX,[MENU_LEFT_COLUMN]
    722	3AEA  03 16 41CAr		      ADD   DX,[MENU_TOP_ROW]
    723	3AEE  FF 16 049Cr		      CALL  [CURSOR_CALC]
    724	3AF2  B9 0092			      MOV   CX,(P_MSG_VERSION_LEN*8)+2
    725	3AF5  BA 0000			      MOV   DX,0
    726	3AF8  E8 06FB			      CALL  DRAW_LINE
    727	3AFB  B9 0000			      MOV   CX,0
    728	3AFE  BA 000F			      MOV   DX,CHAR_HEIGHT
    729	3B01  E8 06F2			      CALL  DRAW_LINE
    730	3B04  B8 0000			      MOV   AX,MSG_VERSION_SHADOW
    731	3B07  FF 16 0498r		      CALL  [SET_EDGE_COLOR]
    732	3B0B  B9 0158			      MOV   CX,MSG_VERSION_X+(P_MSG_VERSION_LEN*8)+1
    733	3B0E  BA 00E0			      MOV   DX,MSG_VERSION_Y+CHAR_HEIGHT
    734	3B11  03 0E 41C8r		      ADD   CX,[MENU_LEFT_COLUMN]
    735	3B15  03 16 41CAr		      ADD   DX,[MENU_TOP_ROW]
    736	3B19  FF 16 049Cr		      CALL  [CURSOR_CALC]
    737	3B1D  B9 FF6F			      MOV   CX,-((P_MSG_VERSION_LEN*8)+1)
    738	3B20  BA 0000			      MOV   DX,0
    739	3B23  E8 06D0			      CALL  DRAW_LINE
    740	3B26  B9 0000			      MOV   CX,0
    741	3B29  BA FFF1			      MOV   DX,-CHAR_HEIGHT
Turbo Assembler	 Version 4.0	    08/05/04 21:42:06	    Page 14
GTHAI.asm



    742	3B2C  E8 06C7			      CALL  DRAW_LINE
    743	3B2F  C6 06 14A4r 70		      MOV   [TEXT_COLOR],MSG_VERSION_TEXT_COLOR
    744	3B34  B9 00C8			      MOV   CX,MSG_VERSION_X+1
    745	3B37  BA 00D2			      MOV   DX,MSG_VERSION_Y+1
    746	3B3A  03 0E 41C8r		      ADD   CX,[MENU_LEFT_COLUMN]
    747	3B3E  03 16 41CAr		      ADD   DX,[MENU_TOP_ROW]
    748	3B42  FF 16 049Cr		      CALL  [CURSOR_CALC]
    749	3B46  BE 3EC9r			      MOV   SI,OFFSET PANEL_MSG_VERSION
    750	3B49  E8 07B2			      CALL  DO_MSG
    751
    752				     ;----------------------------------------------------------------------
    753				     ; Show F2 - SAVE OPTIONS button
    754				     ;----------------------------------------------------------------------
    755	3B4C  B8 0000			      MOV   AX,MSG_F2_SHADOW
    756	3B4F  FF 16 049Ar		      CALL  [SET_SHADOW_COLOR]
    757	3B53  B8 000F			      MOV   AX,MSG_F2_EDGE
    758	3B56  FF 16 0498r		      CALL  [SET_EDGE_COLOR]
    759	3B5A  B9 0017			      MOV   CX,MSG_F2_X
    760	3B5D  BA 00E1			      MOV   DX,MSG_F2_Y
    761	3B60  03 0E 41C8r		      ADD   CX,[MENU_LEFT_COLUMN]
    762	3B64  03 16 41CAr		      ADD   DX,[MENU_TOP_ROW]
    763	3B68  FF 16 049Cr		      CALL  [CURSOR_CALC]
    764	3B6C  B9 00A2			      MOV   CX,(MSG_F2_LEN*8)+2
    765	3B6F  BA 0000			      MOV   DX,0
    766	3B72  E8 0681			      CALL  DRAW_LINE
    767	3B75  B9 0000			      MOV   CX,0
    768	3B78  BA 000F			      MOV   DX,CHAR_HEIGHT
    769	3B7B  E8 0678			      CALL  DRAW_LINE
    770	3B7E  B8 0000			      MOV   AX,MSG_F2_SHADOW
    771	3B81  FF 16 0498r		      CALL  [SET_EDGE_COLOR]
    772	3B85  B9 00B8			      MOV   CX,MSG_F2_X+(MSG_F2_LEN*8)+1
    773	3B88  BA 00F0			      MOV   DX,MSG_F2_Y+CHAR_HEIGHT
    774	3B8B  03 0E 41C8r		      ADD   CX,[MENU_LEFT_COLUMN]
    775	3B8F  03 16 41CAr		      ADD   DX,[MENU_TOP_ROW]
    776	3B93  FF 16 049Cr		      CALL  [CURSOR_CALC]
    777	3B97  B9 FF5F			      MOV   CX,-((MSG_F2_LEN*8)+1)
    778	3B9A  BA 0000			      MOV   DX,0
    779	3B9D  E8 0656			      CALL  DRAW_LINE
    780	3BA0  B9 0000			      MOV   CX,0
    781	3BA3  BA FFF1			      MOV   DX,-CHAR_HEIGHT
    782	3BA6  E8 064D			      CALL  DRAW_LINE
    783	3BA9  C6 06 14A4r 70		      MOV   [TEXT_COLOR],MSG_F2_TEXT_COLOR
    784	3BAE  B9 0018			      MOV   CX,MSG_F2_X+1
    785	3BB1  BA 00E2			      MOV   DX,MSG_F2_Y+1
    786	3BB4  03 0E 41C8r		      ADD   CX,[MENU_LEFT_COLUMN]
    787	3BB8  03 16 41CAr		      ADD   DX,[MENU_TOP_ROW]
    788	3BBC  FF 16 049Cr		      CALL  [CURSOR_CALC]
    789	3BC0  BE 3EECr			      MOV   SI,OFFSET PANEL_MSG_F2
    790	3BC3  E8 0738			      CALL  DO_MSG
    791				     ;----------------------------------------------------------------------
    792				     ; Show ESC	button
    793				     ;----------------------------------------------------------------------
    794	3BC6  B8 0000			      MOV   AX,BLACK
    795	3BC9  FF 16 049Ar		      CALL  [SET_SHADOW_COLOR]
    796	3BCD  B8 000F			      MOV   AX,BRIGHT_WHITE
    797	3BD0  FF 16 0498r		      CALL  [SET_EDGE_COLOR]
    798	3BD4  B9 017F			      MOV   CX,ESC_MSG_X
Turbo Assembler	 Version 4.0	    08/05/04 21:42:06	    Page 15
GTHAI.asm



    799	3BD7  BA 00E1			      MOV   DX,ESC_MSG_Y
    800	3BDA  03 0E 41C8r		      ADD   CX,[MENU_LEFT_COLUMN]
    801	3BDE  03 16 41CAr		      ADD   DX,[MENU_TOP_ROW]
    802	3BE2  FF 16 049Cr		      CALL  [CURSOR_CALC]
    803	3BE6  B9 0062			      MOV   CX,(P_ESC_MSG_LEN*8)+2
    804	3BE9  BA 0000			      MOV   DX,0
    805	3BEC  E8 0607			      CALL  DRAW_LINE
    806	3BEF  B9 0000			      MOV   CX,0
    807	3BF2  BA 000F			      MOV   DX,CHAR_HEIGHT
    808	3BF5  E8 05FE			      CALL  DRAW_LINE
    809	3BF8  B8 0000			      MOV   AX,BLACK
    810	3BFB  FF 16 0498r		      CALL  [SET_EDGE_COLOR]
    811	3BFF  B9 01E0			      MOV   CX,ESC_MSG_X+(P_ESC_MSG_LEN*8)+1
    812	3C02  BA 00F0			      MOV   DX,ESC_MSG_Y+CHAR_HEIGHT
    813	3C05  03 0E 41C8r		      ADD   CX,[MENU_LEFT_COLUMN]
    814	3C09  03 16 41CAr		      ADD   DX,[MENU_TOP_ROW]
    815	3C0D  FF 16 049Cr		      CALL  [CURSOR_CALC]
    816	3C11  B9 FF9F			      MOV   CX,-((P_ESC_MSG_LEN*8)+1)
    817	3C14  BA 0000			      MOV   DX,0
    818	3C17  E8 05DC			      CALL  DRAW_LINE
    819	3C1A  B9 0000			      MOV   CX,0
    820	3C1D  BA FFF1			      MOV   DX,-CHAR_HEIGHT
    821	3C20  E8 05D3			      CALL  DRAW_LINE
    822	3C23  C6 06 14A4r 70		      MOV   [TEXT_COLOR],(WHITE_BG + BLACK)
    823	3C28  B9 0180			      MOV   CX,ESC_MSG_X+1
    824	3C2B  BA 00E2			      MOV   DX,ESC_MSG_Y+1
    825	3C2E  03 0E 41C8r		      ADD   CX,[MENU_LEFT_COLUMN]
    826	3C32  03 16 41CAr		      ADD   DX,[MENU_TOP_ROW]
    827	3C36  FF 16 049Cr		      CALL  [CURSOR_CALC]
    828	3C3A  BE 3F01r			      MOV   SI,OFFSET PANEL_MSG_ESC
    829	3C3D  E8 06BE			      CALL  DO_MSG
    830				     ;----------------------------------------------------------------------
    831				     ; Display KEYTICK message
    832				     ;----------------------------------------------------------------------
    833	3C40  C6 06 14A4r 07		      MOV   [TEXT_COLOR],PANEL_TEXT_COLOR
    834	3C45  B9 0136			      MOV   CX,MSG_KEYTICK_X
    835	3C48  BA 0028			      MOV   DX,MSG_KEYTICK_Y
    836	3C4B  03 0E 41C8r		      ADD   CX,[MENU_LEFT_COLUMN]
    837	3C4F  03 16 41CAr		      ADD   DX,[MENU_TOP_ROW]
    838	3C53  FF 16 049Cr		      CALL  [CURSOR_CALC]
    839	3C57  BE 3F0Er			      MOV   SI,OFFSET MSG_KEYTICK
    840	3C5A  E8 06A1			      CALL  DO_MSG
    841				     ;----------------------------------------------------------------------
    842				     ; Display CTRL-TICK message
    843				     ;----------------------------------------------------------------------
    844	3C5D  B9 0136			      MOV   CX,MSG_CTRLTICK_X
    845	3C60  BA 0038			      MOV   DX,MSG_CTRLTICK_Y
    846	3C63  03 0E 41C8r		      ADD   CX,[MENU_LEFT_COLUMN]
    847	3C67  03 16 41CAr		      ADD   DX,[MENU_TOP_ROW]
    848	3C6B  FF 16 049Cr		      CALL  [CURSOR_CALC]
    849	3C6F  BE 3F25r			      MOV   SI,OFFSET MSG_CTRLTICK
    850	3C72  E8 0689			      CALL  DO_MSG
    851				     ;----------------------------------------------------------------------
    852				     ; Display ALT-TICK	message
    853				     ;----------------------------------------------------------------------
    854	3C75  B9 0136			      MOV   CX,MSG_ALTTICK_X
    855	3C78  BA 0048			      MOV   DX,MSG_ALTTICK_Y
Turbo Assembler	 Version 4.0	    08/05/04 21:42:06	    Page 16
GTHAI.asm



    856	3C7B  03 0E 41C8r		      ADD   CX,[MENU_LEFT_COLUMN]
    857	3C7F  03 16 41CAr		      ADD   DX,[MENU_TOP_ROW]
    858	3C83  FF 16 049Cr		      CALL  [CURSOR_CALC]
    859	3C87  BE 3F3Er			      MOV   SI,OFFSET MSG_ALTTICK
    860	3C8A  E8 0671			      CALL  DO_MSG
    861				     ;----------------------------------------------------------------------
    862				     ; Display BACKSLASH message
    863				     ;----------------------------------------------------------------------
    864	3C8D  B9 0136			      MOV   CX,MSG_BACKSLASH_X
    865	3C90  BA 0058			      MOV   DX,MSG_BACKSLASH_Y
    866	3C93  03 0E 41C8r		      ADD   CX,[MENU_LEFT_COLUMN]
    867	3C97  03 16 41CAr		      ADD   DX,[MENU_TOP_ROW]
    868	3C9B  FF 16 049Cr		      CALL  [CURSOR_CALC]
    869	3C9F  BE 3F5Ar			      MOV   SI,OFFSET MSG_BACKSLASH
    870	3CA2  E8 0659			      CALL  DO_MSG
    871				     ;----------------------------------------------------------------------
    872				     ; Display FIELD1_PROMPT
    873				     ;----------------------------------------------------------------------
    874	3CA5  B9 0016			      MOV   CX,FIELD1_PROMPT_X
    875	3CA8  BA 0028			      MOV   DX,FIELD1_PROMPT_Y
    876	3CAB  03 0E 41C8r		      ADD   CX,[MENU_LEFT_COLUMN]
    877	3CAF  03 16 41CAr		      ADD   DX,[MENU_TOP_ROW]
    878	3CB3  FF 16 049Cr		      CALL  [CURSOR_CALC]
    879	3CB7  BE 3F71r			      MOV   SI,OFFSET FIELD1_PROMPT
    880	3CBA  E8 0641			      CALL  DO_MSG
    881				     ;----------------------------------------------------------------------
    882				     ; Display FIELD2_PROMPT
    883				     ;----------------------------------------------------------------------
    884	3CBD  B9 0016			      MOV   CX,FIELD2_PROMPT_X
    885	3CC0  BA 0038			      MOV   DX,FIELD2_PROMPT_Y
    886	3CC3  03 0E 41C8r		      ADD   CX,[MENU_LEFT_COLUMN]
    887	3CC7  03 16 41CAr		      ADD   DX,[MENU_TOP_ROW]
    888	3CCB  FF 16 049Cr		      CALL  [CURSOR_CALC]
    889	3CCF  BE 3F80r			      MOV   SI,OFFSET FIELD2_PROMPT
    890	3CD2  E8 0629			      CALL  DO_MSG
    891				     ;----------------------------------------------------------------------
    892				     ; Display FIELD3_PROMPT
    893				     ;----------------------------------------------------------------------
    894	3CD5  B9 0016			      MOV   CX,FIELD3_PROMPT_X
    895	3CD8  BA 0048			      MOV   DX,FIELD3_PROMPT_Y
    896	3CDB  03 0E 41C8r		      ADD   CX,[MENU_LEFT_COLUMN]
    897	3CDF  03 16 41CAr		      ADD   DX,[MENU_TOP_ROW]
    898	3CE3  FF 16 049Cr		      CALL  [CURSOR_CALC]
    899	3CE7  BE 3F8Cr			      MOV   SI,OFFSET FIELD3_PROMPT
    900	3CEA  E8 0611			      CALL  DO_MSG
    901				     ;----------------------------------------------------------------------
    902				     ; Display FIELD4_PROMPT
    903				     ;----------------------------------------------------------------------
    904	3CED  B9 0016			      MOV   CX,FIELD4_PROMPT_X
    905	3CF0  BA 0058			      MOV   DX,FIELD4_PROMPT_Y
    906	3CF3  03 0E 41C8r		      ADD   CX,[MENU_LEFT_COLUMN]
    907	3CF7  03 16 41CAr		      ADD   DX,[MENU_TOP_ROW]
    908	3CFB  FF 16 049Cr		      CALL  [CURSOR_CALC]
    909	3CFF  BE 3F9Ar			      MOV   SI,OFFSET FIELD4_PROMPT
    910	3D02  E8 05F9			      CALL  DO_MSG
    911				     ;----------------------------------------------------------------------
    912				     ; Display FIELD5_PROMPT
Turbo Assembler	 Version 4.0	    08/05/04 21:42:06	    Page 17
GTHAI.asm



    913				     ;----------------------------------------------------------------------
    914	3D05  B9 0016			      MOV   CX,FIELD5_PROMPT_X
    915	3D08  BA 0068			      MOV   DX,FIELD5_PROMPT_Y
    916	3D0B  03 0E 41C8r		      ADD   CX,[MENU_LEFT_COLUMN]
    917	3D0F  03 16 41CAr		      ADD   DX,[MENU_TOP_ROW]
    918	3D13  FF 16 049Cr		      CALL  [CURSOR_CALC]
    919	3D17  BE 3FA4r			      MOV   SI,OFFSET FIELD5_PROMPT
    920	3D1A  E8 05E1			      CALL  DO_MSG
    921				     ;----------------------------------------------------------------------
    922				     ; Display PROMPT_SPACE prompt (field 6)
    923				     ;----------------------------------------------------------------------
    924	3D1D  B9 0016			      MOV   CX,PROMPT_SPACE_X
    925	3D20  BA 0078			      MOV   DX,PROMPT_SPACE_Y
    926	3D23  03 0E 41C8r		      ADD   CX,[MENU_LEFT_COLUMN]
    927	3D27  03 16 41CAr		      ADD   DX,[MENU_TOP_ROW]
    928	3D2B  FF 16 049Cr		      CALL  [CURSOR_CALC]
    929	3D2F  BE 3FAEr			      MOV   SI,OFFSET PROMPT_SPACE
    930	3D32  E8 05C9			      CALL  DO_MSG
    931				     ;----------------------------------------------------------------------
    932				     ; Display FIELD7_PROMPT
    933				     ;----------------------------------------------------------------------
    934	3D35  B9 0016			      MOV   CX,FIELD7_PROMPT_X
    935	3D38  BA 0088			      MOV   DX,FIELD7_PROMPT_Y
    936	3D3B  03 0E 41C8r		      ADD   CX,[MENU_LEFT_COLUMN]
    937	3D3F  03 16 41CAr		      ADD   DX,[MENU_TOP_ROW]
    938	3D43  FF 16 049Cr		      CALL  [CURSOR_CALC]
    939	3D47  BE 3FBCr			      MOV   SI,OFFSET FIELD7_PROMPT
    940	3D4A  E8 05B1			      CALL  DO_MSG
    941				     ;----------------------------------------------------------------------
    942				     ; Display FIELD8_PROMPT
    943				     ;----------------------------------------------------------------------
    944	3D4D  B9 0016			      MOV   CX,FIELD8_PROMPT_X
    945	3D50  BA 0098			      MOV   DX,FIELD8_PROMPT_Y
    946	3D53  03 0E 41C8r		      ADD   CX,[MENU_LEFT_COLUMN]
    947	3D57  03 16 41CAr		      ADD   DX,[MENU_TOP_ROW]
    948	3D5B  FF 16 049Cr		      CALL  [CURSOR_CALC]
    949	3D5F  BE 3FCDr			      MOV   SI,OFFSET FIELD8_PROMPT
    950	3D62  E8 0599			      CALL  DO_MSG
    951				     ;----------------------------------------------------------------------
    952				     ; Display FIELD9_PROMPT
    953				     ;----------------------------------------------------------------------
    954	3D65  B9 0016			      MOV   CX,FIELD9_PROMPT_X
    955	3D68  BA 00A8			      MOV   DX,FIELD9_PROMPT_Y
    956	3D6B  03 0E 41C8r		      ADD   CX,[MENU_LEFT_COLUMN]
    957	3D6F  03 16 41CAr		      ADD   DX,[MENU_TOP_ROW]
    958	3D73  FF 16 049Cr		      CALL  [CURSOR_CALC]
    959	3D77  BE 3FDEr			      MOV   SI,OFFSET FIELD9_PROMPT
    960	3D7A  E8 0581			      CALL  DO_MSG
    961				     ;----------------------------------------------------------------------
    962	      =0096		     OPTION_FIELD_X = 150
    963				     ;----------------------------------------------------------------------
    964	3D7D			     PANEL_KEY_ENTRY:
    965	3D7D  BB 0008			      MOV   BX,8H
    966	3D80			     DISPLOOP:
    967	3D80  8A 87 0107r		      MOV   AL,BYTE PTR	[BX]+OFFSET OPTION_TABLE
    968	3D84  8B F3			      MOV   SI,BX
    969	3D86			     FLDLOOP:
Turbo Assembler	 Version 4.0	    08/05/04 21:42:06	    Page 18
GTHAI.asm



    970	3D86  4E			      DEC   SI
    971	3D87  7C 06			      JL    SKIP1	      ;All fields done,	exit loop
    972	3D89  02 84 35DAr		      ADD   AL,BYTE PTR	[SI]+MAXOPT0
    973	3D8D  EB F7			      JMP   SHORT FLDLOOP     ;Loop through all	fields
    974	3D8F			     SKIP1:
    975	3D8F  B1 0E			      MOV   CL,14	      ;Length of field messages
    976	3D91  F6 E1			      MUL   CL		      ;Multiply	AL * 14
    977	3D93  BE 35E3r			      MOV   SI,OFFSET MSG22
    978	3D96  03 F0			      ADD   SI,AX
    979	3D98  B9 0096			      MOV   CX,OPTION_FIELD_X
    980	3D9B  8B D3			      MOV   DX,BX
    981	3D9D  D1 E2			      SHL   DX,1
    982	3D9F  D1 E2			      SHL   DX,1
    983	3DA1  D1 E2			      SHL   DX,1
    984	3DA3  D1 E2			      SHL   DX,1
    985	3DA5  83 C2 28			      ADD   DX,40
    986	3DA8  03 0E 41C8r		      ADD   CX,[MENU_LEFT_COLUMN]
    987	3DAC  03 16 41CAr		      ADD   DX,[MENU_TOP_ROW]
    988	3DB0  FF 16 049Cr		      CALL  [CURSOR_CALC]
    989	3DB4  E8 0547			      CALL  DO_MSG
    990	3DB7  4B			      DEC   BX
    991	3DB8  7D C6			      JGE   DISPLOOP
    992	3DBA			     MENULOOP:
    993	3DBA  B8 000E			      MOV   AX,YELLOW
    994	3DBD  FF 16 0498r		      CALL  [SET_EDGE_COLOR]
    995	3DC1  B9 008E			      MOV   CX,142
    996	3DC4  32 F6			      XOR   DH,DH
    997	3DC6  8A 16 3795r		      MOV   DL,[CUR_FLD]
    998	3DCA  D1 E2			      SHL   DX,1
    999	3DCC  D1 E2			      SHL   DX,1
   1000	3DCE  D1 E2			      SHL   DX,1
   1001	3DD0  D1 E2			      SHL   DX,1
   1002	3DD2  83 C2 28			      ADD   DX,40
   1003	3DD5  03 0E 41C8r		      ADD   CX,[MENU_LEFT_COLUMN]
   1004	3DD9  03 16 41CAr		      ADD   DX,[MENU_TOP_ROW]
   1005	3DDD  FF 16 049Cr		      CALL  [CURSOR_CALC]
   1006	3DE1  B9 000E			      MOV   CX,14
   1007	3DE4  E8 05F9			      CALL  L441CH
   1008
   1009	3DE7			     L3FB2H:
   1010	3DE7  B4 01			      MOV   AH,KBD_STATUS	       ;Check kbd status
   1011	3DE9  CD 16			      INT   16H		      ;Call keyboard
   1012	3DEB  74 FA			      JZ    L3FB2H	      ;No keys ready, go around
   1013	3DED  32 E4			      XOR   AH,AH	      ;Keyboard	read
   1014	3DEF  CD 16			      INT   16H		      ;Get key
   1015	3DF1  50			      PUSH  AX		      ;Save it.
   1016	3DF2  B9 000E			      MOV   CX,14
   1017	3DF5  E8 05E8			      CALL  L441CH
   1018	3DF8  58			      POP   AX		      ;Restore key
   1019	3DF9  3D 011B			      CMP   AX,11BH	      ;ESC key?
   1020	3DFC  74 77 90 90 90		      JZ    PANEL_EXIT		  ;Take	down popup menu	and return
   1021	3E01  3D 4800			      CMP   AX,4800H	      ;UP ARROW?
   1022	3E04  75 0D			      JNZ   NOTUPARW	      ;No, go around
   1023	3E06  FE 0E 3795r		      DEC   [CUR_FLD]	      ;Decrement field number
   1024	3E0A  79 AE			      JNS   MENULOOP	      ;Didn't go neg, so get next key
   1025	3E0C  C6 06 3795r 08		      MOV   [CUR_FLD],8	      ;Went neg, wrap to bottom
   1026	3E11  EB A7			      JMP   SHORT MENULOOP    ;Get another key
Turbo Assembler	 Version 4.0	    08/05/04 21:42:06	    Page 19
GTHAI.asm



   1027	3E13			     NOTUPARW:
   1028	3E13  3D 5000			      CMP   AX,5000H	      ;DOWN ARROW?
   1029	3E16  75 10			      JNZ   NOTDNARW	      ;No, go around
   1030	3E18  FE 06 3795r		      INC   [CUR_FLD]	      ;Increment field number
   1031	3E1C  80 3E 3795r 08		      CMP   [CUR_FLD],8	      ;Greater than 8?
   1032	3E21  76 97			      JBE   MENULOOP	      ;No, get another key
   1033	3E23  A2 3795r			      MOV   [CUR_FLD],AL      ;Wrap to field 0
   1034	3E26  EB 92			      JMP   SHORT MENULOOP    ;Get another key
   1035	3E28			     NOTDNARW:
   1036	3E28  3D 4B00			      CMP   AX,4B00H	      ;LEFT ARROW?
   1037	3E2B  75 18			      JNZ   NOTLFARW	      ;No, go around
   1038	3E2D  32 FF			      XOR   BH,BH
   1039	3E2F  8A 1E 3795r		      MOV   BL,[CUR_FLD]
   1040	3E33  FE 8F 0107r		      DEC   BYTE PTR [BX]+OPTION_TABLE;Decrement field value
   1041	3E37  79 09			      JNS   LFT_DONE	      ;Below zero? No, go ahead
   1042	3E39  8A 87 35DAr		      MOV   AL,BYTE PTR	[BX]+MAXOPT0;Yes, wrap to max value
   1043	3E3D  48			      DEC   AX		      ;Decrement value
   1044	3E3E  88 87 0107r		      MOV   BYTE PTR [BX]+OPTION_TABLE,AL;Store	new value
   1045	3E42			     LFT_DONE:
   1046	3E42  E9 FF38			      JMP  PANEL_KEY_ENTRY
   1047
   1048	3E45			     NOTLFARW:
   1049	3E45  3D 4D00			      CMP   AX,4D00H	      ;RIGHT ARROW?
   1050	3E48  74 05			      JZ    INCR_FLD	      ;Yes, go do it
   1051	3E4A  3D 1C0D			      CMP   AX,1C0DH	      ;RETURN KEY?
   1052	3E4D  75 1B			      JNZ   NOT_INCR	      ;NO, go around
   1053	3E4F			     INCR_FLD:
   1054	3E4F  32 FF			      XOR   BH,BH
   1055	3E51  8A 1E 3795r		      MOV   BL,[CUR_FLD]      ;Get current field number
   1056	3E55  FE 87 0107r		      INC   BYTE PTR [BX]+OPTION_TABLE;Increment value
   1057	3E59  8A 87 0107r		      MOV   AL,BYTE PTR	[BX]+OPTION_TABLE;Get new value
   1058	3E5D  3A 87 35DAr		      CMP   AL,BYTE PTR	[BX]+MAXOPT0;New value too large?
   1059	3E61  72 04			      JC    VAL_OK	      ;No, go around
   1060	3E63  88 BF 0107r		      MOV   BYTE PTR [BX]+OPTION_TABLE,BH
   1061	3E67			     VAL_OK:
   1062	3E67  E9 FF13			      JMP PANEL_KEY_ENTRY
   1063
   1064	3E6A			     NOT_INCR:
   1065	3E6A  3D 3C00			      CMP   AX,3C00H	      ;F2 KEY?
   1066	3E6D  75 03			      JNZ   MENU_END	      ;NO, go around
   1067	3E6F  E8 0221			      CALL  STORE_OPTIONS	    ;Write new values to GTHAI.COM
   1068
   1069	3E72			     MENU_END:
   1070	3E72  E9 FF45			      JMP   MENULOOP	      ;Back to menu loop
   1071
   1072	3E75			     PANEL_EXIT:
   1073	3E75  B4 25			      mov  ah,25h
   1074	3E77  B0 24			      mov  al,24h
   1075	3E79  2E: C5 16	0500r		      lds  dx,dword ptr	cs:[oldint24]
   1076	3E7E  CD 21			      int  21h
   1077	3E80  E9 F95F			      JMP   RESTORE_SCREEN	     ;RFT
   1078	3E83			     PANEL ENDP
   1079				     ;----------------------------------------------------------------------
   1080				     ; Control panel message area
   1081				     ;----------------------------------------------------------------------
   1082	3E83  25 42 71 6D 64 6C	25+  MSG_GTHAI	 DB  _SPACE,_G,t_,h_,a_,i_,_SPACE,_HYPHEN,_SPACE
   1083	      28 25
Turbo Assembler	 Version 4.0	    08/05/04 21:42:06	    Page 20
GTHAI.asm



   1084	3E8C  37 30 25 49 6C 6B	60+		 DB  _2,_5,_SPACE,_L,i_,n_,e_,_SPACE,_T,h_,a_,i_,_SPACE
   1085	      25 51 6D 64 6C 25
   1086	3E99  41 6C 76 75 69 64	7C+		 DB  _D,i_,s_,p_,l_,a_,y_,_SPACE,a_,n_,d_,_SPACE,_P,r_,i_,n_,t_
   1087	      25 64 6B 61 25 55	77+
   1088	      6C 6B 71
   1089	3EAA  25				 DB  _SPACE
   1090	3EAB  41 77 6C 73 60 77	25		 DB  _D,r_,i_,v_,e_,r_,_SPACE
   1091	      =002F		     MSG_GTHAI_LEN = $-MSG_GTHAI
   1092	3EB2  05				 DB END_OF_STRING
   1093
   1094				     ;----------------------------------------------------------------------
   1095	      =005F		     MSG_SETTING_X = 95
   1096	      =0009		     MSG_SETTING_Y = 9
   1097	      =0000		     MSG_SETTING_SHADOW	= BLACK
   1098	      =000F		     MSG_SETTING_EDGE =	BRIGHT_WHITE
   1099	      =0070		     MSG_SETTING_TEXT_COLOR = (WHITE_BG	+ BLACK)
   1100	3EB3  25 56 40 51 51 4C	4B+  MSG_SETTING DB  _SPACE,_S,_E,_T,_T,_I,_N,_G,_S,_SPACE
   1101	      42 56 25
   1102	      =000A		     MSG_SETTING_LEN = $-MSG_SETTING
   1103	3EBD  05				 DB END_OF_STRING
   1104				     ;----------------------------------------------------------------------
   1105	      =0177		     MSG_HELPING_X = 375
   1106	      =0009		     MSG_HELPING_Y = 9
   1107	      =0000		     MSG_HELPING_SHADOW	= BLACK
   1108	      =000F		     MSG_HELPING_EDGE =	BRIGHT_WHITE
   1109	      =0070		     MSG_HELPING_TEXT_COLOR = (WHITE_BG	+ BLACK)
   1110
   1111	3EBE  25 4D 4A 51 25 4E	40+  PANEL_MSG_HELPING DB _SPACE,_H,_O,_T,_SPACE,_K,_E,_Y,_S,_SPACE
   1112	      5C 56 25
   1113	      =000A		     MSG_HELPING_LEN = $-PANEL_MSG_HELPING
   1114	3EC8  05				 DB END_OF_STRING
   1115
   1116				     ;----------------------------------------------------------------------
   1117	      =00C7		     MSG_VERSION_X = 199
   1118	      =00D1		     MSG_VERSION_Y = 209
   1119	      =0000		     MSG_VERSION_SHADOW	= BLACK
   1120	      =000F		     MSG_VERSION_EDGE =	BRIGHT_WHITE
   1121	      =0070		     MSG_VERSION_TEXT_COLOR = (WHITE_BG	+ BLACK)
   1122
   1123	3EC9  25 53 60 77 76 6C	6A+  PANEL_MSG_VERSION DB _SPACE,_V,e_,r_,s_,i_,o_,n_,_SPACE
   1124	      6B 25
   1125						       VERSION_ENCODED
1  1126	3ED2  36 2B 34 37 25 2D	42+	 DB  _3,_PERIOD,_1,_2,_SPACE,_LEFT_PAREN,_G,_RIGHT_PAREN
   1127	      2C
   1128	3EDA  25				       DB   _SPACE
   1129	      =0012		     P_MSG_VERSION_LEN = $-PANEL_MSG_VERSION
   1130	3EDB  05				       DB END_OF_STRING
   1131
   1132				     ;----------------------------------------------------------------------
   1133	      =00D7		     MSG06_X = 215
   1134	      =00E1		     MSG06_Y = 225
   1135	      =000F		     MSG06_EDGE	= BRIGHT_WHITE
   1136	      =0000		     MSG06_SHADOW = BLACK
   1137	      =0070		     MSG06_TEXT_COLOR =	(WHITE_BG+BLACK)
   1138
   1139	3EDC  25 F4 25 B0 DD C0	     MSG06 DB	_SPACE,_THAI_ONE,_SPACE,_TO_TAO,_SARA_U,_LO_LING
   1140	3EE2  D7 A1 C4 25 F7 F0		   DB	_SARA_AA,_KHO_KHWAI,_MO_MA,_SPACE,_THAI_TWO,_THAI_FIVE
Turbo Assembler	 Version 4.0	    08/05/04 21:42:06	    Page 21
GTHAI.asm



   1141	3EE8  F6 F6 25			   DB	_THAI_THREE,_THAI_THREE,_SPACE
   1142	      =000E		     MSG06_LEN = $-MSG06-1		 ;Don't	Count vowel _SARA_U
   1143	3EEB  05			   DB END_OF_STRING
   1144
   1145				     ;----------------------------------------------------------------------
   1146	      =0017		     MSG_F2_X =	23
   1147	      =00E1		     MSG_F2_Y =	225
   1148	      =000F		     MSG_F2_EDGE = BRIGHT_WHITE
   1149	      =0000		     MSG_F2_SHADOW = BLACK
   1150	      =0070		     MSG_F2_TEXT_COLOR = (WHITE_BG+BLACK)
   1151
   1152	3EEC  25 43 37 25	     PANEL_MSG_F2   DB	 _SPACE,_F,_2,_SPACE
   1153	3EF0  28 25				    DB _HYPHEN,_SPACE
   1154	3EF2  56 64 73 60 25 56	60+		    DB _S,a_,v_,e_,_SPACE,_S,e_,t_,t_,i_,n_,g_,s_,_SPACE
   1155	      71 71 6C 6B 62 76	25
   1156	      =0014		     MSG_F2_LEN	= $-PANEL_MSG_F2
   1157	3F00  05				   DB  END_OF_STRING
   1158
   1159				     ;----------------------------------------------------------------------
   1160	      =017F		     ESC_MSG_X = 383	  ;423
   1161	      =00E1		     ESC_MSG_Y = 225
   1162	3F01  25 40 56 46 25 28	25+  PANEL_MSG_ESC DB _SPACE,_E,_S,_C,_SPACE,_HYPHEN,_SPACE,_E,x_,i_,t_,_SPACE
   1163	      40 7D 6C 71 25
   1164	      =000C		     P_ESC_MSG_LEN = $-PANEL_MSG_ESC
   1165	3F0D  05				   DB  END_OF_STRING
   1166
   1167				     ;----------------------------------------------------------------------
   1168	      =0007		     PANEL_TEXT_COLOR =	(BLACK_BG+WHITE)
   1169				     ;----------------------------------------------------------------------
   1170	      =0136		     MSG_KEYTICK_X = 310
   1171	      =0028		     MSG_KEYTICK_y = 40
   1172	3F0E  4E 60 7C 25 65 25	     MSG_KEYTICK DB   _K,e_,y_,_SPACE,_LEFT_TICK,_SPACE
   1173	3F14  25 25 25 25 25 25			 DB   _SPACE,_SPACE,_SPACE,_SPACE,_SPACE,_SPACE
   1174	3F1A  E1 B2 C7 2A C8 D4			 DB   _SARA_MAI_MALAI,_THO_THAHAN,_YO_YAK,_SLASH,_O_ANG,_MAI_HAN_AKAT
   1175	3F20  A2 A4 C1 CC			 DB   _NGO_NGU,_KO_KAI,_RU,_SO_RUSI
   1176	      =0016		     MSG_KEYTICK_LEN = $-MSG_KEYTICK
   1177	3F24  05				 DB   END_OF_STRING
   1178
   1179				     ;----------------------------------------------------------------------
   1180	      =0136		     MSG_CTRLTICK_X = 310
   1181	      =0038		     MSG_CTRLTICK_Y = 56
   1182	3F25  4E 60 7C 25 46 71	77+  MSG_CTRLTICK   DB	 _K,e_,y_,_SPACE,_C,t_,r_,l_,_PLUS,_LEFT_TICK
   1183	      69 2E 65
   1184	3F2F  25 25				    DB	 _SPACE,_SPACE
   1185	3F31  E5 A7 EC D7 CF DC			    DB	 _SARA_E,_KHO_KHAI,_MAI_THO,_SARA_AA,_SO_SUA,_SARA_UU
   1186	3F37  ED A5 68 60 6B 70			    DB	 _MAI_EK,_THAI_SPACE,m_,e_,n_,u_
   1187	      =0018		     MSG_CTRLTICK_LEN =	$-MSG_CTRLTICK
   1188	3F3D  05				    DB	 END_OF_STRING
   1189
   1190				     ;----------------------------------------------------------------------
   1191	      =0136		     MSG_ALTTICK_X = 310
   1192	      =0048		     MSG_ALTTICK_Y = 72
   1193	3F3E  4E 60 7C 25 44 69	71+  MSG_ALTTICK   DB	_K,e_,y_,_SPACE,_A,l_,t_,_PLUS,_LEFT_TICK
   1194	      2E 65
   1195	3F47  25 25 25				   DB	_SPACE,_SPACE,_SPACE
   1196	3F4A  E5 C0 D1 A4 C6 D5			   DB	_SARA_E,_LO_LING,_SARA_I,_KO_KAI,_RO_RUA,_SARA_A
   1197	3F50  BF BF C5 D7 CC D7			   DB	_BO_BAIMAI,_BO_BAIMAI,_PHO_SAMPHAO,_SARA_AA,_SO_RUSI,_SARA_AA
Turbo Assembler	 Version 4.0	    08/05/04 21:42:06	    Page 22
GTHAI.asm



   1198	3F56  E1 B2 C7				   DB	_SARA_MAI_MALAI,_THO_THAHAN,_YO_YAK
   1199	      =001B		     MSG_ALTTICK_LEN = $-MSG_ALTTICK
   1200	3F59  05				 DB END_OF_STRING
   1201
   1202				     ;----------------------------------------------------------------------
   1203	      =0136		     MSG_BACKSLASH_X = 310
   1204	      =0058		     MSG_BACKSLASH_Y = 88
   1205	3F5A  4E 60 7C 25 E1 B2	     MSG_BACKSLASH DB	_K,e_,y_,_SPACE,_SARA_MAI_MALAI,_THO_THAHAN
   1206	3F60  C7 2E 59 25 25 25			   DB	_YO_YAK,_PLUS,_BACKSLASH,_SPACE,_SPACE,_SPACE
   1207	3F66  B0 D4 C2 C8 D4 A4			   DB	_TO_TAO,_MAI_HAN_AKAT,_WO_WAEN,_O_ANG,_MAI_HAN_AKAT,_KO_KAI
   1208	3F6C  CC C6 25 65			   DB	_SO_RUSI,_RO_RUA,_SPACE,_LEFT_TICK
   1209	      =0016		     MSG_BACKSLASH_LEN = $-MSG_BACKSLASH
   1210	3F70  05				 DB END_OF_STRING
   1211
   1212				     ;----------------------------------------------------------------------
   1213	      =0016		     FIELD1_PROMPT_X = 22
   1214	      =0028		     FIELD1_PROMPT_Y = 40
   1215	3F71  A4 D7 C6 E4 CF B1	     FIELD1_PROMPT    DB   _KO_KAI,_SARA_AA,_RO_RUA,_SARA_EE,_SO_SUA,_DO_DEK
   1216	3F77  A2 B9 C0 AD C8 C5		      DB   _NGO_NGU,_PHO_PHUNG,_LO_LING,_CHO_CHAN,_O_ANG,_PHO_SAMPHAO
   1217	3F7D  D7 BB			      DB   _SARA_AA,_PHO_PHAN
   1218	      =000E		     FIELD1_PROMPT_LEN = $-FIELD1_PROMPT
   1219	3F7F  05				 DB END_OF_STRING
   1220
   1221				     ;----------------------------------------------------------------------
   1222	      =0016		     FIELD2_PROMPT_X = 22
   1223	      =0038		     FIELD2_PROMPT_Y = 56
   1224	3F80  C6 CE D4 CF C5 D7	     FIELD2_PROMPT   DB	  _RO_RUA,_HO_HIP,_MAI_HAN_AKAT,_SO_SUA,_PHO_SAMPHAO,_SARA_AA
   1225	3F86  CC D7 E1 B2 C7		     DB	  _SO_RUSI,_SARA_AA,_SARA_MAI_MALAI,_THO_THAHAN,_YO_YAK
   1226	      =000B		     FIELD2_PROMPT_LEN = $-FIELD2_PROMPT
   1227	3F8B  05				 DB END_OF_STRING
   1228
   1229				     ;----------------------------------------------------------------------
   1230	      =0016		     FIELD3_PROMPT_X = 22
   1231	      =0048		     FIELD3_PROMPT_Y = 72
   1232	3F8C  AD D6 BC C2 BC AF	     FIELD3_PROMPT   DB	  _CHO_CHAN,_SARA_AM,_NO_NU,_WO_WAEN,_NO_NU,_CHO_CHANG
   1233	3F92  B1 E5 AF C7 CF C6		     DB	  _DO_DEK,_SARA_E,_CHO_CHANG,_YO_YAK,_SO_SUA,_RO_RUA
   1234	3F98  D5			     DB	  _SARA_A
   1235	      =000D		     FIELD3_PROMPT_LEN = $-FIELD3_PROMPT
   1236	3F99  05				 DB END_OF_STRING
   1237
   1238				     ;----------------------------------------------------------------------
   1239	      =0016		     FIELD4_PROMPT_X = 22
   1240	      =0058		     FIELD4_PROMPT_Y = 88
   1241	3F9A  E4 BE EC BC BB D1	     FIELD4_PROMPT   DB	  _SARA_EE,_PO_PLA,_MAI_THO,_NO_NU,_PHO_PHAN,_SARA_I
   1242	3FA0  C4 BB E9			     DB	  _MO_MA,_PHO_PHAN,_THANTHAKHAT
   1243	      =0009		     FIELD4_PROMPT_LEN = $-FIELD4_PROMPT
   1244	3FA3  05				 DB END_OF_STRING
   1245
   1246				     ;----------------------------------------------------------------------
   1247	      =0016		     FIELD5_PROMPT_X = 22
   1248	      =0068		     FIELD5_PROMPT_Y = 104
   1249	3FA4  B0 D4 C2 B0 D0 A4	     FIELD5_PROMPT   DB	  _TO_TAO,_MAI_HAN_AKAT,_WO_WAEN,_TO_TAO,_SARA_II,_KO_KAI
   1250	3FAA  C6 C8 BF			     DB	  _RO_RUA,_O_ANG,_BO_BAIMAI
   1251	      =0009		     FIELD5_PROMPT_LEN = $-FIELD5_PROMPT
   1252	3FAD  05			     DB	END_OF_STRING
   1253
   1254				     ;----------------------------------------------------------------------
Turbo Assembler	 Version 4.0	    08/05/04 21:42:06	    Page 23
GTHAI.asm



   1255	      =0016		     PROMPT_SPACE_X = 22
   1256	      =0078		     PROMPT_SPACE_Y = 120
   1257	3FAE  56 75 64 66 60 25	     PROMPT_SPACE DB   _S,p_,a_,c_,e_,_SPACE
   1258	3FB4  C5 D7 CC D7 E1 B2		       DB   _PHO_SAMPHAO,_SARA_AA,_SO_RUSI,_SARA_AA,_SARA_MAI_MALAI,_THO_THAHAN
   1259	3FBA  C7			       DB   _YO_YAK
   1260	      =000D		     PROMPT_SPACE_LEN =	$-PROMPT_SPACE
   1261	3FBB  05			       DB END_OF_STRING
   1262
   1263				     ;----------------------------------------------------------------------
   1264	      =0016		     FIELD7_PROMPT_X = 22
   1265	      =0088		     FIELD7_PROMPT_Y = 136
   1266	3FBC  AF BC D1 B1 E5 A1	     FIELD7_PROMPT   DB	  _CHO_CHANG,_NO_NU,_SARA_I,_DO_DEK,_SARA_E,_KHO_KHWAI
   1267	3FC2  C6 D2 ED C8 A2 BB		     DB	  _RO_RUA,_SARA_UEE,_MAI_EK,_O_ANG,_NGO_NGU,_PHO_PHAN
   1268	3FC8  D1 C4 BB E9		     DB	  _SARA_I,_MO_MA,_PHO_PHAN,_THANTHAKHAT
   1269	      =0010		     FIELD7_PROMPT_LEN = $-FIELD7_PROMPT
   1270	3FCC  05			     DB	END_OF_STRING
   1271
   1272				     ;----------------------------------------------------------------------
   1273	      =0016		     FIELD8_PROMPT_X = 22
   1274	      =0098		     FIELD8_PROMPT_Y = 152
   1275	3FCD  C6 CE D4 CF E5 A1	     FIELD8_PROMPT   DB	  _RO_RUA,_HO_HIP,_MAI_HAN_AKAT,_SO_SUA,_SARA_E,_KHO_KHWAI
   1276	3FD3  C6 D2 ED C8 A2 BB		     DB	  _RO_RUA,_SARA_UEE,_MAI_EK,_O_ANG,_NGO_NGU,_PHO_PHAN
   1277	3FD9  D1 C4 BB E9		     DB	  _SARA_I,_MO_MA,_PHO_PHAN,_THANTHAKHAT
   1278	      =0010		     FIELD8_PROMPT_LEN = $-FIELD8_PROMPT
   1279	3FDD  05			     DB	END_OF_STRING
   1280
   1281				     ;----------------------------------------------------------------------
   1282	      =0016		     FIELD9_PROMPT_X = 22
   1283	      =00A8		     FIELD9_PROMPT_Y = 168
   1284	3FDE  C6 D5 B1 D4 BF A4	     FIELD9_PROMPT   DB	  _RO_RUA,_SARA_A,_DO_DEK,_MAI_HAN_AKAT,_BO_BAIMAI,_KO_KAI
   1285	3FE4  D7 C6 BB D1 C4 BB		     DB	  _SARA_AA,_RO_RUA,_PHO_PHAN,_SARA_I,_MO_MA,_PHO_PHAN
   1286	3FEA  E9			     DB	  _THANTHAKHAT
   1287	      =000D		     FIELD9_PROMPT_LEN = $-FIELD9_PROMPT
   1288	3FEB  05			     DB	END_OF_STRING
   1289
   1290				     ;======================================================================
   1291				     ;
   1292				     ;	      Pointers to custom video functions
   1293
   1294	3FEC			     VIDFUNCS LABEL WORD
   1295	3FEC  4071r			      DW     CSTVID00	     ;Check driver installed, get version
   1296	3FEE  4086r			      DW     CSTVID01	     ;Set config options
   1297	3FF0  4093r			      DW     STORE_OPTIONS   ;Write options to driver file
   1298	3FF2  40BFr			      DW     CSTVID03	     ;Set foreground/background	colors
   1299	3FF4  40C4r			      DW     CSTVID04	     ;
   1300	3FF6  40C9r			      DW     CSTVID05	     ;
   1301	3FF8  40CEr			      DW     CSTVID06	     ;Get foreground/background	colors
   1302	3FFA  40D3r			      DW     CSTVID07	     ;
   1303	3FFC  40D8r			      DW     CSTVID08	     ;Get menu width set by user
   1304	3FFE  40DDr			      DW     CSTVID09	     ;Get menu height set by user
   1305	4000  40E2r			      DW     CSTVID0A	     ;Get menu width
   1306	4002  40E7r			      DW     CSTVID0B	     ;Get menu height
   1307	4004  40ECr			      DW     CSTVID0C	     ;
   1308	4006  410Dr			      DW     CSTVID0D	     ;Set menu width & height
   1309	4008  4126r			      DW     CSTVID0E	     ;
   1310	400A  4140r			      DW     CSTVID0F	     ;
   1311	400C  414Cr			      DW     CSTVID10	     ;
Turbo Assembler	 Version 4.0	    08/05/04 21:42:06	    Page 24
GTHAI.asm



   1312	400E  4189r			      DW     CSTVID11	     ;
   1313	4010  41B1r			      DW     CSTVID12	     ;Display message
   1314	4012  402Er			      DW     REMOVE_TSR	     ;Unload TSR from memory - function	13h
   1315	      =0014		     CSTVID_MAX	= ($-VIDFUNCS)/2
   1316
   1317	4014			     CSTM_VID PROC NEAR
   1318	4014  80 FC 95			      CMP   AH,(CSTVID_MAX+1) OR 80H  ;93H	      ;Mode (-80h) = 0 - 12h
   1319	4017  73 14			      JNC   BAD_MODE
   1320	4019  50			      PUSH  AX		      ;Save mode
   1321	401A  FC			      CLD		      ;Set forward direction flag.
   1322	401B  80 EC 80			      SUB   AH,80H	      ;Strip high bit
   1323	401E  8A C4			      MOV   AL,AH	      ;move mode to al
   1324	4020  32 E4			      XOR   AH,AH	      ;clear ah
   1325	4022  BF 3FECr			      MOV   DI,OFFSET VIDFUNCS
   1326	4025  D1 E0			      SHL   AX,1	      ;Double mode # to	index
   1327	4027  03 F8			      ADD   DI,AX	      ;... into	table
   1328	4029  58			      POP   AX		      ;Restore original	mode value
   1329	402A  2E: FF 15			      CALL  WORD PTR CS:[DI]  ;Call custom function
   1330
   1331	402D			     BAD_MODE:
   1332	402D  CF			      IRET		      ;Return from interrupt.
   1333	402E			     CSTM_VID ENDP
   1334
   1335	402E			     REMOVE_TSR	PROC NEAR
   1336					     _push bx,si,di,ds,es
2  1337	402E  53			    push bx
2  1338	402F  56			    push si
2  1339	4030  57			    push di
2  1340	4031  1E			    push ds
2  1341	4032  06			    push es
   1342	4033  33 C0			      XOR   AX,AX
   1343	4035  8E D8			      MOV   DS,AX
   1344	4037  8C C8			      MOV   AX,CS
   1345	4039  3B 06 0022		      CMP   AX,WORD PTR	DS:[INT_TBL_SEG_TIMER]	   ;TIMER
   1346	403D  75 12			      JNZ   CANT_REMOVE
   1347	403F  3B 06 0026		      CMP   AX,WORD PTR	DS:[INT_TBL_SEG_KBD]	 ;KEYBOARD
   1348	4043  75 0C			      JNZ   CANT_REMOVE
   1349	4045  3B 06 0042		      CMP   AX,WORD PTR	DS:[INT_TBL_SEG_VIDEO]	   ;VIDEO
   1350	4049  75 06			      JNZ   CANT_REMOVE
   1351	404B  3B 06 005E		      CMP   AX,WORD PTR	DS:[INT_TBL_SEG_PRINTER]     ;PRINTER
   1352	404F  74 04			      JZ OK_TO_REMOVE
   1353	4051			     CANT_REMOVE:
   1354	4051  B0 FF			      MOV  AL,0FFH	       ;INDICATE FAILURE
   1355	4053  EB 05			      JMP  SHORT RMV_EXIT
   1356	4055			     OK_TO_REMOVE:
   1357	4055  E8 14E6			      CALL KILL_TSR
   1358	4058  B0 00			      MOV  AL,0		       ; FLAG SUCCESS
   1359	405A			     RMV_EXIT:
   1360					      _pop es,ds,di,si,bx
2  1361	405A  07			    pop	 es
2  1362	405B  1F			    pop	 ds
2  1363	405C  5F			    pop	 di
2  1364	405D  5E			    pop	 si
2  1365	405E  5B			    pop	 bx
   1366	405F  C3			      RET
   1367	4060			     REMOVE_TSR	ENDP
   1368				     ;------------------------------------------------------------
Turbo Assembler	 Version 4.0	    08/05/04 21:42:06	    Page 25
GTHAI.asm



   1369	4060			     ENCRYPT_STRING PROC  NEAR
   1370				     ;------------------------------------------------------------
   1371	4060  2E: 8B 3E	04E6r		      MOV   DI,CS:[MSGVECT]
   1372	4065  B9 0100			      MOV   CX,100H
   1373	4068			     ENCRYPT_LOOP:
   1374	4068  AC			      LODSB		      ;Load AL with byt	at DS:SI ++.
   1375	4069  34 05			      XOR   AL,END_OF_STRING
   1376	406B  AA			      STOSB		      ;Store byt in AL in ES:DI	++.
   1377	406C  3C 05			      CMP   AL,END_OF_STRING
   1378	406E  E0 F8			      LOOPNZ ENCRYPT_LOOP	    ;Dec CX, loop if NZ	and CX<>0.
   1379	4070  C3			      RET
   1380	4071			     ENCRYPT_STRING ENDP
   1381
   1382
   1383				     ;------------------------------------------------------------
   1384				     ; Check for driver	installed, set options
   1385				     ; Entry: AH = 80H
   1386				     ; If BX = 0: Return AX = DRIVER_VERSION
   1387				     ;			 ES = our code segment
   1388				     ; else	  Return AL = byte at BX + L0106H
   1389				     ;------------------------------------------------------------
   1390	4071			     CSTVID00 PROC  NEAR
   1391	4071  32 E4			      XOR   AH,AH
   1392	4073  0B DB			      OR    BX,BX
   1393	4075  75 09			      JNZ   C00_EXIT
   1394	4077  8C C8			      MOV   AX,CS
   1395	4079  8E C0			      MOV   ES,AX
   1396	407B  2E: A1 0103r		      MOV   AX,WORD PTR	CS:[DRIVER_VERSION]
   1397	407F  C3			      RET
   1398	4080			     C00_EXIT:
   1399	4080  2E: 8A 87	0106r		      MOV   AL,BYTE PTR	CS:[BX]+L0106H
   1400	4085  C3			      RET
   1401	4086			     CSTVID00 ENDP
   1402
   1403				     ;------------------------------------------------------------
   1404				     ; Set configuration options
   1405				     ; Entry: AH = 81H
   1406				     ;	      BL = Option to set
   1407				     ;	      AL = New value
   1408				     ;------------------------------------------------------------
   1409	4086			     CSTVID01 PROC  NEAR
   1410	4086  0B DB			      OR    BX,BX
   1411	4088  74 08			      JZ    C01_EXIT
   1412	408A  83 E3 0F			      AND   BX,0FH
   1413	408D  2E: 88 87	0106r		      MOV   BYTE PTR CS:[BX]+L0106H,AL
   1414	4092			     C01_EXIT:
   1415	4092  C3			      RET
   1416	4093			     CSTVID01 ENDP
   1417
   1418				     ;------------------------------------------------------------
   1419				     ; Called internally when F2 is pressed in control panel
   1420				     ; Called from user	app with
   1421				     ;	     AH	= 82H
   1422				     ;------------------------------------------------------------
   1423	4093			     STORE_OPTIONS PROC	 NEAR	   ;Write settings to GTHAI.COM
   1424					      _PUSH AX,BX,DX,DS
2  1425	4093  50			    push AX
Turbo Assembler	 Version 4.0	    08/05/04 21:42:06	    Page 26
GTHAI.asm



2  1426	4094  53			    push BX
2  1427	4095  52			    push DX
2  1428	4096  1E			    push DS
   1429	4097  2E: 8E 1E	04E8r		      MOV   DS,CS:[FNAMESEG]
   1430	409C  2E: 8B 16	04EAr		      MOV   DX,CS:[FNAMEOFF]
   1431	40A1  B8 3D02			      MOV   AX,(DOS_OPEN_FILE SHL 8 + O_RDRW)  ;3D02H Open file, read/write
   1432	40A4  CD 21			      INT   21H
   1433	40A6  72 12			      JC    WRIT_ERR
   1434	40A8  8B D8			      MOV   BX,AX		;Move file handle to BX
   1435	40AA  B9 0010			      MOV   CX,OPTION_SAVE_LENGTH
   1436	40AD  0E			      PUSH   CS
   1437	40AE  1F			      POP    DS
   1438	40AF  BA 0100r			      MOV   DX,OFFSET GTHAI	;point to start	of program
   1439	40B2  B4 40			      MOV   AH,DOS_WRITE_HANDLE
   1440	40B4  CD 21			      INT   21H
   1441	40B6  B4 3E			      MOV   AH,DOS_CLOSE_FILE
   1442	40B8  CD 21			      INT   21H
   1443	40BA			     WRIT_ERR:
   1444					      _POP  DS,DX,BX,AX
2  1445	40BA  1F			    pop	 DS
2  1446	40BB  5A			    pop	 DX
2  1447	40BC  5B			    pop	 BX
2  1448	40BD  58			    pop	 AX
   1449	40BE  C3			      RET
   1450	40BF			     STORE_OPTIONS ENDP
   1451
   1452				     ;------------------------------------------------------------
   1453				     ; Entry: AH = 83H
   1454				     ;	      AL = Background color SHL	8 + Foreground color
   1455				     ;------------------------------------------------------------
   1456	40BF			     CSTVID03 PROC  NEAR     ;SET TEXT_COLOR
   1457	40BF  2E: A2 14A4r		      MOV   CS:[TEXT_COLOR],AL
   1458	40C3  C3			      RET
   1459	40C4			     CSTVID03 ENDP
   1460
   1461				     ;------------------------------------------------------------
   1462				     ; Entry AH	= 84H
   1463				     ;------------------------------------------------------------
   1464	40C4			     CSTVID04 PROC  NEAR
   1465	40C4  2E: FF 26	0498r		      JMP   CS:[SET_EDGE_COLOR]
   1466	40C9			     CSTVID04 ENDP
   1467
   1468				     ;------------------------------------------------------------
   1469				     ; Entry AH	= 85H
   1470				     ;------------------------------------------------------------
   1471	40C9			     CSTVID05 PROC  NEAR
   1472	40C9  2E: FF 26	049Ar		     JMP   CS:[SET_SHADOW_COLOR]
   1473	40CE			     CSTVID05 ENDP
   1474
   1475				     ;------------------------------------------------------------
   1476				     ; Entry: AH = 86H
   1477				     ; Exit:  AL = Background color SHL	8 + Foreground color
   1478				     ;------------------------------------------------------------
   1479	40CE			     CSTVID06 PROC  NEAR   ;GET	TEXT_COLOR
   1480	40CE  2E: A0 14A4r		      MOV   AL,CS:[TEXT_COLOR]
   1481	40D2  C3			      RET
   1482	40D3			     CSTVID06 ENDP
Turbo Assembler	 Version 4.0	    08/05/04 21:42:06	    Page 27
GTHAI.asm



   1483
   1484				     ;------------------------------------------------------------
   1485				     ; Entry: AH = 87H
   1486				     ; Exit:  AL = L1514H
   1487				     ;------------------------------------------------------------
   1488	40D3			     CSTVID07 PROC  NEAR
   1489	40D3  2E: A0 14C0r		      MOV   AL,CS:[L1514H]
   1490	40D7  C3			      RET
   1491	40D8			     CSTVID07 ENDP
   1492
   1493				     ;------------------------------------------------------------
   1494				     ; Entry: AH = 88H
   1495				     ; Exit:  AX = USER_WIDTH
   1496				     ;------------------------------------------------------------
   1497	40D8			     CSTVID08 PROC  NEAR
   1498	40D8  2E: A1 14B5r		      MOV   AX,WORD PTR	CS:[USER_WIDTH]
   1499	40DC  C3			      RET
   1500	40DD			     CSTVID08 ENDP
   1501
   1502				     ;------------------------------------------------------------
   1503				     ; Entry: AH = 89H
   1504				     ; Exit:  AX = USER_HEIGHT
   1505				     ;------------------------------------------------------------
   1506	40DD			     CSTVID09 PROC  NEAR
   1507	40DD  2E: A1 14B7r		      MOV   AX,WORD PTR	CS:[USER_HEIGHT]
   1508	40E1  C3			      RET
   1509	40E2			     CSTVID09 ENDP
   1510
   1511				     ;------------------------------------------------------------
   1512				     ; Entry: AH = 8AH
   1513				     ; Exit:  AX = MENU_WIDTH
   1514				     ;------------------------------------------------------------
   1515	40E2			     CSTVID0A PROC  NEAR
   1516	40E2  2E: A1 41CCr		      MOV   AX,CS:[MENU_WIDTH]
   1517	40E6  C3			      RET
   1518	40E7			     CSTVID0A ENDP
   1519
   1520				     ;------------------------------------------------------------
   1521				     ; Entry: AH = 8BH
   1522				     ; Exit:  AX = MENU_HEIGHT
   1523				     ;------------------------------------------------------------
   1524	40E7			     CSTVID0B PROC  NEAR
   1525	40E7  2E: A1 41CEr		      MOV   AX,CS:[MENU_HEIGHT]
   1526	40EB  C3			      RET
   1527	40EC			     CSTVID0B ENDP
   1528
   1529				     ;------------------------------------------------------------
   1530				     ; Entry: AH = 8CH
   1531				     ; Exit:
   1532				     ;------------------------------------------------------------
   1533	40EC			     CSTVID0C PROC  NEAR
   1534	40EC  0A C0			      OR    AL,AL
   1535	40EE  75 06			      JNZ   CVID0C_1
   1536	40F0  B8 0003			      MOV   AX,(VID_SETMODE SHL	8 + TEXT_80X25)
   1537	40F3  CD 10			      INT   10H		      ;Set the display mode to (03).
   1538	40F5  C3			      RET
   1539
Turbo Assembler	 Version 4.0	    08/05/04 21:42:06	    Page 28
GTHAI.asm



   1540	40F6			     CVID0C_1:
   1541	40F6  1E			      PUSH  DS
   1542				     ;	       MOV   DS,CS:[VID_SEG]
   1543				     ;	       MOV   BYTE PTR DS:[7FFFH],0
   1544	40F7  2E: C6 06	0110r 00	      MOV CS:VMODEFLAG,	0  ;//TEST//
   1545	40FD  B8 0003			      MOV   AX,3H
   1546	4100  2E: C6 06	0107r 02	      MOV   BYTE PTR CS:[DISPMODE],THAI_25
   1547	4106  2E: FF 16	0496r		      CALL  CS:[L04EAH]
   1548	410B  1F			      POP   DS
   1549	410C  C3			      RET
   1550	410D			     CSTVID0C ENDP
   1551
   1552				     ;------------------------------------------------------------
   1553				     ; Entry: AH = 8DH
   1554				     ;	      CX = MENU_WIDTH
   1555				     ;	      DX = MENU_HEIGHT
   1556				     ;------------------------------------------------------------
   1557	410D			     CSTVID0D PROC  NEAR
   1558	410D  2E: 89 0E	14B5r		      MOV   WORD PTR CS:[USER_WIDTH],CX
   1559	4112  2E: 89 16	14B7r		      MOV   WORD PTR CS:[USER_HEIGHT],DX
   1560	4117  2E: 03 0E	41C8r		      ADD   CX,CS:[MENU_LEFT_COLUMN]
   1561	411C  2E: 03 16	41CAr		      ADD   DX,CS:[MENU_TOP_ROW]
   1562	4121  2E: FF 26	049Cr		      JMP   CS:[CURSOR_CALC]	     ;RFT
   1563	4126			     CSTVID0D ENDP
   1564
   1565				     ;------------------------------------------------------------
   1566	4126			     CSTVID0E PROC  NEAR
   1567	4126  2E: 8E 06	04B0r		      MOV   ES,WORD PTR	CS:[VIDBUF]
   1568	412B  2E: 8B 3E	14BDr		      MOV   DI,WORD PTR	CS:[VID_OFFSET]
   1569	4130  2E: A0 14BFr		      MOV   AL,CS:[L1513H]
   1570	4134  BA 03CE			      MOV   DX,GRAPHICS_ADDRESS_REG
   1571	4137  B0 08			      MOV   AL,8
   1572	4139  EE			      OUT   DX,AL
   1573	413A  42			      INC   DX
   1574	413B  2E: FF 26	04AAr		      JMP   CS:[L04FEH]
   1575	4140			     CSTVID0E ENDP
   1576
   1577				     ;------------------------------------------------------------
   1578	4140			     CSTVID0F PROC  NEAR
   1579	4140  1E			      PUSH  DS
   1580
   1581	4141  0E			      PUSH  CS
   1582	4142  1F			      POP   DS
   1583
   1584	4143  8E 06 04B0r		      MOV   ES,WORD PTR	[VIDBUF]
   1585	4147  E8 00AC			      CALL  DRAW_LINE
   1586
   1587	414A  1F			      POP   DS
   1588	414B  C3			      RET
   1589	414C			     CSTVID0F ENDP
   1590
   1591				     ;------------------------------------------------------------
   1592	414C			     CSTVID10 PROC  NEAR
   1593					      _PUSH  SI,ES,SI,DS
2  1594	414C  56			    push SI
2  1595	414D  06			    push ES
2  1596	414E  56			    push SI
Turbo Assembler	 Version 4.0	    08/05/04 21:42:06	    Page 29
GTHAI.asm



2  1597	414F  1E			    push DS
   1598	4150  BF 41C8r			      MOV   DI,OFFSET MENU_LEFT_COLUMN
   1599	4153  8C C8			      MOV   AX,CS
   1600	4155  8E C0			      MOV   ES,AX
   1601	4157  B9 000A			      MOV   CX,10
   1602	415A  F3> A5			      REPZ MOVSW	      ;Move wrd, DS:SI to ES:DI	++.
   1603	415C  33 C0			      XOR   AX,AX
   1604	415E  08 04			      OR    BYTE PTR [SI],AL
   1605	4160  74 09			      JZ    CV10_1
   1606	4162  C5 34			      LDS   SI,DWORD PTR [SI] ;Load DS:SI with 32b pointer.
   1607	4164  E8 FEF9			      CALL  ENCRYPT_STRING
   1608	4167  2E: A1 04E6r		      MOV   AX,CS:[MSGVECT]
   1609	416B			     CV10_1:
   1610	416B  26: A3 41DCr		      MOV   ES:[MENU_TITLE_MSG],AX
   1611	416F  0E			      PUSH  CS
   1612	4170  1F			      POP   DS
   1613	4171  8E 06 04B0r		      MOV   ES,WORD PTR	[VIDBUF]
   1614	4175  E8 0344			      CALL  DO_MENU
   1615	4178  1F			      POP   DS
   1616	4179  5E			      POP   SI
   1617	417A  BF 41C8r			      MOV   DI,OFFSET MENU_LEFT_COLUMN
   1618	417D  8C C8			      MOV   AX,CS
   1619	417F  8E C0			      MOV   ES,AX
   1620	4181  B9 000A			      MOV   CX,10
   1621	4184  F3> A5			      REPZ MOVSW	      ;Move wrd, DS:SI to ES:DI	++.
   1622	4186  07			      POP   ES
   1623	4187  5E			      POP   SI
   1624	4188  C3			      RET
   1625	4189			     CSTVID10 ENDP
   1626
   1627				     ;------------------------------------------------------------
   1628	4189			     CSTVID11 PROC  NEAR
   1629	4189  1E			      PUSH  DS
   1630	418A  8C CA			      MOV   DX,CS
   1631	418C  8E DA			      MOV   DS,DX
   1632	418E  8E 06 04B0r		      MOV   ES,WORD PTR	[VIDBUF]
   1633	4192  BE 25DBr			      MOV   SI,OFFSET FONT_2
   1634	4195  8B 3E 14BDr		      MOV   DI,WORD PTR	[VID_OFFSET]
   1635	4199  8A 26 14A4r		      MOV   AH,[TEXT_COLOR]
   1636	419D  0A E4			      OR    AH,AH
   1637	419F  79 0A			      JNS   CV11_1
   1638	41A1  0A C0			      OR    AL,AL
   1639	41A3  79 06			      JNS   CV11_1
   1640	41A5  25 7F7F			      AND   AX,7F7FH
   1641	41A8  BE 15DBr			      MOV   SI,OFFSET FONT_1
   1642	41AB			     CV11_1:
   1643	41AB  FF 16 04A8r		      CALL  [L04FCH]
   1644	41AF  1F			      POP   DS
   1645	41B0  C3			      RET
   1646	41B1			     CSTVID11 ENDP
   1647
   1648				     ;------------------------------------------------------------
   1649				     ; Encrypt string and display message
   1650				     ;------------------------------------------------------------
   1651	41B1			     CSTVID12 PROC  NEAR
   1652	41B1  1E			      PUSH  DS
   1653	41B2  8C CA			      MOV   DX,CS
Turbo Assembler	 Version 4.0	    08/05/04 21:42:06	    Page 30
GTHAI.asm



   1654	41B4  8E C2			      MOV   ES,DX
   1655	41B6  E8 FEA7			      CALL  ENCRYPT_STRING
   1656	41B9  8E DA			      MOV   DS,DX
   1657	41BB  8E 06 04B0r		      MOV   ES,WORD PTR	[VIDBUF]
   1658	41BF  8B 36 04E6r		      MOV   SI,[MSGVECT]
   1659	41C3  E8 0138			      CALL  DO_MSG
   1660	41C6  1F			      POP   DS
   1661	41C7  C3			      RET
   1662	41C8			     CSTVID12 ENDP
   1663
   1664				     ;======================================================================
   1665				     ;	      Parameter	table for DO_MENU
   1666				     ;======================================================================
   1667	41C8  0000		     MENU_LEFT_COLUMN	     DW	 0H
   1668	41CA  0000		     MENU_TOP_ROW	     DW	 0H
   1669	41CC  0000		     MENU_WIDTH		     DW	 0H
   1670	41CE  0000		     MENU_HEIGHT	     DW	 0H
   1671	41D0  0000		     MENU_FRAME_WIDTH	     DW	 0H
   1672	41D2  0000		     MENU_EDGE_WIDTH	     DW	 0H
   1673	41D4  0000		     MENU_BACKGROUND_COLOR   DW	 0H
   1674	41D6  0000		     MENU_FRAME_COLOR	     DW	 0H
   1675	41D8  0000		     MENU_EDGE_COLOR	     DW	 0H
   1676	41DA  0000		     MENU_SHADOW_COLOR	     DW	 0H
   1677	41DC  0000		     MENU_TITLE_MSG	     DW	 0H
   1678	41DE  0000		     MENUP0B		     DW	 0H
   1679	41E0  0000		     MENUP0C		     DW	 0H
   1680	41E2  0000		     MENUP0D		     DW	 0H
   1681	41E4  0000		     MENUP0E		     DW	 0H
   1682	41E6  0000		     MENUP0F		     DW	 0H
   1683	41E8  00		     MENUP10		     DB	 0
   1684	41E9  00		     MENUP11		     DB	 0
   1685
   1686	41EA			     L4226H PROC NEAR
   1687	41EA  D0 C8			      ROR   AL,1
   1688	41EC  83 D7 00			      ADC   DI,0
   1689	41EF  C3			      RET
   1690	41F0			     L4226H ENDP
   1691
   1692	41F0			     L422CH PROC NEAR
   1693	41F0  D0 C0			      ROL   AL,1
   1694	41F2  83 DF 00			      SBB   DI,0
   1695	41F5  C3			      RET
   1696	41F6			     L422CH ENDP
   1697
   1698
   1699				     ;------------------------------------------------------------
   1700	41F6			     DRAW_LINE	 PROC  NEAR
   1701	41F6  BB 41EAr			      MOV   BX,OFFSET L4226H
   1702	41F9  8B 36 04A0r		      MOV   SI,[NEXT_LINE]
   1703	41FD  0B C9			      OR    CX,CX
   1704	41FF  79 05			      JNS   L4242H
   1705	4201  F7 D9			      NEG   CX
   1706	4203  BB 41F0r			      MOV   BX,OFFSET L422CH
   1707	4206			     L4242H:
   1708	4206  0B D2			      OR    DX,DX
   1709	4208  79 06			      JNS   L424CH
   1710	420A  F7 DA			      NEG   DX
Turbo Assembler	 Version 4.0	    08/05/04 21:42:06	    Page 31
GTHAI.asm



   1711	420C  8B 36 04A2r		      MOV   SI,[PREV_LINE]
   1712	4210			     L424CH:
   1713	4210  3B CA			      CMP   CX,DX	     ;Is DX > CX ?
   1714	4212  73 04			      JNC   L4254H	     ;No, go ahead
   1715	4214  87 CA			      XCHG  CX,DX	     ;Swap
   1716	4216  87 DE			      XCHG  BX,SI
   1717	4218			     L4254H:
   1718	4218  E3 26			      JCXZ  L427CH	      ;Jump if CX=0.
   1719	421A  89 36 41E4r		      MOV   [MENUP0E],SI
   1720	421E  89 1E 41E2r		      MOV   [MENUP0D],BX
   1721	4222  8B DA			      MOV   BX,DX
   1722	4224  BA 03CE			      MOV   DX,GRAPHICS_ADDRESS_REG
   1723	4227  B0 08			      MOV   AL,8
   1724	4229  EE			      OUT   DX,AL
   1725	422A  42			      INC   DX
   1726	422B  8B 3E 14BDr		      MOV   DI,WORD PTR	[VID_OFFSET]
   1727	422F  A0 14BFr			      MOV   AL,[L1513H]
   1728	4232  0B DB			      OR    BX,BX
   1729	4234  75 0B			      JNZ   L427DH
   1730	4236			     L4272H:
   1731	4236  FF 16 04AAr		      CALL  [L04FEH]
   1732	423A  FF 16 41E2r		      CALL  [MENUP0D]
   1733	423E  E2 F6			      LOOP  L4272H	      ;Dec CX, loop if CX<>0.
   1734	4240			     L427CH:
   1735	4240  C3			      RET
   1736	4241			     DRAW_LINE ENDP
   1737
   1738	4241			     L427DH PROC NEAR
   1739	4241  D1 E3			      SHL   BX,1
   1740	4243  89 1E 41DEr		      MOV   [MENUP0B],BX
   1741	4247  2B D9			      SUB   BX,CX
   1742	4249  D1 E1			      SHL   CX,1
   1743	424B  89 0E 41E0r		      MOV   [MENUP0C],CX
   1744	424F  D1 E9			      SHR   CX,1
   1745	4251			     L428DH:
   1746	4251  FF 16 04AAr		      CALL  [L04FEH]
   1747	4255  0B DB			      OR    BX,BX
   1748	4257  78 08			      JS    L429DH
   1749	4259  2B 1E 41E0r		      SUB   BX,[MENUP0C]
   1750	425D  FF 16 41E4r		      CALL  [MENUP0E]
   1751
   1752	4261			     L429DH:
   1753	4261  03 1E 41DEr		      ADD   BX,[MENUP0B]
   1754	4265  FF 16 41E2r		      CALL  [MENUP0D]
   1755	4269  E2 E6			      LOOP  L428DH	      ;Dec CX, loop if CX<>0.
   1756	426B  C3			      RET
   1757	426C			     L427DH ENDP
   1758
   1759				     ;------------------------------------------------------------
   1760	426C			     L42A8H PROC  NEAR
   1761	426C  33 C0			      XOR   AX,AX
   1762	426E  A2 41E8r			      MOV   BYTE PTR [MENUP10],AL
   1763	4271  A2 41E9r			      MOV   BYTE PTR [MENUP11],AL
   1764	4274  A3 41E6r			      MOV   [MENUP0F],AX
   1765	4277  8B 3E 14BDr		      MOV   DI,WORD PTR	[VID_OFFSET]
   1766	427B  A0 14BFr			      MOV   AL,[L1513H]
   1767	427E  89 16 41E0r		      MOV   [MENUP0C],DX
Turbo Assembler	 Version 4.0	    08/05/04 21:42:06	    Page 32
GTHAI.asm



   1768	4282  0A C0			      OR    AL,AL
   1769	4284  78 0B			      JS    L42CDH
   1770	4286			     L42C2H:
   1771	4286  E3 23			      JCXZ  L42E7H		   ;Jump if CX=0.
   1772	4288  08 06 41E8r		      OR    BYTE PTR [MENUP10],AL
   1773	428C  49			      DEC   CX
   1774	428D  D0 E8			      SHR   AL,1
   1775	428F  75 F5			      JNZ   L42C2H
   1776	4291			     L42CDH:
   1777	4291  8B C1			      MOV   AX,CX
   1778	4293  D1 E8			      SHR   AX,1
   1779	4295  D1 E8			      SHR   AX,1
   1780	4297  D1 E8			      SHR   AX,1
   1781	4299  A3 41E6r			      MOV   [MENUP0F],AX
   1782	429C  83 E1 07			      AND   CX,7H
   1783	429F  74 0A			      JZ    L42E7H
   1784	42A1  83 F1 07			      XOR   CX,7H
   1785	42A4  B0 FE			      MOV   AL,0FEH
   1786	42A6  D2 E0			      SHL   AL,CL
   1787	42A8  A2 41E9r			      MOV   BYTE PTR [MENUP11],AL
   1788	42AB			     L42E7H:
   1789	42AB  BA 03CE			      MOV   DX,GRAPHICS_ADDRESS_REG
   1790	42AE  B0 08			      MOV   AL,8
   1791	42B0  EE			      OUT   DX,AL
   1792	42B1  42			      INC   DX			     ;Bump to GRAPHICS DATA REG
   1793	42B2  8B 36 14C1r		      MOV   SI,WORD PTR	[PATTERN_POINTER]
   1794	42B6  33 DB			      XOR   BX,BX
   1795	42B8			     L42F4H:
   1796	42B8  57			      PUSH  DI
   1797	42B9  8A 38			      MOV   BH,BYTE PTR	[BX+SI]
   1798	42BB  A0 41E8r			      MOV   AL,BYTE PTR	[MENUP10]
   1799	42BE  0A C0			      OR    AL,AL
   1800	42C0  74 0D			      JZ    L430BH
   1801	42C2  EE			      OUT   DX,AL
   1802	42C3  8A E0			      MOV   AH,AL
   1803	42C5  22 E7			      AND   AH,BH
   1804	42C7  F6 D0			      NOT   AL
   1805	42C9  26: 22 05			      AND   AL,BYTE PTR	ES:[DI]
   1806	42CC  0A C4			      OR    AL,AH
   1807	42CE  AA			      STOSB		      ;Store byt in AL in ES:DI	++.
   1808	42CF			     L430BH:
   1809	42CF  8B 0E 41E6r		      MOV   CX,[MENUP0F]
   1810	42D3  E3 05			      JCXZ  L4316H	      ;Jump if CX=0.
   1811	42D5  8A C7			      MOV   AL,BH
   1812	42D7  EE			      OUT   DX,AL
   1813	42D8  F3> AA			      REPZ STOSB	      ;Store byt in AL in ES:DI	++.
   1814	42DA			     L4316H:
   1815	42DA  A0 41E9r			      MOV   AL,BYTE PTR	[MENUP11]
   1816	42DD  0A C0			      OR    AL,AL
   1817	42DF  74 0D			      JZ    L432AH
   1818	42E1  EE			      OUT   DX,AL
   1819	42E2  8A E0			      MOV   AH,AL
   1820	42E4  22 E7			      AND   AH,BH
   1821	42E6  F6 D0			      NOT   AL
   1822	42E8  26: 22 05			      AND   AL,BYTE PTR	ES:[DI]
   1823	42EB  0A C4			      OR    AL,AH
   1824	42ED  AA			      STOSB		      ;Store byt in AL in ES:DI	++.
Turbo Assembler	 Version 4.0	    08/05/04 21:42:06	    Page 33
GTHAI.asm



   1825	42EE			     L432AH:
   1826	42EE  5F			      POP   DI
   1827	42EF  FF 16 04A0r		      CALL  [NEXT_LINE]
   1828	42F3  43			      INC   BX
   1829	42F4  83 E3 07			      AND   BX,7H
   1830	42F7  FF 0E 41E0r		      DEC   [MENUP0C]
   1831	42FB  75 BB			      JNZ   L42F4H
   1832	42FD  C3			      RET
   1833	42FE			     L42A8H ENDP
   1834
   1835				     ;------------------------------------------------------------
   1836	42FE			     P_0019   PROC  NEAR
   1837				     ;------------------------------------------------------------
   1838	42FE			     DO_MSG:
   1839	42FE  53			      PUSH BX
   1840	42FF  55			      PUSH BP
   1841	4300  8B 3E 14BDr		      MOV   DI,WORD PTR	[VID_OFFSET] ;POINT TO SCREEN
   1842	4304			     @@1:
   1843	4304  AC			      LODSB		      ;Load AL with byt	at DS:SI ++.
   1844	4305  34 05			      XOR   AL,END_OF_STRING
   1845	4307  75 12			      JNZ   @@3
   1846	4309  5D			      POP  BP
   1847	430A  5B			      POP  BX
   1848	430B  C3			      RET
   1849
   1850	430C			     @@2:
   1851	430C  8A 26 14A4r		      MOV   AH,[TEXT_COLOR]
   1852	4310  87 F5			      XCHG  SI,BP
   1853	4312  FF 16 04A8r		      CALL  [L04FCH]
   1854	4316  8B F5			      MOV   SI,BP
   1855	4318  47			      INC   DI
   1856	4319  EB E9			      JMP   @@1
   1857	431B			     @@3:
   1858	431B  33 DB			      XOR   BX,BX
   1859	431D  BD 25DBr			      MOV   BP,OFFSET FONT_2
   1860	4320  8A D8			      MOV   BL,AL
   1861	4322  80 BF 14DBr 05		      CMP   BYTE PTR [BX]+L152FH,5
   1862	4327  75 E3			      JNZ   @@2
   1863	4329  D1 E3			      SHL   BX,1
   1864	432B  D1 E3			      SHL   BX,1
   1865	432D  D1 E3			      SHL   BX,1
   1866	432F  D1 E3			      SHL   BX,1
   1867	4331  03 DD			      ADD   BX,BP
   1868	4333  BD 14A7r			      MOV   BP,OFFSET L14FBH
   1869	4336  B9 0007			      MOV   CX,7
   1870	4339			     @@4:
   1871	4339  8B 07			      MOV   AX,WORD PTR	[BX]
   1872	433B  2E: 89 46	00		      MOV   WORD PTR CS:[BP]+0,AX
   1873	433F  43			      INC   BX
   1874	4340  43			      INC   BX
   1875	4341  45			      INC   BP
   1876	4342  45			      INC   BP
   1877	4343  E2 F4			      LOOP  @@4			   ;Dec	CX, loop if CX<>0.
   1878	4345  BD 14A7r			      MOV   BP,OFFSET L14FBH
   1879	4348  8A 1C			      MOV   BL,BYTE PTR	[SI]
   1880	434A  80 F3 05			      XOR   BL,5
   1881	434D  75 03 E9 0089		      JZ @@10
Turbo Assembler	 Version 4.0	    08/05/04 21:42:06	    Page 34
GTHAI.asm



   1882
   1883	4352  32 FF			      XOR   BH,BH
   1884	4354  8A A7 14DBr		      MOV   AH,BYTE PTR	[BX]+L152FH
   1885	4358  D1 E3			      SHL   BX,1
   1886	435A  D1 E3			      SHL   BX,1
   1887	435C  D1 E3			      SHL   BX,1
   1888	435E  D1 E3			      SHL   BX,1
   1889	4360  81 C3 25DBr		      ADD   BX,OFFSET FONT_2
   1890	4364  B1 07			      MOV   CL,7
   1891	4366  80 FC 07			      CMP   AH,7
   1892	4369  75 2B			      JNZ   @@6
   1893	436B			     @@5:
   1894	436B  8B 07			      MOV   AX,WORD PTR	[BX]
   1895	436D  2E: 09 46	00		      OR    WORD PTR CS:[BP]+0,AX
   1896	4371  43			      INC   BX
   1897	4372  43			      INC   BX
   1898	4373  45			      INC   BP
   1899	4374  45			      INC   BP
   1900	4375  E2 F4			      LOOP  @@5		   ;Dec	CX, loop if CX<>0.
   1901	4377  BD 14A7r			      MOV   BP,OFFSET L14FBH
   1902	437A  46			      INC   SI
   1903	437B  8A 1C			      MOV   BL,BYTE PTR	[SI]
   1904	437D  80 F3 05			      XOR   BL,5
   1905	4380  74 14			      JZ    @@6
   1906	4382  32 FF			      XOR   BH,BH
   1907	4384  8A A7 14DBr		      MOV   AH,BYTE PTR	[BX]+L152FH
   1908	4388  D1 E3			      SHL   BX,1
   1909	438A  D1 E3			      SHL   BX,1
   1910	438C  D1 E3			      SHL   BX,1
   1911	438E  D1 E3			      SHL   BX,1
   1912	4390  81 C3 25DBr		      ADD   BX,OFFSET FONT_2
   1913	4394  B1 07			      MOV   CL,7
   1914	4396			     @@6:
   1915	4396  80 FC 08			      CMP   AH,8
   1916	4399  75 2B			      JNZ   @@8
   1917	439B			     @@7:
   1918	439B  8B 07			      MOV   AX,WORD PTR	[BX]
   1919	439D  2E: 09 46	00		      OR    WORD PTR CS:[BP]+0,AX
   1920	43A1  43			      INC   BX
   1921	43A2  43			      INC   BX
   1922	43A3  45			      INC   BP
   1923	43A4  45			      INC   BP
   1924	43A5  E2 F4			      LOOP  @@7		   ;Dec	CX, loop if CX<>0.
   1925	43A7  BD 14A7r			      MOV   BP,OFFSET L14FBH
   1926	43AA  46			      INC   SI
   1927	43AB  8A 1C			      MOV   BL,BYTE PTR	[SI]
   1928	43AD  80 F3 05			      XOR   BL,5
   1929	43B0  74 29			      JZ    @@10
   1930	43B2  32 FF			      XOR   BH,BH
   1931	43B4  8A A7 14DBr		      MOV   AH,BYTE PTR	[BX]+L152FH
   1932	43B8  D1 E3			      SHL   BX,1
   1933	43BA  D1 E3			      SHL   BX,1
   1934	43BC  D1 E3			      SHL   BX,1
   1935	43BE  D1 E3			      SHL   BX,1
   1936	43C0  81 C3 25DDr		      ADD   BX,OFFSET FONT_2+2
   1937	43C4  B1 06			      MOV   CL,6
   1938	43C6			     @@8:
Turbo Assembler	 Version 4.0	    08/05/04 21:42:06	    Page 35
GTHAI.asm



   1939	43C6  80 FC 09			      CMP   AH,HT
   1940	43C9  75 10			      JNZ   @@10
   1941	43CB			     @@9:
   1942	43CB  8B 07			      MOV   AX,WORD PTR	[BX]
   1943	43CD  2E: 09 46	00		      OR    WORD PTR CS:[BP]+0,AX
   1944	43D1  43			      INC   BX
   1945	43D2  43			      INC   BX
   1946	43D3  45			      INC   BP
   1947	43D4  45			      INC   BP
   1948	43D5  E2 F4			      LOOP  @@9		   ;Dec	CX, loop if CX<>0.
   1949	43D7  BD 14A7r			      MOV   BP,OFFSET L14FBH
   1950	43DA  46			      INC   SI
   1951
   1952	43DB			     @@10:
   1953	43DB  8A C5			      MOV   AL,CH
   1954	43DD  E9 FF2C			      JMP   @@2
   1955	43E0			     P_0019   ENDP
   1956
   1957				     ;------------------------------------------------------------
   1958	43E0			     P_001A   PROC  NEAR
   1959				     ;------------------------------------------------------------
   1960	43E0			     L441CH:
   1961	43E0  B8 0003			      MOV   AX,CYAN
   1962	43E3  FF 16 049Ar		      CALL  [SET_SHADOW_COLOR]
   1963	43E7  B0 FF			      MOV   AL,0FFH
   1964	43E9  B3 0E			      MOV   BL,14
   1965	43EB  8A F9			      MOV   BH,CL
   1966	43ED  8B 3E 14BDr		      MOV   DI,WORD PTR	[VID_OFFSET]
   1967	43F1			     @@1:
   1968	43F1  8B F7			      MOV   SI,DI
   1969	43F3			     @@2:
   1970	43F3  FF 16 04AAr		      CALL  [L04FEH]
   1971	43F7  47			      INC   DI
   1972	43F8  E2 F9			      LOOP  @@2		   ;Dec	CX, loop if CX<>0.
   1973	43FA  8A CF			      MOV   CL,BH
   1974	43FC  8B FE			      MOV   DI,SI
   1975	43FE  FF 16 04A0r		      CALL  [NEXT_LINE]
   1976	4402  FE CB			      DEC   BL
   1977	4404  75 EB			      JNZ   @@1
   1978	4406  B8 0000			      MOV   AX,BLACK
   1979	4409  FF 16 049Ar		      CALL  [SET_SHADOW_COLOR]
   1980	440D  C3			      RET
   1981	440E			     P_001A   ENDP
   1982
   1983				     ;------------------------------------------------------------
   1984	440E			     P_001B   PROC  NEAR
   1985				     ;------------------------------------------------------------
   1986	440E			     L444AH:
   1987	440E  B8 0000			      MOV   AX,BLACK
   1988	4411  FF 16 049Ar		      CALL  [SET_SHADOW_COLOR]
   1989	4415  83 3E 41D4r FF		      CMP   [MENU_BACKGROUND_COLOR],0FFFFH
   1990	441A  74 1E			      JZ    @@1
   1991	441C  A1 41D4r			      MOV   AX,[MENU_BACKGROUND_COLOR]
   1992	441F  FF 16 0498r		      CALL  [SET_EDGE_COLOR]
   1993	4423  8B 0E 41C8r		      MOV   CX,[MENU_LEFT_COLUMN]
   1994	4427  8B 16 41CAr		      MOV   DX,[MENU_TOP_ROW]
   1995	442B  FF 16 049Cr		      CALL  [CURSOR_CALC]
Turbo Assembler	 Version 4.0	    08/05/04 21:42:06	    Page 36
GTHAI.asm



   1996	442F  8B 0E 41CCr		      MOV   CX,[MENU_WIDTH]
   1997	4433  8B 16 41CEr		      MOV   DX,[MENU_HEIGHT]
   1998	4437  E8 FE32			      CALL  L42A8H
   1999
   2000	443A			     @@1:
   2001	443A  8B 36 41D2r		      MOV   SI,[MENU_EDGE_WIDTH]
   2002	443E  0B F6			      OR    SI,SI
   2003	4440			     @@2:
   2004	4440  75 01			      JNZ   @@3
   2005	4442  C3			      RET
   2006
   2007	4443			     @@3:
   2008	4443  8B 0E 41C8r		      MOV   CX,[MENU_LEFT_COLUMN]
   2009	4447  03 0E 41CCr		      ADD   CX,[MENU_WIDTH]
   2010	444B  03 CE			      ADD   CX,SI
   2011	444D  49			      DEC   CX
   2012	444E  8B 16 41CAr		      MOV   DX,[MENU_TOP_ROW]
   2013	4452  2B D6			      SUB   DX,SI
   2014	4454  FF 16 049Cr		      CALL  [CURSOR_CALC]
   2015	4458  A1 41DAr			      MOV   AX,[MENU_SHADOW_COLOR]
   2016	445B  FF 16 0498r		      CALL  [SET_EDGE_COLOR]
   2017	445F  A0 14BFr			      MOV   AL,[L1513H]
   2018	4462  8B 0E 41CEr		      MOV   CX,[MENU_HEIGHT]
   2019	4466  D1 E6			      SHL   SI,1	      ;Note, reference to 0044A3
   2020	4468  03 CE			      ADD   CX,SI
   2021	446A  49			      DEC   CX
   2022	446B			     @@4:
   2023	446B  FF 16 04AAr		      CALL  [L04FEH]
   2024	446F  FF 16 04A0r		      CALL  [NEXT_LINE]
   2025	4473  E2 F6			      LOOP  @@4		   ;Dec	CX, loop if CX<>0.
   2026	4475  8B 0E 41CCr		      MOV   CX,[MENU_WIDTH]
   2027	4479  03 CE			      ADD   CX,SI
   2028	447B  49			      DEC   CX
   2029	447C			     @@5:
   2030	447C  FF 16 04AAr		      CALL  [L04FEH]
   2031	4480  D0 C0			      ROL   AL,1
   2032	4482  83 DF 00			      SBB   DI,0
   2033	4485  E2 F5			      LOOP  @@5		   ;Dec	CX, loop if CX<>0.
   2034	4487  A1 41D8r			      MOV   AX,[MENU_EDGE_COLOR]
   2035	448A  FF 16 0498r		      CALL  [SET_EDGE_COLOR]
   2036	448E  8B 3E 14BDr		      MOV   DI,WORD PTR	[VID_OFFSET]
   2037	4492  A0 14BFr			      MOV   AL,[L1513H]
   2038	4495  8B 0E 41CCr		      MOV   CX,[MENU_WIDTH]
   2039	4499  03 CE			      ADD   CX,SI
   2040	449B  49			      DEC   CX
   2041	449C			     @@6:
   2042	449C  FF 16 04AAr		      CALL  [L04FEH]
   2043	44A0  D0 C0			      ROL   AL,1
   2044	44A2  83 DF 00			      SBB   DI,0
   2045	44A5  E2 F5			      LOOP  @@6		   ;Dec	CX, loop if CX<>0.
   2046	44A7  8B 0E 41CEr		      MOV   CX,[MENU_HEIGHT]
   2047	44AB  03 CE			      ADD   CX,SI
   2048	44AD			     @@7:
   2049	44AD  FF 16 04AAr		      CALL  [L04FEH]
   2050	44B1  FF 16 04A0r		      CALL  [NEXT_LINE]
   2051	44B5  E2 F6			      LOOP  @@7		   ;Dec	CX, loop if CX<>0.
   2052	44B7  D1 EE			      SHR   SI,1
Turbo Assembler	 Version 4.0	    08/05/04 21:42:06	    Page 37
GTHAI.asm



   2053	44B9  4E			      DEC   SI
   2054	44BA  EB 84			      JMP   SHORT @@2
   2055	44BC			     P_001B   ENDP
   2056
   2057				     ;------------------------------------------------------------
   2058	44BC			     SHOW_MENU	PROC  FAR
   2059				     ;------------------------------------------------------------
   2060	44BC			     DO_MENU:
   2061	44BC  A1 41D0r			      MOV   AX,[MENU_FRAME_WIDTH]
   2062	44BF  40			      INC   AX
   2063	44C0  40			      INC   AX
   2064	44C1  29 06 41C8r		      SUB   [MENU_LEFT_COLUMN],AX
   2065	44C5  29 06 41CAr		      SUB   [MENU_TOP_ROW],AX
   2066	44C9  D1 E0			      SHL   AX,1
   2067	44CB  01 06 41CCr		      ADD   [MENU_WIDTH],AX
   2068	44CF  01 06 41CEr		      ADD   [MENU_HEIGHT],AX
   2069	44D3  83 3E 41DCr 00		      CMP   [MENU_TITLE_MSG],0
   2070	44D8  74 0A			      JZ    @@1
   2071	44DA  83 2E 41CAr 0F		      SUB   [MENU_TOP_ROW],15
   2072	44DF  83 06 41CEr 0F		      ADD   [MENU_HEIGHT],15
   2073	44E4			     @@1:
   2074	44E4  A1 41D4r			      MOV   AX,[MENU_BACKGROUND_COLOR]
   2075	44E7  87 06 41D6r		      XCHG  AX,[MENU_FRAME_COLOR]
   2076	44EB  A3 41D4r			      MOV   [MENU_BACKGROUND_COLOR],AX
   2077	44EE  E8 FF1D			      CALL  L444AH
   2078	44F1  A1 41D4r			      MOV   AX,[MENU_BACKGROUND_COLOR]
   2079	44F4  87 06 41D6r		      XCHG  AX,[MENU_FRAME_COLOR]
   2080	44F8  A3 41D4r			      MOV   [MENU_BACKGROUND_COLOR],AX
   2081	44FB  83 3E 41D0r 00		      CMP   [MENU_FRAME_WIDTH],0
   2082	4500  74 28			      JZ    @@2
   2083	4502  A1 41D0r			      MOV   AX,[MENU_FRAME_WIDTH]
   2084	4505  40			      INC   AX
   2085	4506  40			      INC   AX
   2086	4507  01 06 41C8r		      ADD   [MENU_LEFT_COLUMN],AX
   2087	450B  01 06 41CAr		      ADD   [MENU_TOP_ROW],AX
   2088	450F  D1 E0			      SHL   AX,1
   2089	4511  29 06 41CCr		      SUB   [MENU_WIDTH],AX
   2090	4515  29 06 41CEr		      SUB   [MENU_HEIGHT],AX
   2091	4519  A1 41D8r			      MOV   AX,[MENU_EDGE_COLOR]
   2092	451C  8B 1E 41DAr		      MOV   BX,[MENU_SHADOW_COLOR]
   2093	4520  A3 41DAr			      MOV   [MENU_SHADOW_COLOR],AX
   2094	4523  89 1E 41D8r		      MOV   [MENU_EDGE_COLOR],BX
   2095	4527  E8 FEE4			      CALL  L444AH
   2096
   2097	452A			     @@2:
   2098	452A  83 3E 41DCr 00		      CMP   [MENU_TITLE_MSG],0
   2099	452F  74 73			      JZ    MSG_EXIT
   2100	4531  C7 06 41CEr 000E		      MOV   [MENU_HEIGHT],14
   2101	4537  C7 06 41D2r 0001		      MOV   [MENU_EDGE_WIDTH],1
   2102	453D  A1 41D8r			      MOV   AX,[MENU_EDGE_COLOR]
   2103	4540  8B 1E 41DAr		      MOV   BX,[MENU_SHADOW_COLOR]
   2104	4544  8B 0E 41D6r		      MOV   CX,[MENU_FRAME_COLOR]
   2105	4548  A3 41DAr			      MOV   [MENU_SHADOW_COLOR],AX
   2106	454B  89 1E 41D8r		      MOV   [MENU_EDGE_COLOR],BX
   2107	454F  89 0E 41D4r		      MOV   [MENU_BACKGROUND_COLOR],CX
   2108	4553  E8 FEB8			      CALL  L444AH
   2109	4556  8B 36 41DCr		      MOV   SI,[MENU_TITLE_MSG]
Turbo Assembler	 Version 4.0	    08/05/04 21:42:06	    Page 38
GTHAI.asm



   2110	455A  33 C9			      XOR   CX,CX
   2111	455C			     COUNT_LOOP:
   2112	455C  AC			      LODSB			     ;Get a character
   2113	455D  34 05			      XOR   AL,END_OF_STRING	     ;Decode character
   2114	455F  74 17			      JZ    COUNT_DONE		     ;If END_OF_MESSAGE, we're done
   2115	4561  3C D1			      CMP   AL,MAI_HAN_AKAT	     ;Thai vowel, don't	count it
   2116	4563  74 F7			      JZ    COUNT_LOOP
   2117	4565  3C D4			      CMP   AL,SARA_I		     ;Check range SARA_I to PHINTHU
   2118	4567  72 0C			      JC    BUMP_COUNT		     ;If below range, count it
   2119	4569  3C DA			      CMP   AL,PHINTHU
   2120	456B  76 EF			      JBE   COUNT_LOOP		     ;If in range, don't count it
   2121	456D  3C E7			      CMP   AL,MAI_TAI_KHU	     ;Check range MAI_TAI_KHU to NIKKHAHIT
   2122	456F  72 04			      JC    BUMP_COUNT		     ;If below range, count it
   2123	4571  3C ED			      CMP   AL,NIKKHAHIT
   2124	4573  76 E7			      JBE   COUNT_LOOP		     ;If in range, don't count it,
   2125	4575			     BUMP_COUNT:			     ;else, drop through and bump count
   2126	4575  41			      INC   CX
   2127	4576  EB E4			      JMP   COUNT_LOOP
   2128	4578			     COUNT_DONE:
   2129	4578  A1 41CCr			      MOV   AX,[MENU_WIDTH]	     ;Center title in window
   2130	457B  D1 E1			      SHL   CX,1
   2131	457D  D1 E1			      SHL   CX,1
   2132	457F  D1 E1			      SHL   CX,1		     ;Title length /8
   2133	4581  2B C1			      SUB   AX,CX		     ;MENU_WIDTH - (Title/8)
   2134	4583  D1 E8			      SHR   AX,1		     ;Center of	menu
   2135	4585  03 06 41C8r		      ADD   AX,[MENU_LEFT_COLUMN]    ;Offset from left edge
   2136	4589  8B C8			      MOV   CX,AX
   2137	458B  8B 16 41CAr		      MOV   DX,[MENU_TOP_ROW]
   2138	458F  FF 16 049Cr		      CALL  [CURSOR_CALC]
   2139	4593  83 06 41CAr 0F		      ADD   [MENU_TOP_ROW],15
   2140	4598  8B 36 41DCr		      MOV   SI,[MENU_TITLE_MSG]
   2141	459C  C6 06 14A4r 4F		      MOV   [TEXT_COLOR],TITLE_COLOR
   2142	45A1  E9 FD5A			      JMP   DO_MSG
   2143
   2144	45A4			     MSG_EXIT:
   2145	45A4  C3			      RETN
   2146	45A5			     SHOW_MENU ENDP
   2147
   2148	45A5  B0		     L45E1H   DB   THO_THAN
   2149	45A6  4B7Br		     L45E2H   DW    L4BADH
   2150	45A8  4B10r		     L45E4H   DW    L4B42H
   2151	45AA  4BFCr		     L45E6H   DW    L4C2EH
   2152
   2153	45AC  B1			      DB     THO_NANGMONTHO
   2154	45AD  4B7Br			      DW     L4BADH
   2155	45AF  4B10r			      DW     L4B42H
   2156	45B1  4BFCr			      DW     L4C2EH
   2157
   2158	45B3  B2			      DB     THO_PHUTHAO
   2159	45B4  4B7Br			      DW     L4BADH
   2160	45B6  4B10r			      DW     L4B42H
   2161	45B8  4BFCr			      DW     L4C2EH
   2162
   2163	45BA  B3			      DB     NO_NEN
   2164	45BB  4B8Fr			      DW     L4BC1H
   2165	45BD  46F5r			      DW     L4731H
   2166	45BF  477Dr			      DW     L47B5H
Turbo Assembler	 Version 4.0	    08/05/04 21:42:06	    Page 39
GTHAI.asm



   2167
   2168	45C1  B3			      DB     NO_NEN
   2169	45C2  4B8Fr			      DW     L4BC1H
   2170	45C4  4801r			      DW     L4836H
   2171	45C6  46F5r			      DW     L4731H
   2172
   2173	45C8  B3			      DB     NO_NEN
   2174	45C9  4B8Fr			      DW     L4BC1H
   2175	45CB  4A0Cr			      DW     L4A3EH
   2176	45CD  46F5r			      DW     L4731H
   2177
   2178	45CF  B3			      DB     NO_NEN
   2179	45D0  4B8Fr			      DW     L4BC1H
   2180	45D2  4801r			      DW     L4836H
   2181	45D4  4904r			      DW     L4939H
   2182
   2183	45D6  BA			      DB     BO_BAIMAI
   2184	45D7  4B8Fr			      DW     L4BC1H
   2185	45D9  4801r			      DW     L4836H
   2186	45DB  4988r			      DW     L49BDH
   2187
   2188	45DD  B3			      DB     NO_NEN
   2189	45DE  4B8Fr			      DW     L4BC1H
   2190	45E0  4A0Cr			      DW     L4A3EH
   2191	45E2  477Dr			      DW     L47B5H
   2192
   2193	45E4  BA			      DB     BO_BAIMAI
   2194	45E5  4B8Fr			      DW     L4BC1H
   2195	45E7  4A0Cr			      DW     L4A3EH
   2196	45E9  4904r			      DW     L4939H
   2197
   2198	45EB  BA			      DB     BO_BAIMAI
   2199	45EC  4B8Fr			      DW     L4BC1H
   2200	45EE  4904r			      DW     L4939H
   2201	45F0  4988r			      DW     L49BDH
   2202
   2203	45F2  BA			      DB     BO_BAIMAI
   2204	45F3  4B8Fr			      DW     L4BC1H
   2205	45F5  4A0Cr			      DW     L4A3EH
   2206	45F7  4988r			      DW     L49BDH
   2207
   2208	45F9  BA			      DB     BO_BAIMAI
   2209	45FA  4B8Cr			      DW     L4BBEH
   2210	45FC  4A0Cr			      DW     L4A3EH
   2211	45FE  4904r			      DW     L4939H
   2212
   2213	4600  BA			      DB     BO_BAIMAI
   2214	4601  4B8Cr			      DW     L4BBEH
   2215	4603  4801r			      DW     L4836H
   2216	4605  4904r			      DW     L4939H
   2217
   2218	4607  BA			      DB     BO_BAIMAI
   2219	4608  4B8Cr			      DW     L4BBEH
   2220	460A  4A0Cr			      DW     L4A3EH
   2221	460C  46F5r			      DW     L4731H
   2222
   2223	460E  B3			      DB     NO_NEN
Turbo Assembler	 Version 4.0	    08/05/04 21:42:06	    Page 40
GTHAI.asm



   2224	460F  4B8Fr			      DW     L4BC1H
   2225	4611  4801r			      DW     L4836H
   2226	4613  477Dr			      DW     L47B5H
   2227
   2228	4615  C4			      DB     RU
   2229	4616  4B76r			      DW     L4BA8H
   2230	4618  4883r			      DW     L48B8H
   2231	461A  46F5r			      DW     L4731H
   2232
   2233	461C  C4			      DB     RU
   2234	461D  4B7Br			      DW     L4BADH
   2235	461F  4801r			      DW     L4836H
   2236	4621  4883r			      DW     L48B8H
   2237
   2238	4623  C4			      DB     RU
   2239	4624  4B7Br			      DW     L4BADH
   2240	4626  4801r			      DW     L4836H
   2241	4628  4883r			      DW     L48B8H
   2242
   2243	462A  C4			      DB     RU
   2244	462B  4B76r			      DW     L4BA8H
   2245	462D  4883r			      DW     L48B8H
   2246	462F  46F5r			      DW     L4731H
   2247
   2248	4631  C4			      DB     RU
   2249	4632  4B76r			      DW     L4BA8H
   2250	4634  4801r			      DW     L4836H
   2251	4636  4883r			      DW     L48B8H
   2252
   2253	4638  C4			      DB     RU
   2254	4639  4B7Br			      DW     L4BADH
   2255	463B  4801r			      DW     L4836H
   2256	463D  4883r			      DW     L48B8H
   2257
   2258	463F  CD			      DB     O_ANG
   2259	4640  4B7Br			      DW     L4BADH
   2260	4642  4A8Er			      DW     L4AC0H
   2261	4644  46F5r			      DW     L4731H
   2262
   2263	4646  C4			      DB     RU
   2264	4647  4B76r			      DW     L4BA8H
   2265	4649  4883r			      DW     L48B8H
   2266	464B  4904r			      DW     L4939H
   2267
   2268	464D  CD			      DB     O_ANG
   2269	464E  4B71r			      DW     L4BA3H
   2270	4650  4A8Er			      DW     L4AC0H
   2271	4652  4904r			      DW     L4939H
   2272
   2273	4654  CD			      DB     O_ANG
   2274	4655  4B7Br			      DW     L4BADH
   2275	4657  4A8Er			      DW     L4AC0H
   2276	4659  4988r			      DW     L49BDH
   2277
   2278	465B  CD			      DB     O_ANG
   2279	465C  4B71r			      DW     L4BA3H
   2280	465E  4A0Cr			      DW     L4A3EH
Turbo Assembler	 Version 4.0	    08/05/04 21:42:06	    Page 41
GTHAI.asm



   2281	4660  4A8Er			      DW     L4AC0H
   2282
   2283	4662  CD			      DB     O_ANG
   2284	4663  4B71r			      DW     L4BA3H
   2285	4665  4A0Cr			      DW     L4A3EH
   2286	4667  4A8Er			      DW     L4AC0H
   2287
   2288	4669  CD			      DB     O_ANG
   2289	466A  4B71r			      DW     L4BA3H
   2290	466C  4A8Er			      DW     L4AC0H
   2291	466E  4904r			      DW     L4939H
   2292
   2293	4670  CD			      DB     O_ANG
   2294	4671  4B71r			      DW     L4BA3H
   2295	4673  4A0Cr			      DW     L4A3EH
   2296	4675  4A8Er			      DW     L4AC0H
   2297
   2298	4677  CD			      DB     O_ANG
   2299	4678  4B71r			      DW     L4BA3H
   2300	467A  4A0Cr			      DW     L4A3EH
   2301	467C  4A8Er			      DW     L4AC0H
   2302
   2303	467E  CD			      DB     O_ANG
   2304	467F  4B7Br			      DW     L4BADH
   2305	4681  4A0Cr			      DW     L4A3EH
   2306	4683  4A8Er			      DW     L4AC0H
   2307
   2308	4685  C4			      DB     RU
   2309	4686  4B76r			      DW     L4BA8H
   2310	4688  4801r			      DW     L4836H
   2311	468A  4883r			      DW     L48B8H
   2312
   2313	468C  CD			      DB     O_ANG
   2314	468D  4B7Br			      DW     L4BADH
   2315	468F  4A0Cr			      DW     L4A3EH
   2316	4691  4A8Er			      DW     L4AC0H
   2317
   2318	4693  C4			      DB     RU
   2319	4694  4B76r			      DW     L4BA8H
   2320	4696  4801r			      DW     L4836H
   2321	4698  4883r			      DW     L48B8H
   2322
   2323	469A  C4			      DB     RU
   2324	469B  4B7Br			      DW     L4BADH
   2325	469D  4883r			      DW     L48B8H
   2326	469F  4904r			      DW     L4939H
   2327
   2328	46A1  CD			      DB     O_ANG
   2329	46A2  4B7Br			      DW     L4BADH
   2330	46A4  4A8Er			      DW     L4AC0H
   2331	46A6  46F5r			      DW     L4731H
   2332
   2333	46A8  CD			      DB     O_ANG
   2334	46A9  4B7Br			      DW     L4BADH
   2335	46AB  4A8Er			      DW     L4AC0H
   2336	46AD  477Dr			      DW     L47B5H
   2337
Turbo Assembler	 Version 4.0	    08/05/04 21:42:06	    Page 42
GTHAI.asm



   2338	46AF  C4			      DB     RU
   2339	46B0  4B7Br			      DW     L4BADH
   2340	46B2  4883r			      DW     L48B8H
   2341	46B4  4988r			      DW     L49BDH
   2342
   2343	46B6  C4			      DB     RU
   2344	46B7  4B76r			      DW     L4BA8H
   2345	46B9  4801r			      DW     L4836H
   2346	46BB  4883r			      DW     L48B8H
   2347
   2348	46BD  C4			      DB     RU
   2349	46BE  4B76r			      DW     L4BA8H
   2350	46C0  4A0Cr			      DW     L4A3EH
   2351	46C2  4A8Er			      DW     L4AC0H
   2352
   2353	46C4  20			      DB     ' '
   2354	46C5  4BBDr			      DW     L4BEFH
   2355	46C7  4801r			      DW     L4836H
   2356	46C9  46F5r			      DW     L4731H
   2357
   2358	46CB  C4			      DB     RU
   2359	46CC  4B76r			      DW     L4BA8H
   2360	46CE  4883r			      DW     L48B8H
   2361	46D0  477Dr			      DW     L47B5H
   2362
   2363	46D2  DB			      DB     0DBH
   2364	46D3  4B7Br			      DW     L4BADH
   2365	46D5  4B10r			      DW     L4B42H
   2366	46D7  4BFCr			      DW     L4C2EH
   2367
   2368	46D9  DC			      DB     0DCH
   2369	46DA  4B7Br			      DW     L4BADH
   2370	46DC  4B10r			      DW     L4B42H
   2371	46DE  4BFCr			      DW     L4C2EH
   2372
   2373	46E0  DD			      DB     0DDH
   2374	46E1  4B7Br			      DW     L4BADH
   2375	46E3  4B10r			      DW     L4B42H
   2376	46E5  4BFCr			      DW     L4C2EH
   2377
   2378	46E7  DE			      DB     0DEH
   2379	46E8  4B7Br			      DW     L4BADH
   2380	46EA  4B10r			      DW     L4B42H
   2381	46EC  4BFCr			      DW     L4C2EH
   2382
   2383	46EE  DF			      DB     BAHT
   2384	46EF  4B7Br			      DW     L4BADH
   2385	46F1  4B10r			      DW     L4B42H
   2386	46F3  4BFCr			      DW     L4C2EH
   2387
   2388				     ;------------------------------------------------------------
   2389	46F5			     P_001D   PROC  NEAR
   2390				     ;------------------------------------------------------------
   2391
   2392	46F5			     L4731H:
   2393	46F5  56			      PUSH  SI
   2394	46F6			     L4732H:
Turbo Assembler	 Version 4.0	    08/05/04 21:42:06	    Page 43
GTHAI.asm



   2395	46F6  89 04			      MOV   WORD PTR [SI],AX
   2396	46F8			     L4734H:
   2397	46F8  81 EE 00A0		      SUB   SI,0A0H
   2398	46FC  8B 04			      MOV   AX,WORD PTR	[SI]
   2399	46FE  80 F4 80			      XOR   AH,80H
   2400	4701  79 78 90 90 90		      JNS   @@Exit
   2401	4706  3C B3			      CMP   AL,NO_NEN
   2402	4708  74 EC			      JZ    L4732H
   2403	470A  3C DA			      CMP   AL,PHINTHU
   2404	470C  75 03 E9 0173		      JZ L48B9H
   2405
   2406	4711  3C D5			      CMP   AL,SARA_II
   2407	4713  75 03 E9 0377		      JZ L4AC1H
   2408
   2409	4718  3C BF			      CMP   AL,FO_FAN
   2410	471A  75 03 E9 00E3		      JZ L4837H
   2411
   2412	471F  3C B8			      CMP   AL,THO_THONG
   2413	4721  75 03 E9 02E7		      JZ L4A3FH
   2414
   2415	4726  3C C3			      CMP   AL,RO_RUA
   2416	4728  75 05			      JNZ   NOT_RO_RUA
   2417	472A  E8 0156			      CALL  L48B8H
   2418	472D  EB C9			      JMP   SHORT L4734H
   2419	472F			     NOT_RO_RUA:
   2420	472F  3C C6			      CMP   AL,LU
   2421	4731  75 05			      JNZ   NOT_LU
   2422	4733  E8 0358			      CALL  L4AC0H
   2423	4736  EB C0			      JMP   SHORT L4734H
   2424	4738			     NOT_LU:
   2425	4738  3C B4			      CMP   AL,DO_DEK
   2426	473A  75 05			      JNZ   NOT_DO_DEK
   2427	473C  E8 00C2			      CALL  L4836H
   2428	473F  EB B7			      JMP   SHORT L4734H
   2429	4741			     NOT_DO_DEK:
   2430	4741  3C B5			      CMP   AL,TO_TAO
   2431	4743  75 05			      JNZ   NOT_TO_TAO
   2432	4745  E8 02C4			      CALL  L4A3EH
   2433	4748  EB AE			      JMP   SHORT L4734H
   2434	474A			     NOT_TO_TAO:
   2435	474A  3C C2			      CMP   AL,YO_YAK
   2436	474C  75 06			      JNZ   NOT_YO_YAK
   2437	474E  E8 00B0			      CALL  L4836H
   2438	4751  E9 0132			      JMP   L48BBH
   2439
   2440	4754			     NOT_YO_YAK:
   2441	4754  3C D1			      CMP   AL,MAI_HAN_AKAT
   2442	4756  75 06			      JNZ   NOT_MAI_HAN_AKAT
   2443	4758  E8 02B1			      CALL  L4A3EH
   2444	475B  E9 0333			      JMP   L4AC3H
   2445
   2446	475E			     NOT_MAI_HAN_AKAT:
   2447	475E  3C C5			      CMP   AL,LO_LING
   2448	4760  75 0A			      JNZ   NOT_LO_LING
   2449	4762  E8 009C			      CALL  L4836H
   2450	4765  8B 04			      MOV   AX,WORD PTR	[SI]
   2451	4767  E8 0119			      CALL  L48B8H
Turbo Assembler	 Version 4.0	    08/05/04 21:42:06	    Page 44
GTHAI.asm



   2452	476A  EB 8C			      JMP   SHORT L4734H
   2453	476C			     NOT_LO_LING:
   2454	476C  3C D8			      CMP   AL,SARA_U
   2455	476E  75 0B			      JNZ   NOT_SARA_U
   2456	4770  E8 0299			      CALL  L4A3EH
   2457	4773  8B 04			      MOV   AX,WORD PTR	[SI]
   2458	4775  E8 0316			      CALL  L4AC0H
   2459	4778  E9 FF7D			      JMP   L4734H
   2460	477B			     NOT_SARA_U:
   2461
   2462	477B			     @@Exit:
   2463	477B  5E			      POP   SI
   2464	477C  C3			      RET
   2465	477D			     P_001D   ENDP
   2466
   2467				     ;------------------------------------------------------------
   2468	477D			     P_001E   PROC  NEAR
   2469				     ;------------------------------------------------------------
   2470	477D			     L47B5H:
   2471	477D  56			      PUSH  SI
   2472	477E			     L47B6H:
   2473	477E  89 04			      MOV   WORD PTR [SI],AX
   2474	4780			     L47B8H:
   2475	4780  81 C6 00A0		      ADD   SI,0A0H
   2476	4784  8B 04			      MOV   AX,WORD PTR	[SI]
   2477	4786  80 F4 80			      XOR   AH,80H
   2478	4789  79 F0			      JNS   NOT_SARA_U
   2479	478B  3C B3			      CMP   AL,NO_NEN
   2480	478D  74 EF			      JZ    L47B6H
   2481	478F  3C D9			      CMP   AL,SARA_UU
   2482	4791  74 6F 90 90 90		      JZ    L4837H
   2483	4796  3C BE			      CMP   AL,PHO_PHAN
   2484	4798  75 03 E9 0270		      JZ L4A3FH
   2485
   2486	479D			     L47D2H:
   2487	479D  3C C0			      CMP   AL,PHO_SAMPHAO
   2488	479F  75 03 E9 00E0		      JZ L48B9H
   2489
   2490	47A4			     L47D9H:
   2491	47A4  3C D4			      CMP   AL,SARA_I
   2492	47A6  75 03 E9 02E4		      JZ L4AC1H
   2493
   2494	47AB			     L47E0H:
   2495	47AB  3C B4			      CMP   AL,DO_DEK
   2496	47AD  75 05			      JNZ   @@1
   2497	47AF  E8 004F			      CALL  L4836H
   2498	47B2  EB CC			      JMP   SHORT L47B8H
   2499	47B4			     @@1:
   2500	47B4  3C B5			      CMP   AL,TO_TAO
   2501	47B6  75 05			      JNZ   @@2
   2502	47B8  E8 0251			      CALL  L4A3EH
   2503	47BB  EB C3			      JMP   SHORT L47B8H
   2504	47BD			     @@2:
   2505	47BD  3C C3			      CMP   AL,RO_RUA
   2506	47BF  75 05			      JNZ   @@3
   2507	47C1  E8 00BF			      CALL  L48B8H
   2508	47C4  EB BA			      JMP   SHORT L47B8H
Turbo Assembler	 Version 4.0	    08/05/04 21:42:06	    Page 45
GTHAI.asm



   2509	47C6			     @@3:
   2510	47C6  3C C6			      CMP   AL,LU
   2511	47C8  75 05			      JNZ   @@4
   2512	47CA  E8 02C1			      CALL  L4AC0H
   2513	47CD  EB B1			      JMP   SHORT L47B8H
   2514	47CF			     @@4:
   2515	47CF  3C C1			     CMP   AL,MO_MA
   2516	47D1  75 06			      JNZ   @@5
   2517	47D3  E8 002B			      CALL  L4836H
   2518	47D6  E9 00AD			      JMP   L48BBH
   2519
   2520	47D9			     @@5:
   2521	47D9  3C CF			     CMP   AL,PAI_YAN_NOI
   2522	47DB  75 06			      JNZ   @@6
   2523	47DD  E8 022C			      CALL  L4A3EH
   2524	47E0  E9 02AE			      JMP   L4AC3H
   2525
   2526	47E3			     @@6:
   2527	47E3  3C C5			     CMP   AL,LO_LING
   2528	47E5  75 0A			      JNZ   @@7
   2529	47E7  E8 0017			      CALL  L4836H
   2530	47EA  8B 04			      MOV   AX,WORD PTR	[SI]
   2531	47EC  E8 0094			      CALL  L48B8H
   2532	47EF  EB 8F			      JMP   SHORT L47B8H
   2533	47F1			     @@7:
   2534	47F1  3C D8			     CMP   AL,SARA_U
   2535	47F3  75 0A			      JNZ   L4834H
   2536	47F5  E8 0214			      CALL  L4A3EH
   2537	47F8  8B 04			      MOV   AX,WORD PTR	[SI]
   2538	47FA  E8 0291			      CALL  L4AC0H
   2539	47FD  EB 81			      JMP   SHORT L47B8H
   2540	47FF			     L4834H:
   2541	47FF  5E			     POP   SI
   2542	4800  C3			      RET
   2543	4801			     P_001E   ENDP
   2544
   2545
   2546				     ;------------------------------------------------------------
   2547	4801			     P_001F   PROC  NEAR
   2548				     ;------------------------------------------------------------
   2549
   2550	4801			     L4836H:
   2551	4801  56			     PUSH  SI
   2552
   2553	4802			     L4837H:
   2554	4802  89 04			     MOV   WORD	PTR [SI],AX
   2555	4804			     L4839H:
   2556	4804  4E			     DEC   SI
   2557	4805  4E			      DEC   SI
   2558	4806  8B 04			      MOV   AX,WORD PTR	[SI]
   2559	4808  80 F4 80			      XOR   AH,80H
   2560	480B  79 F2			      JNS   L4834H
   2561	480D  3C C4			      CMP   AL,RU
   2562	480F  74 F1			      JZ    L4837H
   2563	4811  3C DA			      CMP   AL,PHINTHU
   2564	4813  75 03 E9 FF66		      JZ L47B6H
   2565
Turbo Assembler	 Version 4.0	    08/05/04 21:42:06	    Page 46
GTHAI.asm



   2566	4818  3C D6			     CMP   AL,SARA_UE
   2567	481A  75 03 E9 016A		      JZ L49BEH
   2568
   2569	481F  3C C0			     CMP   AL,PHO_SAMPHAO
   2570	4821  75 03 E9 FED0		      JZ L4732H
   2571
   2572	4826  3C D3			     CMP   AL,SARA_AM
   2573	4828  75 03 E9 00D8		      JZ L493AH
   2574
   2575	482D  3C C2			     CMP   AL,YO_YAK
   2576	482F  75 05			      JNZ   @@1
   2577	4831  E8 FF49			      CALL  L47B5H
   2578	4834  EB CE			      JMP   SHORT L4839H
   2579	4836			     @@1:
   2580	4836  3C D2			     CMP   AL,SARA_AA
   2581	4838  75 05			      JNZ   @@2
   2582	483A  E8 014B			      CALL  L49BDH
   2583	483D  EB C5			      JMP   SHORT L4839H
   2584	483F			     @@2:
   2585	483F  3C C1			     CMP   AL,MO_MA
   2586	4841  75 05			      JNZ   @@3
   2587	4843  E8 FEAF			      CALL  L4731H
   2588	4846  EB BC			      JMP   SHORT L4839H
   2589	4848			     @@3:
   2590	4848  3C D0			     CMP   AL,SARA_A
   2591	484A  75 05			      JNZ   @@4
   2592	484C  E8 00B5			      CALL  L4939H
   2593	484F  EB B3			      JMP   SHORT L4839H
   2594	4851			     @@4:
   2595	4851  3C C3			     CMP   AL,RO_RUA
   2596	4853  75 06			      JNZ   @@5
   2597	4855  E8 FF25			      CALL  L47B5H
   2598	4858  E9 FE9D			      JMP   L4734H
   2599
   2600	485B			     @@5:
   2601	485B  3C C6			     CMP   AL,LU
   2602	485D  75 06			      JNZ   @@6
   2603	485F  E8 0126			      CALL  L49BDH
   2604	4862  E9 00A2			      JMP   L493CH
   2605
   2606	4865			     @@6:
   2607	4865  3C C5			     CMP   AL,LO_LING
   2608	4867  75 0A			      JNZ   @@7
   2609	4869  E8 FE89			      CALL  L4731H
   2610	486C  8B 04			      MOV   AX,WORD PTR	[SI]
   2611
   2612	486E  E8 FF0C			     CALL  L47B5H
   2613	4871  EB 91			      JMP   SHORT L4839H
   2614	4873			     @@7:
   2615	4873  3C D8			     CMP   AL,SARA_U
   2616	4875  75 0A			      JNZ   @@8
   2617	4877  E8 008A			      CALL  L4939H
   2618	487A  8B 04			      MOV   AX,WORD PTR	[SI]
   2619	487C  E8 0109			      CALL  L49BDH
   2620	487F  EB 83			      JMP   SHORT L4839H
   2621	4881			     @@8:
   2622	4881  5E			     POP   SI
Turbo Assembler	 Version 4.0	    08/05/04 21:42:06	    Page 47
GTHAI.asm



   2623	4882  C3			      RET
   2624	4883			     P_001F   ENDP
   2625
   2626				     ;------------------------------------------------------------
   2627	4883			     P_0020   PROC  NEAR
   2628				     ;------------------------------------------------------------
   2629	4883			     L48B8H:
   2630	4883  56			     PUSH  SI
   2631	4884			     L48B9H:
   2632	4884  89 04			     MOV   WORD	PTR [SI],AX
   2633	4886			     L48BBH:
   2634	4886  46			     INC   SI
   2635	4887  46			      INC   SI
   2636	4888  8B 04			      MOV   AX,WORD PTR	[SI]
   2637	488A  80 F4 80			      XOR   AH,80H
   2638	488D  78 03			      JS    L48C7H
   2639	488F  E9 FF6D			      JMP   L4834H
   2640	4892			     L48C7H:
   2641	4892  3C C4			     CMP   AL,RU
   2642	4894  74 EE			      JZ    L48B9H
   2643	4896  3C BF			      CMP   AL,FO_FAN
   2644	4898  75 03 E9 FEE1		      JZ L47B6H
   2645	489D			     L48D2H:
   2646	489D  3C B7			     CMP   AL,THO_THAHAN
   2647	489F  75 03 E9 00E5		      JZ L49BEH
   2648
   2649	48A4			     L48D9H:
   2650	48A4  3C D9			     CMP   AL,SARA_UU
   2651	48A6  75 03 E9 FE4B		      JZ L4732H
   2652
   2653	48AB			     L48E0H:
   2654	48AB  3C BD			     CMP   AL,FO_FA
   2655	48AD  74 56			      JZ    L493AH
   2656	48AF  3C C2			      CMP   AL,YO_YAK
   2657	48B1  75 05			      JNZ   L48EDH
   2658	48B3  E8 FEC7			      CALL  L47B5H
   2659	48B6  EB CE			      JMP   SHORT L48BBH
   2660	48B8			     L48EDH:
   2661	48B8  3C D2			     CMP   AL,SARA_AA
   2662	48BA  75 05			      JNZ   L48F6H
   2663	48BC  E8 00C9			      CALL  L49BDH
   2664	48BF  EB C5			      JMP   SHORT L48BBH
   2665	48C1			     L48F6H:
   2666	48C1  3C C1			     CMP   AL,MO_MA
   2667	48C3  75 05			      JNZ   L48FFH
   2668	48C5  E8 FE2D			      CALL  L4731H
   2669	48C8  EB BC			      JMP   SHORT L48BBH
   2670	48CA			     L48FFH:
   2671	48CA  3C D0			     CMP   AL,SARA_A
   2672	48CC  75 05			      JNZ   L4908H
   2673	48CE  E8 0033			      CALL  L4939H
   2674	48D1  EB B3			      JMP   SHORT L48BBH
   2675	48D3			     L4908H:
   2676	48D3  3C B4			     CMP   AL,DO_DEK
   2677	48D5  75 06			      JNZ   L4912H
   2678	48D7  E8 FEA3			      CALL  L47B5H
   2679	48DA  E9 FE1B			      JMP   L4734H
Turbo Assembler	 Version 4.0	    08/05/04 21:42:06	    Page 48
GTHAI.asm



   2680
   2681	48DD			     L4912H:
   2682	48DD  3C B5			     CMP   AL,TO_TAO
   2683	48DF  75 05			      JNZ   L491BH
   2684	48E1  E8 00A4			      CALL  L49BDH
   2685	48E4  EB 21			      JMP   SHORT L493CH
   2686	48E6			     L491BH:
   2687	48E6  3C C5			     CMP   AL,LO_LING
   2688	48E8  75 0A			      JNZ   L4929H
   2689	48EA  E8 FE90			      CALL  L47B5H
   2690	48ED  8B 04			      MOV   AX,WORD PTR	[SI]
   2691	48EF  E8 FE03			      CALL  L4731H
   2692	48F2  EB 92			      JMP   SHORT L48BBH
   2693	48F4			     L4929H:
   2694	48F4  3C D7			     CMP   AL,SARA_UEE
   2695	48F6  75 0A			      JNZ   L4937H
   2696	48F8  E8 008D			      CALL  L49BDH
   2697	48FB  8B 04			      MOV   AX,WORD PTR	[SI]
   2698	48FD  E8 0004			      CALL  L4939H
   2699	4900  EB 84			      JMP   SHORT L48BBH
   2700	4902			     L4937H:
   2701	4902  5E			     POP   SI
   2702	4903  C3			      RET
   2703	4904			     P_0020   ENDP
   2704
   2705				     ;------------------------------------------------------------
   2706	4904			     P_0021   PROC  NEAR
   2707				     ;------------------------------------------------------------
   2708	4904			     L4939H:
   2709	4904  56			     PUSH  SI
   2710	4905			     L493AH:
   2711	4905  89 04			     MOV   WORD	PTR [SI],AX
   2712	4907			     L493CH:
   2713	4907  81 EE 00A0		     SUB   SI,0A0H
   2714	490B  8B 04			      MOV   AX,WORD PTR	[SI]
   2715	490D  80 F4 80			      XOR   AH,80H
   2716	4910  79 F0			      JNS   L4937H
   2717	4912  3C BA			      CMP   AL,BO_BAIMAI
   2718	4914  74 EF			      JZ    L493AH
   2719	4916  3C D6			      CMP   AL,SARA_UE
   2720	4918  75 03 E9 FF67		      JZ L48B9H
   2721
   2722	491D			     L4952H:
   2723	491D  3C C9			     CMP   AL,SO_RUSI
   2724	491F  75 03 E9 016B		      JZ L4AC1H
   2725
   2726	4924			     L4959H:
   2727	4924  3C B7			     CMP   AL,THO_THAHAN
   2728	4926  75 03 E9 FED7		      JZ L4837H
   2729
   2730	492B			     L4960H:
   2731	492B  3C BB			     CMP   AL,PO_PLA
   2732	492D  75 03 E9 00DB		      JZ L4A3FH
   2733
   2734	4932			     L4967H:
   2735	4932  3C C7			     CMP   AL,WO_WAEN
   2736	4934  75 05			      JNZ   L4970H
Turbo Assembler	 Version 4.0	    08/05/04 21:42:06	    Page 49
GTHAI.asm



   2737	4936  E8 FF4A			      CALL  L48B8H
   2738	4939  EB CC			      JMP   SHORT L493CH
   2739	493B			     L4970H:
   2740	493B  3C CC			     CMP   AL,LO_CHULA
   2741	493D  75 05			      JNZ   L4979H
   2742	493F  E8 014C			      CALL  L4AC0H
   2743	4942  EB C3			      JMP   SHORT L493CH
   2744	4944			     L4979H:
   2745	4944  3C B6			     CMP   AL,THO_THUNG
   2746	4946  75 05			      JNZ   L4982H
   2747	4948  E8 FEB6			      CALL  L4836H
   2748	494B  EB BA			      JMP   SHORT L493CH
   2749	494D			     L4982H:
   2750	494D  3C B9			     CMP   AL,NO_NU
   2751	494F  75 05			      JNZ   L498BH
   2752	4951  E8 00B8			      CALL  L4A3EH
   2753	4954  EB B1			      JMP   SHORT L493CH
   2754	4956			     L498BH:
   2755	4956  3C D2			     CMP   AL,SARA_AA
   2756	4958  75 06			      JNZ   L4995H
   2757	495A  E8 FEA4			      CALL  L4836H
   2758	495D  E9 FF26			      JMP   L48BBH
   2759
   2760	4960			     L4995H:
   2761	4960  3C CB			     CMP   AL,HO_HIP
   2762	4962  75 06			      JNZ   L499FH
   2763	4964  E8 00A5			      CALL  L4A3EH
   2764	4967  E9 0127			      JMP   L4AC3H
   2765
   2766	496A			     L499FH:
   2767	496A  3C D7			     CMP   AL,SARA_UEE
   2768	496C  75 0A			      JNZ   L49ADH
   2769	496E  E8 FE90			      CALL  L4836H
   2770	4971  8B 04			      MOV   AX,WORD PTR	[SI]
   2771	4973  E8 FF0D			      CALL  L48B8H
   2772	4976  EB 8F			      JMP   SHORT L493CH
   2773	4978			     L49ADH:
   2774	4978  3C CE			     CMP   AL,HO_NOK_HUK
   2775	497A  75 0A			      JNZ   L49BBH
   2776	497C  E8 008D			      CALL  L4A3EH
   2777	497F  8B 04			      MOV   AX,WORD PTR	[SI]
   2778	4981  E8 010A			      CALL  L4AC0H
   2779	4984  EB 81			      JMP   SHORT L493CH
   2780	4986			     L49BBH:
   2781	4986  5E			     POP   SI
   2782	4987  C3			      RET
   2783	4988			     P_0021   ENDP
   2784
   2785
   2786				     ;------------------------------------------------------------
   2787	4988			     P_0022   PROC  NEAR
   2788				     ;------------------------------------------------------------
   2789	4988			     L49BDH:
   2790	4988  56			     PUSH  SI
   2791
   2792	4989			     L49BEH:
   2793	4989  89 04			     MOV   WORD	PTR [SI],AX
Turbo Assembler	 Version 4.0	    08/05/04 21:42:06	    Page 50
GTHAI.asm



   2794	498B			     L49C0H:
   2795	498B  81 C6 00A0		     ADD   SI,0A0H
   2796	498F  8B 04			      MOV   AX,WORD PTR	[SI]
   2797	4991  80 F4 80			      XOR   AH,80H
   2798	4994  79 F0			      JNS   L49BBH
   2799	4996  3C BA			      CMP   AL,BO_BAIMAI
   2800	4998  74 EF			      JZ    L49BEH
   2801	499A  3C BD			      CMP   AL,FO_FA
   2802	499C  75 03 E9 FE61		      JZ L4837H
   2803
   2804	49A1			     L49D6H:
   2805	49A1  3C BC			     CMP   AL,PHO_PHUNG
   2806	49A3  74 68 90 90 90		      JZ    L4A3FH
   2807	49A8  3C D3			      CMP   AL,SARA_AM
   2808	49AA  75 03 E9 FED5		      JZ L48B9H
   2809
   2810	49AF			     L49E1H:
   2811	49AF  3C C8			     CMP   AL,SO_SALA
   2812	49B1  75 03 E9 00D9		      JZ L4AC1H
   2813
   2814	49B6			     L49E8H:
   2815	49B6  3C B6			     CMP   AL,THO_THUNG
   2816	49B8  75 05			      JNZ   L49F1H
   2817	49BA  E8 FE44			      CALL  L4836H
   2818	49BD  EB CC			      JMP   SHORT L49C0H
   2819	49BF			     L49F1H:
   2820	49BF  3C B9			     CMP   AL,NO_NU
   2821	49C1  75 05			      JNZ   L49FAH
   2822	49C3  E8 0046			      CALL  L4A3EH
   2823	49C6  EB C3			      JMP   SHORT L49C0H
   2824	49C8			     L49FAH:
   2825	49C8  3C C7			     CMP   AL,WO_WAEN
   2826	49CA  75 05			      JNZ   L4A03H
   2827	49CC  E8 FEB4			      CALL  L48B8H
   2828	49CF  EB BA			      JMP   SHORT L49C0H
   2829	49D1			     L4A03H:
   2830	49D1  3C CC			     CMP   AL,LO_CHULA
   2831	49D3  75 05			      JNZ   L4A0CH
   2832	49D5  E8 00B6			      CALL  L4AC0H
   2833	49D8  EB B1			      JMP   SHORT L49C0H
   2834	49DA			     L4A0CH:
   2835	49DA  3C D0			     CMP   AL,SARA_A
   2836	49DC  75 06			      JNZ   L4A16H
   2837	49DE  E8 FE20			      CALL  L4836H
   2838	49E1  E9 FEA2			      JMP   L48BBH
   2839
   2840	49E4			     L4A16H:
   2841	49E4  3C CA			     CMP   AL,SO_SUA
   2842	49E6  75 06			      JNZ   L4A20H
   2843	49E8  E8 0021			      CALL  L4A3EH
   2844	49EB  E9 00A3			      JMP   L4AC3H
   2845
   2846	49EE			     L4A20H:
   2847	49EE  3C D7			     CMP   AL,SARA_UEE
   2848	49F0  75 0A			      JNZ   L4A2EH
   2849	49F2  E8 FE0C			      CALL  L4836H
   2850	49F5  8B 04			      MOV   AX,WORD PTR	[SI]
Turbo Assembler	 Version 4.0	    08/05/04 21:42:06	    Page 51
GTHAI.asm



   2851	49F7  E8 FE89			      CALL  L48B8H
   2852	49FA  EB 8F			      JMP   SHORT L49C0H
   2853	49FC			     L4A2EH:
   2854	49FC  3C CE			     CMP   AL,HO_NOK_HUK
   2855	49FE  75 0A			      JNZ   L4A3CH
   2856	4A00  E8 0009			      CALL  L4A3EH
   2857	4A03  8B 04			      MOV   AX,WORD PTR	[SI]
   2858	4A05  E8 0086			      CALL  L4AC0H
   2859	4A08  EB 81			      JMP   SHORT L49C0H
   2860	4A0A			     L4A3CH:
   2861	4A0A  5E			     POP   SI
   2862	4A0B  C3			      RET
   2863	4A0C			     P_0022   ENDP
   2864
   2865
   2866				     ;------------------------------------------------------------
   2867	4A0C			     P_0023   PROC  NEAR
   2868				     ;------------------------------------------------------------
   2869	4A0C			     L4A3EH:
   2870	4A0C  56			     PUSH  SI
   2871
   2872	4A0D			     L4A3FH:
   2873	4A0D  89 04			     MOV   WORD	PTR [SI],AX
   2874	4A0F			     L4A41H:
   2875	4A0F  4E			     DEC   SI
   2876	4A10  4E			      DEC   SI
   2877	4A11  8B 04			      MOV   AX,WORD PTR	[SI]
   2878	4A13  80 F4 80			      XOR   AH,80H
   2879	4A16  79 F2			      JNS   L4A3CH
   2880	4A18  3C CD			      CMP   AL,O_ANG
   2881	4A1A  74 F1			      JZ    L4A3FH
   2882	4A1C  3C D5			      CMP   AL,SARA_II
   2883	4A1E  75 03 E9 FD5B		      JZ L47B6H
   2884
   2885	4A23			     L4A55H:
   2886	4A23  3C C9			     CMP   AL,SO_RUSI
   2887	4A25  75 03 E9 FF5F		      JZ L49BEH
   2888
   2889	4A2A			     L4A5CH:
   2890	4A2A  3C D4			     CMP   AL,SARA_I
   2891	4A2C  75 03 E9 FCC5		      JZ L4732H
   2892
   2893	4A31			     L4A63H:
   2894	4A31  3C C8			     CMP   AL,SO_SALA
   2895	4A33  75 03 E9 FECD		      JZ L493AH
   2896
   2897	4A38			     L4A6AH:
   2898	4A38  3C D1			     CMP   AL,MAI_HAN_AKAT
   2899	4A3A  75 05			      JNZ   L4A73H
   2900	4A3C  E8 FD3E			      CALL  L47B5H
   2901	4A3F  EB CE			      JMP   SHORT L4A41H
   2902	4A41			     L4A73H:
   2903	4A41  3C CB			     CMP   AL,HO_HIP
   2904	4A43  75 05			      JNZ   L4A7CH
   2905	4A45  E8 FF40			      CALL  L49BDH
   2906	4A48  EB C5			      JMP   SHORT L4A41H
   2907	4A4A			     L4A7CH:
Turbo Assembler	 Version 4.0	    08/05/04 21:42:06	    Page 52
GTHAI.asm



   2908	4A4A  3C CF			     CMP   AL,PAI_YAN_NOI
   2909	4A4C  75 05			      JNZ   L4A85H
   2910	4A4E  E8 FCA4			      CALL  L4731H
   2911	4A51  EB BC			      JMP   SHORT L4A41H
   2912	4A53			     L4A85H:
   2913	4A53  3C CA			     CMP   AL,SO_SUA
   2914	4A55  75 05			      JNZ   L4A8EH
   2915	4A57  E8 FEAA			      CALL  L4939H
   2916	4A5A  EB B3			      JMP   SHORT L4A41H
   2917	4A5C			     L4A8EH:
   2918	4A5C  3C C6			     CMP   AL,LU
   2919	4A5E  75 06			      JNZ   L4A98H
   2920	4A60  E8 FD1A			      CALL  L47B5H
   2921	4A63  E9 FC92			      JMP   L4734H
   2922
   2923	4A66			     L4A98H:
   2924	4A66  3C CC			     CMP   AL,LO_CHULA
   2925	4A68  75 06			      JNZ   L4AA2H
   2926	4A6A  E8 FF1B			      CALL  L49BDH
   2927	4A6D  E9 FE97			      JMP   L493CH
   2928
   2929	4A70			     L4AA2H:
   2930	4A70  3C D8			     CMP   AL,SARA_U	       ;Note, reference	to 004AA3
   2931	4A72  75 0A			      JNZ   L4AB0H
   2932	4A74  E8 FD06			      CALL  L47B5H
   2933	4A77  8B 04			      MOV   AX,WORD PTR	[SI]
   2934	4A79  E8 FC79			      CALL  L4731H
   2935	4A7C  EB 91			      JMP   SHORT L4A41H
   2936	4A7E			     L4AB0H:
   2937	4A7E  3C CE			     CMP   AL,HO_NOK_HUK
   2938	4A80  75 0A			      JNZ   L4ABEH
   2939	4A82  E8 FF03			      CALL  L49BDH
   2940	4A85  8B 04			      MOV   AX,WORD PTR	[SI]
   2941	4A87  E8 FE7A			      CALL  L4939H
   2942	4A8A  EB 83			      JMP   SHORT L4A41H
   2943	4A8C			     L4ABEH:
   2944	4A8C  5E			     POP   SI
   2945	4A8D  C3			      RET
   2946	4A8E			     P_0023   ENDP
   2947
   2948
   2949				     ;------------------------------------------------------------
   2950	4A8E			     P_0024   PROC  NEAR
   2951				     ;------------------------------------------------------------
   2952	4A8E			     L4AC0H:
   2953	4A8E  56			     PUSH  SI
   2954
   2955	4A8F			     L4AC1H:
   2956	4A8F  89 04			     MOV   WORD	PTR [SI],AX
   2957	4A91			     L4AC3H:
   2958	4A91  46			     INC   SI
   2959	4A92  46			      INC   SI
   2960	4A93  8B 04			      MOV   AX,WORD PTR	[SI]
   2961	4A95  80 F4 80			      XOR   AH,80H
   2962	4A98  79 F2			      JNS   L4ABEH
   2963	4A9A  3C CD			      CMP   AL,O_ANG
   2964	4A9C  74 F1			      JZ    L4AC1H
Turbo Assembler	 Version 4.0	    08/05/04 21:42:06	    Page 53
GTHAI.asm



   2965	4A9E  3C B8			      CMP   AL,THO_THONG
   2966	4AA0  75 03 E9 FCD9		      JZ L47B6H
   2967
   2968	4AA5			     L4AD7H:
   2969	4AA5  3C BB			     CMP   AL,PO_PLA
   2970	4AA7  75 03 E9 FEDD		      JZ L49BEH
   2971
   2972	4AAC			     L4ADEH:
   2973	4AAC  3C BE			     CMP   AL,PHO_PHAN
   2974	4AAE  75 03 E9 FC43		      JZ L4732H
   2975
   2976	4AB3			     L4AE5H:
   2977	4AB3  3C BC			     CMP   AL,PHO_PHUNG
   2978	4AB5  75 03 E9 FE4B		      JZ L493AH
   2979
   2980	4ABA			     L4AECH:
   2981	4ABA  3C D1			     CMP   AL,MAI_HAN_AKAT
   2982	4ABC  75 05			      JNZ   L4AF5H
   2983	4ABE  E8 FCBC			      CALL  L47B5H
   2984	4AC1  EB CE			      JMP   SHORT L4AC3H
   2985	4AC3			     L4AF5H:
   2986	4AC3  3C CB			     CMP   AL,HO_HIP
   2987	4AC5  75 05			      JNZ   L4AFEH
   2988	4AC7  E8 FEBE			      CALL  L49BDH
   2989	4ACA  EB C5			      JMP   SHORT L4AC3H
   2990	4ACC			     L4AFEH:
   2991	4ACC  3C CF			     CMP   AL,PAI_YAN_NOI
   2992	4ACE  75 05			      JNZ   L4B07H
   2993	4AD0  E8 FC22			      CALL  L4731H
   2994	4AD3  EB BC			      JMP   SHORT L4AC3H
   2995	4AD5			     L4B07H:
   2996	4AD5  3C CA			     CMP   AL,SO_SUA
   2997	4AD7  75 05			      JNZ   L4B10H
   2998	4AD9  E8 FE28			      CALL  L4939H
   2999	4ADC  EB B3			      JMP   SHORT L4AC3H
   3000	4ADE			     L4B10H:
   3001	4ADE  3C B5			     CMP   AL,TO_TAO
   3002	4AE0  75 06			      JNZ   L4B1AH
   3003	4AE2  E8 FC98			      CALL  L47B5H
   3004	4AE5  E9 FC10			      JMP   L4734H
   3005
   3006	4AE8			     L4B1AH:
   3007	4AE8  3C B9			     CMP   AL,NO_NU
   3008	4AEA  75 06			      JNZ   L4B24H
   3009	4AEC  E8 FE99			      CALL  L49BDH
   3010	4AEF  E9 FE15			      JMP   L493CH
   3011
   3012	4AF2			     L4B24H:
   3013	4AF2  3C D8			     CMP   AL,SARA_U
   3014	4AF4  75 0A			      JNZ   L4B32H
   3015	4AF6  E8 FC84			      CALL  L47B5H
   3016	4AF9  8B 04			      MOV   AX,WORD PTR	[SI]
   3017	4AFB  E8 FBF7			      CALL  L4731H
   3018	4AFE  EB 91			      JMP   SHORT L4AC3H
   3019	4B00			     L4B32H:
   3020	4B00  3C CE			     CMP   AL,HO_NOK_HUK
   3021	4B02  75 0A			      JNZ   L4B40H
Turbo Assembler	 Version 4.0	    08/05/04 21:42:06	    Page 54
GTHAI.asm



   3022	4B04  E8 FE81			      CALL  L49BDH
   3023	4B07  8B 04			      MOV   AX,WORD PTR	[SI]
   3024	4B09  E8 FDF8			      CALL  L4939H
   3025	4B0C  EB 83			      JMP   SHORT L4AC3H
   3026	4B0E			     L4B40H:
   3027	4B0E  5E			     POP   SI
   3028	4B0F  C3			      RET
   3029
   3030	4B10			     L4B42H:
   3031	4B10  8B FE			     MOV   DI,SI
   3032	4B12			     L4B44H:
   3033	4B12  89 05			     MOV   WORD	PTR [DI],AX
   3034	4B14  47			      INC   DI
   3035	4B15  47			      INC   DI
   3036	4B16  8B 05			      MOV   AX,WORD PTR	[DI]
   3037	4B18  80 F4 80			      XOR   AH,80H
   3038	4B1B  79 10			      JNS   L4B5FH
   3039	4B1D  3C B0			      CMP   AL,THO_THAN
   3040	4B1F  72 0C			      JC    L4B5FH
   3041	4B21  3C B2			      CMP   AL,THO_PHUTHAO
   3042	4B23  76 ED			      JBE   L4B44H
   3043	4B25  3C DB			      CMP   AL,0DBH
   3044	4B27  72 04			      JC    L4B5FH
   3045	4B29  3C DF			      CMP   AL,BAHT
   3046	4B2B  76 E5			      JBE   L4B44H
   3047	4B2D			     L4B5FH:
   3048	4B2D  8B FE			     MOV   DI,SI
   3049	4B2F			     L4B61H:
   3050	4B2F  4F			     DEC   DI
   3051	4B30  4F			      DEC   DI
   3052	4B31  8B 05			      MOV   AX,WORD PTR	[DI]
   3053	4B33  80 F4 80			      XOR   AH,80H
   3054	4B36  79 14			      JNS   L4B7EH
   3055	4B38  3C B0			      CMP   AL,THO_THAN
   3056	4B3A  72 10			      JC    L4B7EH
   3057	4B3C  3C B2			      CMP   AL,THO_PHUTHAO
   3058	4B3E  76 08			      JBE   L4B7AH
   3059	4B40  3C DB			      CMP   AL,0DBH
   3060	4B42  72 08			      JC    L4B7EH
   3061	4B44  3C DF			      CMP   AL,BAHT
   3062	4B46  7F 04			      JG    L4B7EH
   3063	4B48			     L4B7AH:
   3064	4B48  89 05			     MOV   WORD	PTR [DI],AX
   3065	4B4A  EB E3			      JMP   SHORT L4B61H
   3066	4B4C			     L4B7EH:
   3067	4B4C  C3			     RET
   3068	4B4D			     P_0024   ENDP
   3069
   3070
   3071				     ;------------------------------------------------------------
   3072	4B4D			     P_0025   PROC  NEAR
   3073				     ;------------------------------------------------------------
   3074	4B4D			     L4B7FH:
   3075	4B4D  8B 04			     MOV   AX,WORD PTR [SI]
   3076	4B4F  0A E4			      OR    AH,AH
   3077	4B51  78 39			      JS    L4BBEH
   3078	4B53  2C B0			      SUB   AL,0B0H
Turbo Assembler	 Version 4.0	    08/05/04 21:42:06	    Page 55
GTHAI.asm



   3079	4B55  78 35			      JS    L4BBEH
   3080	4B57  3C 30			      CMP   AL,'0'
   3081	4B59  73 31			      JNC   L4BBEH
   3082	4B5B  32 E4			      XOR   AH,AH
   3083	4B5D  8B D8			      MOV   BX,AX
   3084	4B5F  D1 E3			      SHL   BX,1
   3085	4B61  D1 E3			      SHL   BX,1
   3086	4B63  D1 E3			      SHL   BX,1
   3087	4B65  2B D8			      SUB   BX,AX
   3088	4B67  2E: 8A 87	45A5r		      MOV   AL,BYTE PTR	CS:[BX]+L45E1H
   3089	4B6C  2E: FF A7	45A6r		      JMP   WORD PTR CS:[BX]+L45E2H
   3090	4B71			     P_0025   ENDP
   3091
   3092
   3093				     ;------------------------------------------------------------
   3094	4B71			     P_0026   PROC  NEAR
   3095				     ;------------------------------------------------------------
   3096	4B71			     L4BA3H:
   3097	4B71  38 44 08			     CMP   BYTE	PTR [SI]+8,AL
   3098	4B74  75 16			      JNZ   L4BBEH
   3099
   3100	4B76			     L4BA8H:
   3101	4B76  38 44 06			     CMP   BYTE	PTR [SI]+6,AL
   3102	4B79  75 11			      JNZ   L4BBEH
   3103
   3104	4B7B			     L4BADH:
   3105	4B7B  38 44 04			     CMP   BYTE	PTR [SI]+4,AL
   3106	4B7E  75 0C			      JNZ   L4BBEH
   3107	4B80  38 44 02			      CMP   BYTE PTR [SI]+2,AL
   3108	4B83  75 07			      JNZ   L4BBEH
   3109	4B85			     L4BB7H:
   3110	4B85  2E: 80 0E	0105r 01	     OR	   CS:[CURRENT_MODE],1		  ;Set low order bit
   3111	4B8B  C3			      RET
   3112
   3113	4B8C			     L4BBEH:
   3114	4B8C  32 C0			     XOR   AL,AL
   3115	4B8E  C3			      RET
   3116	4B8F			     P_0026   ENDP
   3117
   3118				     ;------------------------------------------------------------
   3119	4B8F			     P_0028   PROC  NEAR
   3120				     ;------------------------------------------------------------
   3121	4B8F			     L4BC1H:
   3122	4B8F  38 84 00A0		     CMP   BYTE	PTR [SI]+0A0H,AL
   3123	4B93  75 F7			      JNZ   L4BBEH
   3124	4B95  38 84 0140		      CMP   BYTE PTR [SI]+140H,AL
   3125	4B99  75 F1			      JNZ   L4BBEH
   3126	4B9B  8B 44 FE			      MOV   AX,WORD PTR	[SI]-2
   3127	4B9E  0A E4			      OR    AH,AH
   3128	4BA0  78 E3			      JS    L4BB7H
   3129	4BA2  3C A0			      CMP   AL,THAI_SPACE
   3130	4BA4  73 E6			      JNC   L4BBEH
   3131	4BA6  8B 44 02			      MOV   AX,WORD PTR	[SI]+2
   3132	4BA9  0A E4			      OR    AH,AH
   3133	4BAB  78 D8			      JS    L4BB7H
   3134	4BAD  3C 20			      CMP   AL,' '
   3135	4BAF  76 D4			      JBE   L4BB7H
Turbo Assembler	 Version 4.0	    08/05/04 21:42:06	    Page 56
GTHAI.asm



   3136	4BB1  24 DF			      AND   AL,0DFH
   3137	4BB3  3C 5B			      CMP   AL,'['
   3138	4BB5  73 D5			      JNC   L4BBEH
   3139	4BB7  3C 40			      CMP   AL,'@'
   3140	4BB9  73 CA			      JNC   L4BB7H
   3141	4BBB  EB CF			      JMP   SHORT L4BBEH
   3142	4BBD			     P_0028   ENDP
   3143
   3144				     ;------------------------------------------------------------
   3145				     ;
   3146				     ;------------------------------------------------------------
   3147	4BBD			     L4BEFH PROC  NEAR
   3148	4BBD  38 44 FE			     CMP   BYTE	PTR [SI]-2,AL
   3149	4BC0  72 C3			      JC    L4BB7H
   3150	4BC2  38 44 FC			      CMP   BYTE PTR [SI]-4,AL
   3151	4BC5  73 C5			      JNC   L4BBEH
   3152	4BC7  80 7C FE C4		      CMP   BYTE PTR [SI]-2,RU
   3153	4BCB  75 BF			      JNZ   L4BBEH
   3154	4BCD  EB B6			      JMP   SHORT L4BB7H
   3155	4BCF			     L4BEFH ENDP
   3156
   3157				     ;------------------------------------------------------------
   3158				     ;
   3159				     ;------------------------------------------------------------
   3160	4BCF			     L4C01H PROC  NEAR
   3161	4BCF  2E: F6 06	0105r 01	     TEST  CS:[CURRENT_MODE],1		  ;Low bit set?
   3162	4BD5  74 25			      JZ    L4C2EH
   3163	4BD7  33 F6			      XOR   SI,SI
   3164	4BD9  B9 07D0			      MOV   CX,SCREEN_SIZE
   3165	4BDC			     L4C0EH:
   3166	4BDC  E8 FF6E			      CALL  L4B7FH
   3167	4BDF  74 11			      JZ    L4C24H
   3168	4BE1  8B 04			      MOV   AX,WORD PTR	[SI]
   3169	4BE3  80 CC 80			      OR    AH,80H
   3170	4BE6  2E: FF 97	45A8r		      CALL  WORD PTR CS:[BX]+L45E4H
   3171	4BEB  8B 04			      MOV   AX,WORD PTR	[SI]
   3172	4BED  2E: FF 97	45AAr		      CALL  WORD PTR CS:[BX]+L45E6H
   3173
   3174	4BF2			     L4C24H:
   3175	4BF2  46			     INC   SI
   3176	4BF3  46			      INC   SI
   3177	4BF4  E2 E6			      LOOP  L4C0EH	      ;Dec CX, loop if CX<>0.
   3178	4BF6  2E: 80 26	0105r FE	      AND   CS:[CURRENT_MODE],0FEH  ;Clear low order bit
   3179
   3180	4BFC			     L4C2EH:
   3181	4BFC  C3			     RET
   3182	4BFD			     L4C01H ENDP
   3183
   3184				     ;======================================================================
   3185				     ; Video Services -	Interrupt 10H handler
   3186				     ;----------------------------------------------------------------------
   3187	4BFD			     VIDINT10 PROC NEAR
   3188	4BFD  80 FC 80			      CMP   AH,80H	      ;Custom command (High bit	set)?
   3189	4C00  72 03 E9 F40F		      JNC CSTM_VID
   3190
   3191	4C05			     VNOTCSTM:
   3192	4C05  0A E4			      OR    AH,AH	      ;Func 0? Set video mode
Turbo Assembler	 Version 4.0	    08/05/04 21:42:06	    Page 57
GTHAI.asm



   3193	4C07  75 03 E9 042F		      JZ SETVMODE
   3194
   3195	4C0C			     VNOT_00H:
   3196	4C0C  2E: 80 3E	0107r 00	     CMP   BYTE	PTR CS:[DISPMODE],ENGLISH  ;Are	we controlling video?
   3197	4C12  74 48			      JZ    ORIG_VID
   3198				     ;	       PUSH  DS
   3199				     ;	       MOV   DS,CS:[VID_SEG]
   3200				     ;	       CMP   BYTE PTR DS:[7FFFH],3
   3201				     ;	       POP   DS
   3202	4C14  2E: 80 3E	0110r 03	      CMP CS:VMODEFLAG,	3  ;//TEST//
   3203	4C1A  75 40			      JNZ   ORIG_VID
   3204	4C1C  80 FC 06			      CMP   AH,6	      ;Func 6 -	Scroll Up?
   3205	4C1F  75 12			      JNZ   VNOT_06H
   3206	4C21  3C 01			      CMP   AL,1	      ;Just 1 line?
   3207	4C23  75 37			      JNZ   ORIG_VID
   3208	4C25  0B C9			      OR    CX,CX	      ;0,0?
   3209	4C27  75 33			      JNZ   ORIG_VID	      ;No
   3210	4C29  81 FA 184F		      CMP   DX,OFFSET 184FH   ;24,79?
   3211	4C2D  75 2D			      JNZ   ORIG_VID	      ;No
   3212	4C2F  E8 043D			      CALL  SCRL_UP1
   3213	4C32  CF			      IRET		      ;Return from interrupt.
   3214
   3215	4C33			     VNOT_06H:
   3216	4C33  80 FC 0E			     CMP   AH,0EH	     ;Func 0E -	Write char TTY?
   3217	4C36  75 03 E9 0488		      JZ WRIT_TTY
   3218
   3219	4C3B			     VNOT_TTY:
   3220	4C3B  80 FC 10			     CMP   AH,10H	     ;Restrict Funcs 10h - 12h
   3221	4C3E  72 1C			      JC    ORIG_VID	      ;Less than 10h, let it pass
   3222	4C40  80 FC 12			      CMP   AH,12H
   3223	4C43  7F 0A			      JG    VID_GT12	      ;Greater than 12h, skip
   3224	4C45  3C 1E			      CMP   AL,30	      ;RETURN FONT INFO?
   3225	4C47  74 13			      JZ    ORIG_VID	      ;Ok, let is pass
   3226	4C49  80 FB 10			      CMP   BL,10H	      ;RETURN EGA INFO?
   3227	4C4C  74 0E			      JZ    ORIG_VID	      ;Ok, let it pass,	else ignore.
   3228	4C4E			     VID_EXIT:
   3229	4C4E  CF			     IRET		     ;Return from interrupt.
   3230
   3231	4C4F			     VID_GT12:
   3232	4C4F  80 FC 1C			     CMP   AH,1CH
   3233	4C52  72 FA			      JC    VID_EXIT
   3234	4C54  75 06			      JNZ   ORIG_VID
   3235	4C56  3C 02			      CMP   AL,2
   3236	4C58  75 02			      JNZ   ORIG_VID
   3237	4C5A  33 C9			      XOR   CX,CX
   3238	4C5C			     ORIG_VID:
   3239	4C5C  2E: FF 2E	04F4r		     JMP   DWORD PTR CS:[OLDINT10]
   3240	4C61			     VIDINT10 ENDP
   3241
   3242	4C61			     TRANSLATE_FONT_CHAR PROC NEAR
   3243	4C61			     LOAD_AND_TRANSLATE:
   3244	4C61  8A 04			      MOV   AL,BYTE PTR	[SI]
   3245	4C63			     TRANSLATE_ALREADY_LOADED:
   3246	4C63  32 FF			      XOR   BH,BH
   3247	4C65  2E: F6 06	0108r 01	      TEST  CS:[DISPXLAT],1
   3248	4C6B  74 07			      JZ    @@1
   3249	4C6D  8A D8			      MOV   BL,AL
Turbo Assembler	 Version 4.0	    08/05/04 21:42:06	    Page 58
GTHAI.asm



   3250	4C6F  2E: 8A 87	0115r		      MOV   AL,BYTE PTR	CS:[BX]+XLAT_TBL
   3251	4C74			     @@1:
   3252	4C74  C3			      RET
   3253	4C75			     TRANSLATE_FONT_CHAR ENDP
   3254
   3255				     ;======================================================================
   3256				     ; Update screen display and chain to old timer interrupt
   3257				     ; Thai 25 line mode
   3258				     ;----------------------------------------------------------------------
   3259	4C75			     UPDATE_SCREEN_THAI_25 PROC	NEAR
   3260	4C75  FC			      CLD		      ;Set forward direction flag.
   3261	4C76			     L4CA3H:
   3262	4C76  BA 03B8			     MOV   DX,MODE_CONTROL_REG_MONO
   3263	4C79  B0 AA			      MOV   AL,0AAH
   3264	4C7B  EE			      OUT   DX,AL
   3265	4C7C  2E: 8E 1E	04AEr		      MOV   DS,CS:[VID_SEG]
   3266	4C81  E8 FF4B			      CALL  L4C01H
   3267
   3268	4C84  8C C8			      MOV   AX,CS
   3269	4C86  8E C0			      MOV   ES,AX
   3270	4C88  BF 0504r			      MOV   DI,OFFSET VID_SAVE
   3271	4C8B  33 F6			      XOR   SI,SI
   3272	4C8D  B9 07D0			      MOV   CX,SCREEN_SIZE
   3273	4C90  F3> A7			      REPZ CMPSW		       ;Has video memory changed?
   3274	4C92  75 20			      JNZ   VMEM_CHANGED_25	       ;Yes, update video
   3275
   3276	4C94  2E: 8B 2E	14BDr		      MOV   BP,WORD PTR	CS:[VID_OFFSET]
   3277	4C99  E8 02A0			      CALL  L4FDDH		       ;Check cursor position
   3278	4C9C  3B EF			      CMP   BP,DI		       ;Has it changed?
   3279	4C9E  75 03 E9 01DC		      JZ UPD_25_EXIT		       ;No, we're done
   3280
   3281	4CA3  87 FD			      XCHG  DI,BP		       ;Load old cursor	position
   3282	4CA5  2E: FF 16	04A4r		      CALL  CS:[DRAW_CURSOR]	       ;Turn it	off
   3283	4CAA  8B FD			      MOV   DI,BP		       ;Load new position
   3284	4CAC  2E: FF 16	04A4r		      CALL  CS:[DRAW_CURSOR]	       ;Turn it	on
   3285	4CB1  E9 01CB			      JMP   UPD_25_EXIT
   3286
   3287	4CB4			     VMEM_CHANGED_25:
   3288	4CB4  2E: 8B 3E	14BDr		     MOV   DI,WORD PTR CS:[VID_OFFSET]
   3289	4CB9  2E: FF 16	04A4r		      CALL  CS:[DRAW_CURSOR]
   3290	4CBE  4E			      DEC   SI
   3291	4CBF  4E			      DEC   SI
   3292	4CC0  B9 00A0			      MOV   CX,160
   3293	4CC3  33 D2			      XOR   DX,DX
   3294	4CC5  8B C6			      MOV   AX,SI
   3295	4CC7  F7 F1			      DIV   CX
   3296	4CC9  8B D8			      MOV   BX,AX
   3297	4CCB  2B F2			      SUB   SI,DX
   3298	4CCD			     L4CFAH:
   3299					     _PUSH BX,SI
2  3300	4CCD  53			    push BX
2  3301	4CCE  56			    push SI
   3302	4CCF  2E: 8E 06	04B0r		      MOV   ES,WORD PTR	CS:[VIDBUF]
   3303	4CD4  D1 E3			      SHL   BX,1
   3304	4CD6  2E: 8B BF	04B2r		      MOV   DI,WORD PTR	CS:[BX]+L0506H
   3305	4CDB  B1 50			      MOV   CL,80
   3306	4CDD			     L4D0AH:
Turbo Assembler	 Version 4.0	    08/05/04 21:42:06	    Page 59
GTHAI.asm



   3307	4CDD  8A 04			     MOV   AL,BYTE PTR [SI]
   3308	4CDF  3C 20			      CMP   AL,' '
   3309	4CE1  75 3E			      JNZ   L4D4EH
   3310	4CE3  8B DE			      MOV   BX,SI
   3311	4CE5			     L4D12H:
   3312	4CE5  43			     INC   BX
   3313	4CE6  43			      INC   BX
   3314	4CE7  38 07			      CMP   BYTE PTR [BX],AL
   3315	4CE9  E1 FA			      LOOPZ L4D12H	      ;Dec CX, loop if Z and CX<>0.
   3316	4CEB  2B DE			      SUB   BX,SI
   3317	4CED  D1 EB			      SHR   BX,1
   3318	4CEF  2E: 38 2E	0109r		      CMP   CS:[DISPLAY_COLUMN_ADJUST],CH
   3319	4CF4  74 1A			      JZ    L4D3DH
   3320	4CF6  2E: 3A 1E	0109r		      CMP   BL,CS:[DISPLAY_COLUMN_ADJUST]
   3321	4CFB  72 13			      JC    L4D3DH
   3322	4CFD  8A 64 FF			      MOV   AH,BYTE PTR	[SI]-1
   3323	4D00  0A F6			      OR    DH,DH
   3324	4D02  74 0C			      JZ    L4D3DH
   3325	4D04			     L4D31H:
   3326	4D04  50			     PUSH  AX
   3327	4D05  2E: FF 16	04A6r		      CALL  CS:[L04FAH]
   3328	4D0A  58			      POP   AX
   3329	4D0B  47			      INC   DI
   3330	4D0C  FE CE			      DEC   DH
   3331	4D0E  75 F4			      JNZ   L4D31H
   3332	4D10			     L4D3DH:
   3333	4D10  AD			     LODSW		     ;Load AX with wrd at DS:SI	++.
   3334	4D11  2E: FF 16	04A6r		      CALL  CS:[L04FAH]
   3335	4D16  47			      INC   DI
   3336	4D17  4B			      DEC   BX
   3337	4D18  75 F6			      JNZ   L4D3DH
   3338	4D1A  0B C9			      OR    CX,CX
   3339	4D1C  75 03 E9 0121		      JZ L4EB0H
   3340
   3341	4D21			     L4D4EH:
   3342	4D21  E8 FE29			     CALL  L4B7FH
   3343	4D24  74 05			      JZ    L4D58H
   3344					      _POP  SI,BX
2  3345	4D26  5E			    pop	 SI
2  3346	4D27  5B			    pop	 BX
   3347	4D28  E9 014C			      JMP   L4EE5H
   3348
   3349	4D2B			     L4D58H:
   3350	4D2B  8B 04			     MOV   AX,WORD PTR [SI]
   3351	4D2D  0A C0			      OR    AL,AL
   3352	4D2F  79 2D			      JNS   L4D8BH
   3353	4D31  0A E4			      OR    AH,AH
   3354	4D33  79 29			      JNS   L4D8BH
   3355	4D35  8A 64 FF			      MOV   AH,BYTE PTR	[SI]-1
   3356	4D38  0A F6			      OR    DH,DH
   3357	4D3A  74 0C			      JZ    L4D75H
   3358	4D3C			     L4D69H:
   3359	4D3C  50			     PUSH  AX
   3360	4D3D  2E: FF 16	04A6r		      CALL  CS:[L04FAH]
   3361	4D42  58			      POP   AX
   3362	4D43  47			      INC   DI
   3363	4D44  FE CE			      DEC   DH
Turbo Assembler	 Version 4.0	    08/05/04 21:42:06	    Page 60
GTHAI.asm



   3364	4D46  75 F4			      JNZ   L4D69H
   3365	4D48			     L4D75H:
   3366	4D48  AD			     LODSW		     ;Load AX with wrd at DS:SI	++.
   3367	4D49  25 7F7F			      AND   AX,7F7FH
   3368	4D4C  BD 15DBr			      MOV   BP,OFFSET FONT_1
   3369	4D4F			     L4D7CH:
   3370	4D4F  87 F5			     XCHG  SI,BP
   3371	4D51  2E: FF 16	04A8r		      CALL  CS:[L04FCH]
   3372	4D56  8B F5			      MOV   SI,BP
   3373	4D58  47			      INC   DI
   3374	4D59  E2 82			      LOOP  L4D0AH	      ;Dec CX, loop if CX<>0.
   3375	4D5B  E9 00E4			      JMP   L4EB0H
   3376
   3377	4D5E			     L4D8BH:
   3378	4D5E  BD 25DBr			     MOV   BP,OFFSET FONT_2
   3379	4D61  46			      INC   SI
   3380	4D62  46			      INC   SI
   3381	4D63  E8 FEFD			      CALL TRANSLATE_ALREADY_LOADED
   3382	4D66  8A D8			     MOV   BL,AL
   3383	4D68  2E: 80 BF	14DBr 05	      CMP   BYTE PTR CS:[BX]+L152FH,END_OF_STRING
   3384	4D6E  75 DF			      JNZ   L4D7CH
   3385	4D70  8A D1			      MOV   DL,CL
   3386	4D72  50			      PUSH  AX
   3387	4D73  D1 E3			      SHL   BX,1
   3388	4D75  D1 E3			      SHL   BX,1
   3389	4D77  D1 E3			      SHL   BX,1
   3390	4D79  D1 E3			      SHL   BX,1
   3391	4D7B  03 DD			      ADD   BX,BP
   3392	4D7D  BD 14A7r			      MOV   BP,OFFSET L14FBH
   3393	4D80  B9 0007			      MOV   CX,7
   3394	4D83			     L4DBEH:
   3395	4D83  2E: 8B 07			     MOV   AX,WORD PTR CS:[BX]
   3396	4D86  2E: 89 46	00		      MOV   WORD PTR CS:[BP]+0,AX
   3397	4D8A  43			      INC   BX
   3398	4D8B  43			      INC   BX
   3399	4D8C  45			      INC   BP
   3400	4D8D  45			      INC   BP
   3401	4D8E  E2 F3			      LOOP  L4DBEH	      ;Dec CX, loop if CX<>0.
   3402	4D90  BD 14A7r			      MOV   BP,OFFSET L14FBH
   3403	4D93  FE CA			      DEC   DL
   3404	4D95  75 03 E9 009F		      JZ L4EA7H
   3405
   3406	4D9A			     L4DD5H:
   3407	4D9A  E8 FEC4			     CALL LOAD_AND_TRANSLATE
   3408	4D9D  8A D8			     MOV   BL,AL
   3409	4D9F  2E: 8A A7	14DBr		      MOV   AH,BYTE PTR	CS:[BX]+L152FH
   3410	4DA4  D1 E3			      SHL   BX,1
   3411	4DA6  D1 E3			      SHL   BX,1
   3412	4DA8  D1 E3			      SHL   BX,1
   3413	4DAA  D1 E3			      SHL   BX,1
   3414	4DAC  81 C3 25DBr		      ADD   BX,OFFSET FONT_2
   3415	4DB0  B9 0007			      MOV   CX,7
   3416	4DB3  80 FC 07			      CMP   AH,7
   3417	4DB6  75 31			      JNZ   L4E47H
   3418	4DB8			     L4E03H:
   3419	4DB8  2E: 8B 07			     MOV   AX,WORD PTR CS:[BX]
   3420	4DBB  2E: 09 46	00		      OR    WORD PTR CS:[BP]+0,AX
Turbo Assembler	 Version 4.0	    08/05/04 21:42:06	    Page 61
GTHAI.asm



   3421	4DBF  43			      INC   BX
   3422	4DC0  43			      INC   BX
   3423	4DC1  45			      INC   BP
   3424	4DC2  45			      INC   BP
   3425	4DC3  E2 F3			      LOOP  L4E03H	      ;Dec CX, loop if CX<>0.
   3426	4DC5  BD 14A7r			      MOV   BP,OFFSET L14FBH
   3427	4DC8  46			      INC   SI
   3428	4DC9  46			      INC   SI
   3429	4DCA  FE C6			      INC   DH
   3430	4DCC  FE CA			      DEC   DL
   3431	4DCE  74 69			      JZ L4EA7H
   3432
   3433	4DD0			     L4E1EH:
   3434	4DD0  E8 FE8E			     CALL LOAD_AND_TRANSLATE
   3435	4DD3  8A D8			     MOV   BL,AL
   3436	4DD5  2E: 8A A7	14DBr		      MOV   AH,BYTE PTR	CS:[BX]+L152FH
   3437	4DDA  D1 E3			      SHL   BX,1
   3438	4DDC  D1 E3			      SHL   BX,1
   3439	4DDE  D1 E3			      SHL   BX,1
   3440	4DE0  D1 E3			      SHL   BX,1
   3441	4DE2  81 C3 25DBr		      ADD   BX,OFFSET FONT_2
   3442	4DE6  B9 0007			      MOV   CX,7
   3443	4DE9			     L4E47H:
   3444	4DE9  80 FC 08			     CMP   AH,8
   3445	4DEC  75 31			      JNZ   L4E8DH
   3446	4DEE			     L4E4CH:
   3447	4DEE  2E: 8B 07			     MOV   AX,WORD PTR CS:[BX]
   3448	4DF1  2E: 09 46	00		      OR    WORD PTR CS:[BP]+0,AX
   3449	4DF5  43			      INC   BX
   3450	4DF6  43			      INC   BX
   3451	4DF7  45			      INC   BP
   3452	4DF8  45			      INC   BP
   3453	4DF9  E2 F3			      LOOP  L4E4CH	      ;Dec CX, loop if CX<>0.
   3454	4DFB  BD 14A7r			      MOV   BP,OFFSET L14FBH
   3455	4DFE  46			      INC   SI
   3456	4DFF  46			      INC   SI
   3457	4E00  FE C6			      INC   DH
   3458	4E02  FE CA			      DEC   DL
   3459	4E04  74 33			      JZ    L4EA7H
   3460	4E06  E8 FE58			     CALL LOAD_AND_TRANSLATE
   3461	4E09  8A D8			     MOV   BL,AL
   3462	4E0B  2E: 8A A7	14DBr		      MOV   AH,BYTE PTR	CS:[BX]+L152FH
   3463	4E10  D1 E3			      SHL   BX,1
   3464	4E12  D1 E3			      SHL   BX,1
   3465	4E14  D1 E3			      SHL   BX,1
   3466	4E16  D1 E3			      SHL   BX,1
   3467	4E18  81 C3 25DDr		      ADD   BX,OFFSET FONT_2+2
   3468	4E1C  B9 0006			      MOV   CX,6
   3469	4E1F			     L4E8DH:
   3470	4E1F  80 FC 09			     CMP   AH,HT
   3471	4E22  75 15			      JNZ   L4EA7H
   3472	4E24			     L4E92H:
   3473	4E24  2E: 8B 07			     MOV   AX,WORD PTR CS:[BX]
   3474	4E27  2E: 09 46	00		      OR    WORD PTR CS:[BP]+0,AX
   3475	4E2B  43			      INC   BX
   3476	4E2C  43			      INC   BX
   3477	4E2D  45			      INC   BP
Turbo Assembler	 Version 4.0	    08/05/04 21:42:06	    Page 62
GTHAI.asm



   3478	4E2E  45			      INC   BP
   3479	4E2F  E2 F3			      LOOP  L4E92H	      ;Dec CX, loop if CX<>0.
   3480	4E31  BD 14A7r			      MOV   BP,OFFSET L14FBH
   3481	4E34  46			      INC   SI
   3482	4E35			     L4EA3H:
   3483	4E35  46			     INC   SI
   3484	4E36  FE C6			      INC   DH
   3485	4E38  4A			      DEC   DX
   3486
   3487	4E39			     L4EA7H:
   3488	4E39  58			     POP   AX
   3489	4E3A  8A C5			      MOV   AL,CH
   3490	4E3C  8A CA			      MOV   CL,DL
   3491	4E3E  41			      INC   CX
   3492	4E3F  E9 FF0D			      JMP   L4D7CH
   3493
   3494	4E42			     L4EB0H:
   3495	4E42  8A 64 FF			     MOV   AH,BYTE PTR [SI]-1
   3496	4E45  0A F6			      OR    DH,DH
   3497	4E47  74 0C			      JZ    L4EC3H
   3498	4E49			     L4EB7H:
   3499	4E49  50			     PUSH  AX
   3500	4E4A  2E: FF 16	04A6r		      CALL  CS:[L04FAH]
   3501	4E4F  58			      POP   AX
   3502	4E50  47			      INC   DI
   3503	4E51  FE CE			      DEC   DH
   3504	4E53  75 F4			      JNZ   L4EB7H
   3505	4E55			     L4EC3H:
   3506					     _POP  SI,BX
2  3507	4E55  5E			    pop	 SI
2  3508	4E56  5B			    pop	 BX
   3509	4E57  8C C8			      MOV   AX,CS
   3510	4E59  8E C0			      MOV   ES,AX
   3511	4E5B  B1 50			      MOV   CL,50H
   3512	4E5D  BF 0504r			      MOV   DI,OFFSET VID_SAVE
   3513	4E60  03 FE			      ADD   DI,SI
   3514	4E62  F3> A5			      REPZ MOVSW	      ;Move wrd, DS:SI to ES:DI	++.
   3515	4E64			     L4ED2H:
   3516	4E64  43			     INC   BX
   3517	4E65  83 FB 19			      CMP   BX,19H
   3518	4E68  74 0D			      JZ    L4EE5H
   3519	4E6A  B1 50			      MOV   CL,50H
   3520	4E6C  8B C6			      MOV   AX,SI
   3521	4E6E  F3> A7			      REPZ CMPSW	      ;Compare strings.
   3522	4E70  74 F2			      JZ    L4ED2H
   3523	4E72  8B F0			      MOV   SI,AX
   3524	4E74  E9 FE56			      JMP   L4CFAH
   3525
   3526	4E77			     L4EE5H:
   3527	4E77  E8 00C2			     CALL  L4FDDH
   3528	4E7A  2E: FF 16	04A4r		      CALL  CS:[DRAW_CURSOR]
   3529
   3530	4E7F			     UPD_25_EXIT:
   3531	4E7F  C3			     RET
   3532	4E80			     UPDATE_SCREEN_THAI_25 ENDP
   3533
   3534
Turbo Assembler	 Version 4.0	    08/05/04 21:42:06	    Page 63
GTHAI.asm



   3535	4E80			     UPDATE_SCREEN_THAI_8 PROC NEAR
   3536	4E80  FC			      CLD		      ;Set forward direction flag.
   3537	4E81  BA 03B8			      MOV   DX,MODE_CONTROL_REG_MONO
   3538	4E84  B0 AA			      MOV   AL,0AAH
   3539	4E86  EE			      OUT   DX,AL
   3540	4E87  2E: 8E 1E	04AEr		      MOV   DS,CS:[VID_SEG]
   3541	4E8C  E8 FD40			      CALL  L4C01H
   3542	4E8F  8C C8			      MOV   AX,CS
   3543	4E91  8E C0			      MOV   ES,AX
   3544	4E93  BF 0504r			      MOV   DI,OFFSET VID_SAVE
   3545	4E96  33 F6			      XOR   SI,SI
   3546	4E98  B9 07D0			      MOV   CX,SCREEN_SIZE	     ;80 cols x	25 lines = 2000
   3547	4E9B  F3> A7			      REPZ CMPSW	      ;Compare strings.
   3548	4E9D  75 1E			      JNZ   L4F43H
   3549	4E9F  2E: 8B 2E	14BDr		      MOV   BP,WORD PTR	CS:[VID_OFFSET]
   3550	4EA4  E8 0095			      CALL  L4FDDH
   3551	4EA7  3B EF			      CMP   BP,DI
   3552	4EA9  75 03 E9 008D		      JZ L4FCFH
   3553
   3554	4EAE			     L4F32H:
   3555	4EAE  87 FD			     XCHG  DI,BP
   3556	4EB0  2E: FF 16	04A4r		      CALL  CS:[DRAW_CURSOR]
   3557	4EB5  8B FD			      MOV   DI,BP
   3558	4EB7  2E: FF 16	04A4r		      CALL  CS:[DRAW_CURSOR]
   3559	4EBC  C3			      RET		 ;SAVE 2 BYTES
   3560
   3561	4EBD			     L4F43H:
   3562	4EBD  8B E9			     MOV   BP,CX
   3563	4EBF  2E: 8B 3E	14BDr		      MOV   DI,WORD PTR	CS:[VID_OFFSET]
   3564	4EC4  2E: FF 16	04A4r		      CALL  CS:[DRAW_CURSOR]
   3565	4EC9  8B CD			      MOV   CX,BP
   3566	4ECB			     L4F51H:
   3567	4ECB  8B EE			     MOV   BP,SI
   3568	4ECD  4E			      DEC   SI
   3569	4ECE  4E			      DEC   SI
   3570	4ECF  E8 FC7B			      CALL  L4B7FH
   3571	4ED2  75 5F			      JNZ   L4FC7H
   3572	4ED4  51			      PUSH  CX
   3573	4ED5  B9 0050			      MOV   CX,80
   3574	4ED8  8B C6			      MOV   AX,SI
   3575	4EDA  D1 E8			      SHR   AX,1
   3576	4EDC  33 D2			      XOR   DX,DX
   3577	4EDE  F7 F1			      DIV   CX
   3578	4EE0  D1 E0			      SHL   AX,1
   3579	4EE2  8B F8			      MOV   DI,AX
   3580	4EE4  2E: 8B BD	04B2r		      MOV   DI,WORD PTR	CS:[DI]+L0506H
   3581	4EE9  03 FA			      ADD   DI,DX
   3582	4EEB  2E: 8E 06	04B0r		      MOV   ES,WORD PTR	CS:[VIDBUF]
   3583	4EF0  8B 04			      MOV   AX,WORD PTR	[SI]
   3584	4EF2  2E:			      SegCS
   3585	4EF3  89 84 0504r		      MOV   WORD PTR CS:[SI]+OFFSET VID_SAVE,AX
   3586	4EF7  BE 15DBr			      MOV   SI,OFFSET FONT_1
   3587	4EFA  0A C0			      OR    AL,AL
   3588	4EFC  79 09			      JNS   L4F8DH
   3589	4EFE  0A E4			      OR    AH,AH
   3590	4F00  79 05			      JNS   L4F8DH
   3591	4F02  25 7F7F			      AND   AX,7F7FH
Turbo Assembler	 Version 4.0	    08/05/04 21:42:06	    Page 64
GTHAI.asm



   3592	4F05  EB 15			      JMP   SHORT L4FB0H
   3593	4F07			     L4F8DH:
   3594	4F07  E8 FD59			     CALL TRANSLATE_ALREADY_LOADED
   3595	4F0A  3C 20			     CMP   AL,'	'
   3596	4F0C  75 07			      JNZ   L4FA9H
   3597	4F0E  2E: FF 16	04A6r		      CALL  CS:[L04FAH]
   3598	4F13  EB 0C			      JMP   SHORT L4FB5H
   3599	4F15			     L4FA9H:
   3600	4F15  0A C0			     OR	   AL,AL
   3601	4F17  78 03			      JS    L4FB0H
   3602	4F19  BE 25DBr			      MOV   SI,OFFSET FONT_2
   3603	4F1C			     L4FB0H:
   3604	4F1C  2E: FF 16	04A8r		     CALL  CS:[L04FCH]
   3605
   3606	4F21			     L4FB5H:
   3607	4F21  8B F5			     MOV   SI,BP
   3608	4F23  59			      POP   CX
   3609	4F24  E3 0D			      JCXZ  L4FC7H	      ;Jump if CX=0.
   3610	4F26  8C C8			      MOV   AX,CS
   3611	4F28  8E C0			      MOV   ES,AX
   3612	4F2A  BF 0504r			      MOV   DI,OFFSET VID_SAVE
   3613	4F2D  03 FE			      ADD   DI,SI
   3614	4F2F  F3> A7			      REPZ CMPSW	      ;Compare strings.
   3615	4F31  75 98			      JNZ   L4F51H
   3616	4F33			     L4FC7H:
   3617	4F33  E8 0006			     CALL  L4FDDH
   3618	4F36  2E: FF 16	04A4r		      CALL  CS:[DRAW_CURSOR]
   3619
   3620	4F3B			     L4FCFH:
   3621	4F3B  C3			     RET
   3622	4F3C			     UPDATE_SCREEN_THAI_8 ENDP
   3623
   3624				     ;------------------------------------------------------------
   3625	4F3C			     P_002C   PROC  NEAR
   3626				     ;------------------------------------------------------------
   3627	4F3C			     L4FDDH:
   3628	4F3C  2E: 8B 16	04ACr		     MOV   DX,CS:[CRTBASE]
   3629	4F41  B8 0F0E			      MOV   AX,0F0EH
   3630	4F44  EE			      OUT   DX,AL
   3631	4F45  42			      INC   DX
   3632	4F46  EC			      IN    AL,DX
   3633	4F47  86 C4			      XCHG  AL,AH
   3634	4F49  4A			      DEC   DX
   3635	4F4A  EE			      OUT   DX,AL
   3636	4F4B  42			      INC   DX
   3637	4F4C  EC			      IN    AL,DX
   3638	4F4D  8B F0			      MOV   SI,AX
   3639	4F4F  33 D2			      XOR   DX,DX
   3640	4F51  B9 0050			      MOV   CX,80
   3641	4F54  F7 F1			      DIV   CX
   3642	4F56  3C 19			      CMP   AL,19H
   3643	4F58  72 07			      JC    L5002H
   3644	4F5A  2E: 8B 3E	04E4r		      MOV   DI,CS:[L0538H]
   3645	4F5F  EB 59			      JMP   SHORT L505BH
   3646	4F61			     L5002H:
   3647	4F61  D1 E0			     SHL   AX,1
   3648	4F63  D1 E6			      SHL   SI,1
Turbo Assembler	 Version 4.0	    08/05/04 21:42:06	    Page 65
GTHAI.asm



   3649	4F65  8B F8			      MOV   DI,AX
   3650	4F67  2E: 8B BD	04B2r		      MOV   DI,WORD PTR	CS:[DI]+L0506H
   3651	4F6C  03 FA			      ADD   DI,DX
   3652	4F6E  2E: 80 3E	0107r 02	      CMP   BYTE PTR CS:[DISPMODE],THAI_25
   3653	4F74  75 44			      JNZ   L505BH
   3654	4F76  8B CA			      MOV   CX,DX
   3655	4F78  E3 40			      JCXZ  L505BH	      ;Jump if CX=0.
   3656	4F7A  D1 E2			      SHL   DX,1
   3657	4F7C  2E: 8E 1E	04AEr		      MOV   DS,CS:[VID_SEG]
   3658	4F81  2B F2			      SUB   SI,DX
   3659	4F83  33 D2			      XOR   DX,DX
   3660	4F85			     L5026H:
   3661	4F85  8B 04			     MOV   AX,WORD PTR [SI]
   3662	4F87  3C 20			      CMP   AL,' '
   3663	4F89  75 1F			      JNZ   L504BH
   3664	4F8B  33 DB			      XOR   BX,BX
   3665	4F8D			     L502EH:
   3666	4F8D  43			     INC   BX
   3667	4F8E  46			      INC   SI
   3668	4F8F  46			      INC   SI
   3669	4F90  38 04			      CMP   BYTE PTR [SI],AL
   3670	4F92  E1 F9			      LOOPZ L502EH	      ;Dec CX, loop if Z and CX<>0.
   3671	4F94  2E: 38 36	0109r		      CMP   CS:[DISPLAY_COLUMN_ADJUST],DH
   3672	4F99  74 0B			      JZ    L5047H
   3673	4F9B  2E: 3A 1E	0109r		      CMP   BL,CS:[DISPLAY_COLUMN_ADJUST]
   3674	4FA0  72 04			      JC    L5047H
   3675	4FA2  03 FA			      ADD   DI,DX
   3676	4FA4  33 D2			      XOR   DX,DX
   3677	4FA6			     L5047H:
   3678	4FA6  E3 12			     JCXZ  L505BH	     ;Jump if CX=0.
   3679	4FA8  8A 04			      MOV   AL,BYTE PTR	[SI]
   3680	4FAA			     L504BH:
   3681	4FAA  46			     INC   SI
   3682	4FAB  46			      INC   SI
   3683	4FAC  0A C0			      OR    AL,AL
   3684	4FAE  79 15			      JNS   L5066H
   3685	4FB0  0A E4			      OR    AH,AH
   3686	4FB2  79 11			      JNS   L5066H
   3687	4FB4  03 FA			      ADD   DI,DX
   3688	4FB6  33 D2			      XOR   DX,DX
   3689	4FB8			     L5059H:
   3690	4FB8  E2 CB			     LOOP  L5026H	     ;Dec CX, loop if CX<>0.
   3691	4FBA			     L505BH:
   3692	4FBA  2E: 89 36	14A5r		     MOV   WORD	PTR CS:[CURSOR_SAVE],SI
   3693	4FBF  2E: 89 3E	14BDr		      MOV   WORD PTR CS:[VID_OFFSET],DI
   3694	4FC4  C3			      RET
   3695
   3696	4FC5			     L5066H:
   3697	4FC5  E8 FC9B			     CALL TRANSLATE_ALREADY_LOADED
   3698	4FC8  8A D8			     MOV   BL,AL
   3699	4FCA  2E: 80 BF	14DBr 05	      CMP   BYTE PTR CS:[BX]+L152FH,END_OF_STRING
   3700	4FD0  75 E6			      JNZ   L5059H
   3701	4FD2  49			      DEC   CX
   3702	4FD3  74 E5			      JZ    L505BH
   3703	4FD5  E8 FC89			     CALL LOAD_AND_TRANSLATE
   3704	4FD8  8A D8			     MOV   BL,AL
   3705	4FDA  2E: 8A A7	14DBr		      MOV   AH,BYTE PTR	CS:[BX]+L152FH
Turbo Assembler	 Version 4.0	    08/05/04 21:42:06	    Page 66
GTHAI.asm



   3706	4FDF  80 FC 07			      CMP   AH,7
   3707	4FE2  75 11			      JNZ   L50C4H
   3708	4FE4			     L50A3H:
   3709	4FE4  46			     INC   SI
   3710	4FE5  46			      INC   SI
   3711	4FE6  4F			      DEC   DI
   3712	4FE7  42			      INC   DX
   3713	4FE8  49			      DEC   CX
   3714	4FE9  74 CF			      JZ    L505BH
   3715	4FEB  E8 FC73			     CALL LOAD_AND_TRANSLATE
   3716	4FEE  8A D8			     MOV   BL,AL
   3717	4FF0  2E: 8A A7	14DBr		      MOV   AH,BYTE PTR	CS:[BX]+L152FH
   3718	4FF5			     L50C4H:
   3719	4FF5  80 FC 08			     CMP   AH,8
   3720	4FF8  75 11			      JNZ   L50EAH
   3721	4FFA  46			      INC   SI
   3722	4FFB  46			      INC   SI
   3723	4FFC  4F			      DEC   DI
   3724	4FFD  42			      INC   DX
   3725	4FFE  49			      DEC   CX
   3726	4FFF  74 B9			      JZ    L505BH
   3727	5001  E8 FC5D			     CALL LOAD_AND_TRANSLATE
   3728	5004  8A D8			     MOV   BL,AL
   3729	5006  2E: 8A A7	14DBr		      MOV   AH,BYTE PTR	CS:[BX]+L152FH
   3730	500B			     L50EAH:
   3731	500B  80 FC 09			     CMP   AH,HT		    ;TAB char?
   3732	500E  74 03 E9 FF72		      JNZ L5026H
   3733
   3734	5013			     L50F2H:
   3735	5013  46			     INC   SI
   3736	5014  46			      INC   SI
   3737	5015  4F			      DEC   DI
   3738	5016  42			      INC   DX
   3739	5017  EB 9F			      JMP   L5059H
   3740	5019			     P_002C   ENDP
   3741
   3742				     ;------------------------------------------------------------
   3743	5019			     P_002D   PROC  NEAR
   3744				     ;------------------------------------------------------------
   3745	5019			     BEEP:
   3746					     _PUSH AX,CX
2  3747	5019  50			    push AX
2  3748	501A  51			    push CX
   3749	501B  B0 B6			      MOV   AL,0B6H	      ;SET UP SQUARE WAVE
   3750	501D  E6 43			      OUT   43H,AL
   3751	501F  B8 0533			      MOV   AX,0533H	      ;TONE
   3752	5022  E6 42			      OUT   42H,AL
   3753	5024  8A C4			      MOV   AL,AH
   3754	5026  E6 42			      OUT   42H,AL	      ;TONE
   3755	5028  E4 61			      IN    AL,61H
   3756	502A  8A E0			      MOV   AH,AL
   3757	502C  0C 03			      OR    AL,3
   3758	502E  E6 61			      OUT   61H,AL	      ;Turn speaker on
   3759	5030  33 C9			      XOR   CX,CX	     ;Start at 0, dec to 0FFFFH, count to zero
   3760	5032			     BEEP_1:
   3761	5032  E2 FE			     LOOP  BEEP_1	     ;Dec CX, loop if CX<>0.
   3762	5034  8A C4			      MOV   AL,AH
Turbo Assembler	 Version 4.0	    08/05/04 21:42:06	    Page 67
GTHAI.asm



   3763	5036  E6 61			      OUT   61H,AL	      ;Turn speaker off
   3764					      _POP  CX,AX
2  3765	5038  59			    pop	 CX
2  3766	5039  58			    pop	 AX
   3767	503A  C3			      RET
   3768	503B			     P_002D   ENDP
   3769
   3770				     ;------------------------------------------------------------
   3771	503B			     P_002E   PROC  NEAR
   3772				     ;------------------------------------------------------------
   3773	503B			     SETVMODE:
   3774	503B  FC			     CLD		     ;Set forward direction flag.
   3775					      _PUSH BX,CX,DX,DI,SI,DS,ES
2  3776	503C  53			    push BX
2  3777	503D  51			    push CX
2  3778	503E  52			    push DX
2  3779	503F  57			    push DI
2  3780	5040  56			    push SI
2  3781	5041  1E			    push DS
2  3782	5042  06			    push ES
   3783	5043  2E: FF 16	0496r		      CALL  CS:[L04EAH]
   3784				     ;	       MOV   DS,CS:[VID_SEG]
   3785				     ;	       MOV   BYTE PTR DS:[7FFFH],AL
   3786	5048  2E: A2 0110r		      MOV  CS:VMODEFLAG, AL  ;//TEST//
   3787	504C  2E: 8E 06	04AEr		      MOV   ES,CS:[VID_SEG]
   3788	5051  33 FF			      XOR   DI,DI
   3789	5053  B9 07D0			      MOV   CX,SCREEN_SIZE
   3790	5056  B8 0720			      MOV   AX,0720H
   3791	5059  F3> AB			      REPZ STOSW	      ;Store wrd in AX in ES:DI	++.
   3792	505B  8C C8			      MOV   AX,CS
   3793	505D  8E C0			      MOV   ES,AX
   3794	505F  BF 0504r			      MOV   DI,OFFSET VID_SAVE
   3795	5062  B9 07D0			      MOV   CX,SCREEN_SIZE
   3796	5065  F3> AB			      REPZ STOSW	      ;Store wrd in AX in ES:DI	++.
   3797					      _POP  ES,DS,SI,DI,DX,CX,BX
2  3798	5067  07			    pop	 ES
2  3799	5068  1F			    pop	 DS
2  3800	5069  5E			    pop	 SI
2  3801	506A  5F			    pop	 DI
2  3802	506B  5A			    pop	 DX
2  3803	506C  59			    pop	 CX
2  3804	506D  5B			    pop	 BX
   3805	506E  CF			      IRET		      ;Return from interrupt.
   3806	506F			     P_002E   ENDP
   3807
   3808				     ;------------------------------------------------------------
   3809	506F			     P_002F   PROC  NEAR
   3810				     ;------------------------------------------------------------
   3811	506F			     SCRL_UP1:
   3812	506F  FA			     CLI		     ;Disable interrupts.
   3813	5070  FC			      CLD		      ;Set forward direction flag.
   3814					       _PUSH BX,CX,DX,DI,SI,DS,ES
2  3815	5071  53			    push BX
2  3816	5072  51			    push CX
2  3817	5073  52			    push DX
2  3818	5074  57			    push DI
2  3819	5075  56			    push SI
Turbo Assembler	 Version 4.0	    08/05/04 21:42:06	    Page 68
GTHAI.asm



2  3820	5076  1E			    push DS
2  3821	5077  06			    push ES
   3822	5078  2E: 8B 3E	14BDr		      MOV   DI,WORD PTR	CS:[VID_OFFSET]
   3823	507D  2E: FF 16	04A4r		      CALL  CS:[DRAW_CURSOR]
   3824	5082  2E: A1 04AEr		      MOV   AX,CS:[VID_SEG]   ;Point ES	and DS to VID_SEG
   3825	5086  8E C0			      MOV   ES,AX
   3826	5088  8E D8			      MOV   DS,AX
   3827	508A  33 FF			      XOR   DI,DI	      ;Destination is Line1 (offset 0)
   3828	508C  BE 00A0			      MOV   SI,160	      ;Source is Line2 (offset 160)
   3829	508F  B9 0780			      MOV   CX,1920	      ;Length is 24 lines
   3830	5092  F3> A5			      REPZ MOVSW	      ;Move screen up one line
   3831	5094  8A E7			      MOV   AH,BH	      ;Default attribute in AH
   3832	5096  B0 20			      MOV   AL,' '	      ;SPACE char
   3833	5098  B1 50			      MOV   CL,80	      ;Line size
   3834	509A  F3> AB			      REPZ STOSW	      ;Fill bottom line	with spaces
   3835	509C  8C C8			      MOV   AX,CS		     ;Set ES & DS to Code Seg
   3836	509E  8E C0			      MOV   ES,AX
   3837	50A0  8E D8			      MOV   DS,AX
   3838	50A2  BF 0504r			      MOV   DI,OFFSET VID_SAVE	     ;Beginning	of screen save area
   3839	50A5  BE 05A4r			      MOV   SI,OFFSET VIDLINE2	     ;Line 2
   3840	50A8  B9 0780			      MOV   CX,1920		     ;24 lines
   3841	50AB  F3> A5			      REPZ MOVSW		     ;Scroll Save buffer one line
   3842	50AD  FF 16 049Er		      CALL  [L04F2H]
   3843	50B1  2E: 8B 3E	14BDr		      MOV   DI,WORD PTR	CS:[VID_OFFSET]
   3844	50B6  2E: FF 16	04A4r		      CALL  CS:[DRAW_CURSOR]
   3845					       _POP  ES,DS,SI,DI,DX,CX,BX
2  3846	50BB  07			    pop	 ES
2  3847	50BC  1F			    pop	 DS
2  3848	50BD  5E			    pop	 SI
2  3849	50BE  5F			    pop	 DI
2  3850	50BF  5A			    pop	 DX
2  3851	50C0  59			    pop	 CX
2  3852	50C1  5B			    pop	 BX
   3853	50C2  C3			      RET
   3854	50C3			     P_002F   ENDP
   3855
   3856				     ;------------------------------------------------------------
   3857	50C3			     WRIT_TTY PROC  NEAR
   3858				     ;------------------------------------------------------------
   3859					       _PUSH BX,DX,DS
2  3860	50C3  53			    push BX
2  3861	50C4  52			    push DX
2  3862	50C5  1E			    push DS
   3863	50C6  BB 0040			      MOV   BX,BIOS_SEG			  ;Point DS to BIOS segment
   3864	50C9  8E DB			      MOV   DS,BX		     ; Calculate offset	into video
   3865									     ; (Row * 80) + column
   3866	50CB  8A 1E 0051		      MOV   BL,BYTE PTR	DS:[BIOS_CURSOR_ROW_PG0]     ;Get cursor row
   3867	50CF  D1 E3			      SHL   BX,1		     ; * 2
   3868	50D1  D1 E3			      SHL   BX,1		     ; * 4
   3869	50D3  D1 E3			      SHL   BX,1		     ; * 8
   3870	50D5  D1 E3			      SHL   BX,1		     ; * 16
   3871	50D7  8B D3			      MOV   DX,BX		     ;DX = row * 16
   3872	50D9  D1 E3			      SHL   BX,1		     ; * 32
   3873	50DB  D1 E3			      SHL   BX,1		     ; * 64
   3874	50DD  03 DA			      ADD   BX,DX		     ;BX = row * 80
   3875	50DF  8B 16 0050		      MOV   DX,WORD PTR	DS:[BIOS_CURSOR_COL_PG0]     ;Get cursor column
   3876	50E3  02 DA			      ADD   BL,DL		     ;Add column
Turbo Assembler	 Version 4.0	    08/05/04 21:42:06	    Page 69
GTHAI.asm



   3877	50E5  80 D7 00			      ADC   BH,0		     ;Add in carry flag
   3878	50E8  D1 E3			      SHL   BX,1		     ;Double it	for attribute
   3879	50EA  2E: 8E 1E	04AEr		      MOV   DS,CS:[VID_SEG]	     ;Point DS to video
   3880	50EF  3C 07			      CMP   AL,BELL		     ;Ring the bell?
   3881	50F1  75 05			      JNZ   NOT_BELL
   3882	50F3  E8 FF23			      CALL  BEEP		     ;Ring it!
   3883	50F6  EB 3B			      JMP   SHORT TTY_EXIT
   3884	50F8			     NOT_BELL:
   3885	50F8  3C 08			     CMP   AL,BACKSPC		  ;BACKSPACE?
   3886	50FA  75 07			      JNZ   NOT_BS
   3887	50FC  0A D2			      OR    DL,DL		     ;Are we already at	beginning of line?
   3888	50FE  74 33			      JZ    TTY_EXIT		     ;Yes, get out
   3889	5100  4A			      DEC   DX			     ;Decrement	column number
   3890	5101  EB 26			      JMP   SHORT SETCRSR
   3891	5103			     NOT_BS:
   3892	5103  3C 0D			     CMP   AL,CR		    ;CARRIAGE RETURN?
   3893	5105  75 04			      JNZ   NOT_CR		     ;No
   3894	5107  32 D2			      XOR   DL,DL		     ;Set column to 0
   3895	5109  EB 1E			      JMP   SHORT SETCRSR
   3896	510B			     NOT_CR:
   3897	510B  3C 0A			     CMP   AL,LF		    ;LINEFEED?
   3898	510D  74 0A			      JZ    DO_LF		     ;Yes
   3899	510F  88 07			      MOV   BYTE PTR [BX],AL	     ;Put character on screen
   3900	5111  42			      INC   DX			     ;Bump column pointer
   3901	5112  80 FA 50			      CMP   DL,80		     ;Past end of line?
   3902	5115  72 12			      JC    SETCRSR		     ;No, set cursor and exit
   3903	5117  32 D2			      XOR   DL,DL		     ;Yes, set column to 0 and Linefeed
   3904	5119			     DO_LF:
   3905	5119  FE C6			     INC   DH			     ;Next line
   3906	511B  80 FE 19			      CMP   DH,25		     ;Past line	25?
   3907	511E  72 09			      JC    SETCRSR		     ;No, set cursor and exit
   3908	5120  8A 7F 01			      MOV   BH,BYTE PTR	[BX]+1	     ;Get attribute of current line
   3909	5123  E8 FF49			      CALL  SCRL_UP1		     ;Scroll screen
   3910	5126  BA 1800			      MOV   DX,1800H		     ;Set cursor to line 25 column 1 (24,0)
   3911
   3912	5129			     SETCRSR:
   3913	5129  32 FF			     XOR   BH,BH
   3914	512B  B4 02			      MOV   AH,2
   3915	512D  9C			      PUSHF		      ;Push flag register.
   3916	512E  2E: FF 1E	04F4r		      CALL  DWORD PTR CS:[OLDINT10]  ;Let old interrupt	do display
   3917	5133			     TTY_EXIT:
   3918					      _POP  DS,DX,BX
2  3919	5133  1F			    pop	 DS
2  3920	5134  5A			    pop	 DX
2  3921	5135  5B			    pop	 BX
   3922	5136  CF			      IRET		      ;Return from interrupt.
   3923	5137			     WRIT_TTY ENDP
   3924
   3925				     ;======================================================================
   3926				     ; Table of	hot keys and routines to handle	them
   3927				     ;----------------------------------------------------------------------
   3928	5137  08 29		     KEYTBL   DB   SHIFT_STAT_ALT,SCAN_TILDE	     ;ALT-<`> Unload TSR
   3929	5139  521Fr			      DW    UNLOAD
   3930	513B  04 29			      DB   SHIFT_STAT_CTRL,SCAN_TILDE	     ;CTRL-<`> Control panel
   3931	513D  382Fr			      DW    PANEL
   3932	513F  00 29			      DB   SHIFT_STAT_NOSHIFT,SCAN_TILDE     ;<`> - Switch Thai/English
   3933	5141  55ABr			      DW    THAI_SW
Turbo Assembler	 Version 4.0	    08/05/04 21:42:06	    Page 70
GTHAI.asm



   3934	5143  00 00			      DB   0,0
   3935	5145  55CEr			      DW    NORMKEY
   3936
   3937				     ;======================================================================
   3938				     ; Translate table
   3939				     ;----------------------------------------------------------------------
   3940	5147  95 96 97 9E 98 9F	     L522BH   DB   95H,96H,97H,9EH,98H,9FH
   3941	514D  9A 99 9B 9C 9D 85		      DB   9AH,99H,9BH,9CH,9DH,85H
   3942	5153  86 87 8E 88 8F 8A		      DB   86H,87H,8EH,88H,8FH,8AH
   3943	5159  89 8B 8C 8D 83 94		      DB   89H,8BH,8CH,8DH,83H,94H
   3944	515F  84 2D 92 90 93 2B		      DB   84H,2DH,92H,90H,93H,2BH
   3945	5165  81 91 82			      DB   81H,91H,82H
   3946
   3947				     ;======================================================================
   3948				     ; Translate table
   3949				     ;----------------------------------------------------------------------
   3950	5168  20 2C 2E F2 F3 F4	     L524CH   DB   20H,2CH,2EH,0F2H,0F3H,0F4H
   3951	516E  A3 A7 F6 F7 F5 F9		      DB   0A3H,0A7H,0F6H,0F7H,0F5H,0F9H
   3952	5174  C1 A2 E3 BD A8 C5		      DB   0C1H,0A2H,0E3H,0BDH,0A8H,0C5H
   3953	517A  2F 2D C0 B6 D8 D6		      DB   2FH,2DH,0C0H,0B6H,0D8H,0D6H
   3954	5180  A4 B5 AB C7 B2 AA		      DB   0A4H,0B5H,0ABH,0C7H,0B2H,0AAH
   3955	5186  CC C6 F1 C4 DA A9		      DB   0CCH,0C6H,0F1H,0C4H,0DAH,0A9H
   3956	518C  AF AE E2 AC E7 B3		      DB   0AFH,0AEH,0E2H,0ACH,0E7H,0B3H
   3957	5192  EB C9 C8 3F EC CF		      DB   0EBH,0C9H,0C8H,3FH,0ECH,0CFH
   3958	5198  AD F0 B1 A6 B8 EA		      DB   0ADH,0F0H,0B1H,0A6H,0B8H,0EAH
   3959	519E  CE 22 29 ED 28 BA		      DB   0CEH,22H,29H,0EDH,28H,0BAH
   3960	51A4  60 C5 D9 F8 DF BF		      DB   60H,0C5H,0D9H,0F8H,0DFH,0BFH
   3961	51AA  D4 E1 A1 D3 B4 E0		      DB   0D4H,0E1H,0A1H,0D3H,0B4H,0E0H
   3962	51B0  E9 C3 E8 D2 CA B7		      DB   0E9H,0C3H,0E8H,0D2H,0CAH,0B7H
   3963	51B6  D7 B9 C2 E6 BE CB		      DB   0D7H,0B9H,0C2H,0E6H,0BEH,0CBH
   3964	51BC  D0 D5 CD			      DB   0D0H,0D5H,0CDH
   3965	51BF  E4 BB D1 BC B0 E5	     L52A3H   DB   0E4H,0BBH,0D1H,0BCH,0B0H,0E5H
   3966	51C5  2C A5 7F			      DB   2CH,0A5H,7FH
   3967
   3968				     ;======================================================================
   3969				     ; Keyboard	interrupt handler
   3970				     ;----------------------------------------------------------------------
   3971	51C8			     KBDINT9 PROC NEAR
   3972				     ;	       PUSH  DS
   3973				     ;	       MOV   DS,CS:[VID_SEG]
   3974				     ;	       CMP   BYTE PTR DS:[7FFFH],3
   3975				     ;	       POP   DS
   3976	51C8  2E: 80 3E	0110r 03	      CMP CS:VMODEFLAG,	3  ;//TEST//
   3977	51CE  74 05			      JZ    THAIKBD
   3978	51D0  2E: FF 2E	04F0r		      JMP   DWORD PTR CS:[OLDINT9]
   3979
   3980	51D5			     THAIKBD:
   3981	51D5  FC			     CLD		     ;Set forward direction flag.
   3982					      _PUSH AX,BX,CX,DX,SI,DI,DS,ES
2  3983	51D6  50			    push AX
2  3984	51D7  53			    push BX
2  3985	51D8  51			    push CX
2  3986	51D9  52			    push DX
2  3987	51DA  56			    push SI
2  3988	51DB  57			    push DI
2  3989	51DC  1E			    push DS
2  3990	51DD  06			    push ES
Turbo Assembler	 Version 4.0	    08/05/04 21:42:06	    Page 71
GTHAI.asm



   3991	51DE  B8 0040			      MOV   AX,BIOS_SEG	    ;BIOS data segment
   3992	51E1  8E D8			      MOV   DS,AX
   3993	51E3  8A 26 0017		      MOV   AH,BYTE PTR	DS:[BIOS_SHIFT_STATUS] ;Shift status flags
   3994	51E7  80 E4 0F			      AND   AH,0FH	      ;Mask of 'LOCK STATE' flags
   3995	51EA  BE 5137r			      MOV   SI,OFFSET KEYTBL
   3996	51ED  E4 60			      IN    AL,60H	      ;Get scan	code
   3997	51EF  86 C4			      XCHG  AL,AH	      ;Swap scan code and flags
   3998	51F1			     HOTKEYLP:
   3999	51F1  2E: 83 3C	00		     CMP   WORD	PTR CS:[SI],0;End of HOTKEY list?
   4000	51F5  74 1B			      JZ    KB_EXIT	      ;Yes, get	out
   4001	51F7  2E: 39 04			      CMP   WORD PTR CS:[SI],AX;Is this	one of our hotkeys?
   4002	51FA  74 05			      JZ    ITS_OURS	      ;Yes, handle it.
   4003	51FC  83 C6 04			      ADD   SI,4H	      ;Else bump to next entry
   4004	51FF  EB F0			      JMP   SHORT HOTKEYLP    ;Keep looking
   4005	5201			     ITS_OURS:
   4006	5201  E4 61			     IN	   AL,61H	     ;Get control port status
   4007	5203  8A E0			      MOV   AH,AL	      ;Save it
   4008	5205  0C 80			      OR    AL,80H	      ;Reset keyboard
   4009	5207  E6 61			      OUT   61H,AL
   4010	5209  8A C4			      MOV   AL,AH	      ;Restore status
   4011	520B  E6 61			      OUT   61H,AL	      ;Keyboard	has been reset
   4012	520D  FA			      CLI		      ;Disable interrupts.
   4013	520E  B0 20			      MOV   AL,20H
   4014	5210  E6 20			      OUT   20H,AL	      ;End of interrupt	to 8259
   4015	5212			     KB_EXIT:
   4016	5212  2E: FF 54	02		     CALL  WORD	PTR CS:[SI]+2;Call function for	key
   4017					      _POP  ES,DS,DI,SI,DX,CX,BX,AX
2  4018	5216  07			    pop	 ES
2  4019	5217  1F			    pop	 DS
2  4020	5218  5F			    pop	 DI
2  4021	5219  5E			    pop	 SI
2  4022	521A  5A			    pop	 DX
2  4023	521B  59			    pop	 CX
2  4024	521C  5B			    pop	 BX
2  4025	521D  58			    pop	 AX
   4026	521E  CF			      IRET		      ;Return from interrupt.
   4027	521F			     KBDINT9 ENDP
   4028
   4029				     ;======================================================================
   4030				     ; Pop up window and ask the user if the TSR should	be unloaded.
   4031				     ; If other	programs have hooked the interrupts, tell the user
   4032				     ; that we can't unload.
   4033				     ;------------------------------------------------------------
   4034	521F			     UNLOAD PROC  NEAR
   4035	521F  E8 E57A			      CALL  SAVE_SCREEN
   4036	5222  C7 06 41C8r 00D8		      MOV   [MENU_LEFT_COLUMN],UNLOAD_LEFT_COLUMN
   4037	5228  C7 06 41CAr 0078		      MOV   [MENU_TOP_ROW],UNLOAD_TOP_ROW
   4038	522E  C7 06 41CCr 00C8		      MOV   [MENU_WIDTH],UNLOAD_WIDTH
   4039	5234  C7 06 41CEr 0064		      MOV   [MENU_HEIGHT],UNLOAD_HEIGHT
   4040	523A  C7 06 41D0r 0006		      MOV   [MENU_FRAME_WIDTH],UNLOAD_FRAME_WIDTH
   4041	5240  C7 06 41D2r 0002		      MOV   [MENU_EDGE_WIDTH],UNLOAD_EDGE_WIDTH
   4042	5246  C7 06 41D6r 0003		      MOV   [MENU_FRAME_COLOR],UNLOAD_FRAME_COLOR
   4043	524C  C7 06 41D4r 000F		      MOV   [MENU_BACKGROUND_COLOR],UNLOAD_BG_COLOR
   4044	5252  C7 06 41D8r 000B		      MOV   [MENU_EDGE_COLOR],UNLOAD_EDGE_COLOR
   4045	5258  C7 06 41DAr 0000		      MOV   [MENU_SHADOW_COLOR],UNLOAD_SHADOW_COLOR
   4046	525E  C7 06 41DCr 5269r		      MOV   [MENU_TITLE_MSG],OFFSET UNLOAD_TITLE
   4047	5264  E8 F255			      CALL  DO_MENU
Turbo Assembler	 Version 4.0	    08/05/04 21:42:06	    Page 72
GTHAI.asm



   4048	5267  EB 0A			      JMP   SHORT U_SKIP1
   4049
   4050	5269  25 A7 EC C8 A1 C2	D7+  UNLOAD_TITLE    DB	_SPACE,_KHO_KHAI,_MAI_THO,_O_ANG,_KHO_KHWAI,_WO_WAEN,_SARA_AA,_MO_MA,_SPACE,+
   4051	      C4 25 05		     END_OF_STRING
   4052
   4053				     ;======================================================================
   4054				     ; See if all hooked int vectors still have	our Code_segment
   4055				     ;======================================================================
   4056	5273			     U_SKIP1:
   4057	5273  C6 06 14A4r F0		     MOV   [TEXT_COLOR],(BRIGHT_WHITE_BG+BLACK)
   4058	5278  33 C0			      XOR   AX,AX
   4059	527A  8E D8			      MOV   DS,AX
   4060	527C  8C C8			      MOV   AX,CS
   4061	527E  3B 06 0022		      CMP   AX,WORD PTR	DS:[INT_TBL_SEG_TIMER]	   ;TIMER
   4062	5282  75 15			      JNZ   CANT_UNLOAD
   4063	5284  3B 06 0026		      CMP   AX,WORD PTR	DS:[INT_TBL_SEG_KBD]	 ;KEYBOARD
   4064	5288  75 0F			      JNZ   CANT_UNLOAD
   4065	528A  3B 06 0042		      CMP   AX,WORD PTR	DS:[INT_TBL_SEG_VIDEO]	   ;VIDEO
   4066	528E  75 09			      JNZ   CANT_UNLOAD
   4067	5290  3B 06 005E		      CMP   AX,WORD PTR	DS:[INT_TBL_SEG_PRINTER]     ;PRINTER
   4068	5294  75 03 E9 012C		      JZ OK_TO_UNLOAD
   4069
   4070	5299			     CANT_UNLOAD:
   4071	5299  8E D8			      MOV   DS,AX
   4072	529B  B9 000A			      MOV   CX,10
   4073	529E  BA 0014			      MOV   DX,20
   4074	52A1  03 0E 41C8r		      ADD   CX,[MENU_LEFT_COLUMN]
   4075	52A5  03 16 41CAr		      ADD   DX,[MENU_TOP_ROW]
   4076	52A9  FF 16 049Cr		      CALL  [CURSOR_CALC]
   4077	52AD  BE 52B5r			      MOV   SI,OFFSET CANT_UNLOAD_MSG1
   4078	52B0  E8 F04B			      CALL  DO_MSG
   4079	52B3  EB 1C			      JMP   SHORT CANT_UNLOAD_SKIP1
   4080
   4081	52B5			     CANT_UNLOAD_MSG1 LABEL BYTE
   4082	52B5  E1 C4 ED CF D7 C4		      DB   _SARA_MAI_MALAI,_MO_MA,_MAI_EK,_SO_SUA,_SARA_AA,_MO_MA
   4083	52BB  D7 C6 B3 C7 A4 E5		      DB   _SARA_AA,_RO_RUA,_THO_THUNG,_YO_YAK,_KO_KAI,_SARA_E
   4084	52C1  C0 D1 A4 A4 D7 C6		      DB   _LO_LING,_SARA_I,_KO_KAI,_KO_KAI,_SARA_AA,_RO_RUA
   4085	52C7  E6 AF EC A2 D7 BC		      DB   _SARA_MAI_MUAN,_CHO_CHANG,_MAI_THO,_NGO_NGU,_SARA_AA,_NO_NU
   4086	52CD  E1 B1 EC 05		      DB   _SARA_MAI_MALAI,_DO_DEK,_MAI_THO,END_OF_STRING
   4087
   4088	52D1			     CANT_UNLOAD_SKIP1:
   4089	52D1  B9 000A			      MOV   CX,10
   4090	52D4  BA 0022			      MOV   DX,34
   4091	52D7  03 0E 41C8r		      ADD   CX,[MENU_LEFT_COLUMN]
   4092	52DB  03 16 41CAr		      ADD   DX,[MENU_TOP_ROW]
   4093	52DF  FF 16 049Cr		      CALL  [CURSOR_CALC]
   4094	52E3  BE 52EBr			      MOV   SI,OFFSET CANT_UNLOAD_MSG2
   4095	52E6  E8 F015			      CALL  DO_MSG
   4096	52E9  EB 1D			      JMP   SHORT CANT_UNLOAD_SKIP2
   4097
   4098	52EB			     CANT_UNLOAD_MSG2 LABEL BYTE
   4099	52EB  E5 BC D2 ED C8 A2		      DB   _SARA_E,_NO_NU,_SARA_UEE,_MAI_EK,_O_ANG,_NGO_NGU
   4100	52F1  AD D7 A4 C4 D0 25		      DB   _CHO_CHAN,_SARA_AA,_KO_KAI,_MO_MA,_SARA_II,_SPACE
   4101	52F7  E7 BE C6 E4 A4 C6		      DB   _SARA_O,_PO_PLA,_RO_RUA,_SARA_EE,_KO_KAI,_RO_RUA
   4102	52FD  C4 C8 D2 ED BC B2		      DB   _MO_MA,_O_ANG,_SARA_UEE,_MAI_EK,_NO_NU,_THO_THAHAN
   4103	5303  D6 A2 D7 BC 05		      DB   _SARA_AM,_NGO_NGU,_SARA_AA,_NO_NU,END_OF_STRING
   4104
Turbo Assembler	 Version 4.0	    08/05/04 21:42:06	    Page 73
GTHAI.asm



   4105	5308			     CANT_UNLOAD_SKIP2:
   4106	5308  B9 000A			      MOV   CX,10
   4107	530B  BA 0030			      MOV   DX,48
   4108	530E  03 0E 41C8r		      ADD   CX,[MENU_LEFT_COLUMN]
   4109	5312  03 16 41CAr		      ADD   DX,[MENU_TOP_ROW]
   4110	5316  FF 16 049Cr		      CALL  [CURSOR_CALC]
   4111	531A  BE 5322r			      MOV   SI,OFFSET CANT_UNLOAD_MSG3
   4112	531D  E8 EFDE			      CALL  DO_MSG
   4113	5320  EB 19			      JMP   SHORT CANT_UNLOAD_SKIP3
   4114				     ; "???? resident program"
   4115	5322			     CANT_UNLOAD_MSG3 LABEL BYTE
   4116	5322  E5 BE E2 BC E4 BF		      DB   _SARA_E,_PO_PLA,_MAI_TAI_KHU,_NO_NU,_SARA_EE,_BO_BAIMAI
   4117	5328  BF			      DB   _BO_BAIMAI
   4118	5329  25 77 60 76 6C 61	60+	      DB   _SPACE,r_,e_,s_,i_,d_,e_,n_,t_,_SPACE
   4119	      6B 71 25
   4120	5333  75 77 6A 62 77 64	68	      DB   p_,r_,o_,g_,r_,a_,m_
   4121	533A  05			      DB   END_OF_STRING
   4122
   4123	533B			     CANT_UNLOAD_SKIP3:
   4124	533B  B8 0000			      MOV   AX,UNLOAD_SHADOW_COLOR     ;BLACK
   4125	533E  FF 16 049Ar		      CALL  [SET_SHADOW_COLOR]
   4126	5342  B8 000B			      MOV   AX,UNLOAD_EDGE_COLOR       ;BRIGHT_CYAN
   4127	5345  FF 16 0498r		      CALL  [SET_EDGE_COLOR]
   4128	5349  B9 0047			      MOV   CX,71
   4129	534C  BA 0045			      MOV   DX,69
   4130	534F  03 0E 41C8r		      ADD   CX,[MENU_LEFT_COLUMN]
   4131	5353  03 16 41CAr		      ADD   DX,[MENU_TOP_ROW]
   4132	5357  FF 16 049Cr		      CALL  [CURSOR_CALC]
   4133	535B  B9 0032			      MOV   CX,50
   4134	535E  BA 0000			      MOV   DX,0
   4135	5361  E8 EE92			      CALL  DRAW_LINE
   4136	5364  B9 0000			      MOV   CX,0
   4137	5367  BA 000F			      MOV   DX,15
   4138	536A  E8 EE89			      CALL  DRAW_LINE
   4139	536D  B8 0000			      MOV   AX,UNLOAD_SHADOW_COLOR     ;BLACK
   4140	5370  FF 16 0498r		      CALL  [SET_EDGE_COLOR]
   4141	5374  B9 0078			      MOV   CX,120
   4142	5377  BA 0054			      MOV   DX,84
   4143	537A  03 0E 41C8r		      ADD   CX,[MENU_LEFT_COLUMN]
   4144	537E  03 16 41CAr		      ADD   DX,[MENU_TOP_ROW]
   4145	5382  FF 16 049Cr		      CALL  [CURSOR_CALC]
   4146	5386  B9 FFCF			      MOV   CX,-49
   4147	5389  BA 0000			      MOV   DX,0
   4148	538C  E8 EE67			      CALL  DRAW_LINE
   4149	538F  B9 0000			      MOV   CX,0
   4150	5392  BA FFF1			      MOV   DX,-15
   4151	5395  E8 EE5E			      CALL  DRAW_LINE
   4152	5398  C6 06 14A4r 30		      MOV   [TEXT_COLOR],UNLOAD_FRAME_COLOR SHL	4 +BLACK
   4153	539D  B9 004B			      MOV   CX,75
   4154	53A0  BA 0046			      MOV   DX,70
   4155	53A3  03 0E 41C8r		      ADD   CX,[MENU_LEFT_COLUMN]
   4156	53A7  03 16 41CAr		      ADD   DX,[MENU_TOP_ROW]
   4157	53AB  FF 16 049Cr		      CALL  [CURSOR_CALC]
   4158	53AF  BE 53B7r			      MOV   SI,OFFSET CANT_UNLOAD_MSG4
   4159	53B2  E8 EF49			      CALL  DO_MSG
   4160	53B5  EB 07			      JMP   SHORT CANT_UNLOAD_SKIP4
   4161
Turbo Assembler	 Version 4.0	    08/05/04 21:42:06	    Page 74
GTHAI.asm



   4162	53B7			     CANT_UNLOAD_MSG4 LABEL BYTE
   4163	53B7  25 B0 A4 C0 A2 25	05	      DB   _SPACE,_TO_TAO,_KO_KAI,_LO_LING,_NGO_NGU,_SPACE,END_OF_STRING
   4164
   4165	53BE			     CANT_UNLOAD_SKIP4:
   4166	53BE  32 E4			      XOR   AH,AH    ;KBD_READ
   4167	53C0  CD 16			      INT   16H
   4168	53C2  E9 E41D			      JMP   RESTORE_SCREEN
   4169				     ;------------------------------------------------------------
   4170	53C5			     OK_TO_UNLOAD:
   4171	53C5  8E D8			      MOV   DS,AX
   4172	53C7  B9 0014			      MOV   CX,20
   4173	53CA  BA 0014			      MOV   DX,20
   4174	53CD  03 0E 41C8r		      ADD   CX,[MENU_LEFT_COLUMN]
   4175	53D1  03 16 41CAr		      ADD   DX,[MENU_TOP_ROW]
   4176	53D5  FF 16 049Cr		      CALL  [CURSOR_CALC]
   4177	53D9  BE 53E1r			      MOV   SI,OFFSET OK_MSG1
   4178	53DC  E8 EF1F			      CALL  DO_MSG
   4179	53DF  EB 19			      JMP   SHORT OK_SKIP1
   4180
   4181	53E1			     OK_MSG1 LABEL BYTE
   4182	53E1  25 B0 EC C8 A2 A4		      DB   _SPACE,_TO_TAO,_MAI_THO,_O_ANG,_NGO_NGU,_KO_KAI
   4183	53E7  D7 C6 C7 A4 E5 C0		      DB   _SARA_AA,_RO_RUA,_YO_YAK,_KO_KAI,_SARA_E,_LO_LING
   4184	53ED  D1 A4 A4 D7 C6 E6		      DB   _SARA_I,_KO_KAI,_KO_KAI,_SARA_AA,_RO_RUA,_SARA_MAI_MUAN
   4185	53F3  AF EC A2 D7 BC 25		      DB   _CHO_CHANG,_MAI_THO,_NGO_NGU,_SARA_AA,_NO_NU,_SPACE
   4186	53F9  05			      DB   END_OF_STRING
   4187
   4188	53FA			     OK_SKIP1:
   4189	53FA  B9 0014			      MOV   CX,20
   4190	53FD  BA 0022			      MOV   DX,34
   4191	5400  03 0E 41C8r		      ADD   CX,[MENU_LEFT_COLUMN]
   4192	5404  03 16 41CAr		      ADD   DX,[MENU_TOP_ROW]
   4193	5408  FF 16 049Cr		      CALL  [CURSOR_CALC]
   4194	540C  BE 5414r			      MOV   SI,OFFSET OK_MSG2
   4195	540F  E8 EEEC			      CALL  DO_MSG
   4196	5412  EB 16			      JMP   SHORT OK_SKIP2
   4197
   4198	5414			     OK_MSG2 LABEL BYTE
   4199	5414  25 25 25 25 C6 D5		      DB   _SPACE,_SPACE,_SPACE,_SPACE,_RO_RUA,_SARA_A
   4200	541A  BF BF C5 D7 CC D7		      DB   _BO_BAIMAI,_BO_BAIMAI,_PHO_SAMPHAO,_SARA_AA,_SO_RUSI,_SARA_AA
   4201	5420  E1 B2 C7 3A 25 25		      DB   _SARA_MAI_MALAI,_THO_THAHAN,_YO_YAK,_QUESTION,_SPACE,_SPACE
   4202	5426  25 25 25 05		      DB   _SPACE,_SPACE,_SPACE,END_OF_STRING
   4203
   4204	542A			     OK_SKIP2:
   4205	542A  B8 0000			      MOV   AX,UNLOAD_SHADOW_COLOR    ;BLACK
   4206	542D  FF 16 049Ar		      CALL  [SET_SHADOW_COLOR]
   4207	5431  B8 000B			      MOV   AX,UNLOAD_EDGE_COLOR      ;BRIGHT_CYAN
   4208	5434  FF 16 0498r		      CALL  [SET_EDGE_COLOR]
   4209	5438  B9 0017			      MOV   CX,23
   4210	543B  BA 0045			      MOV   DX,69
   4211	543E  03 0E 41C8r		      ADD   CX,[MENU_LEFT_COLUMN]
   4212	5442  03 16 41CAr		      ADD   DX,[MENU_TOP_ROW]
   4213	5446  FF 16 049Cr		      CALL  [CURSOR_CALC]
   4214	544A  B9 0032			      MOV   CX,50
   4215	544D  BA 0000			      MOV   DX,0
   4216	5450  E8 EDA3			      CALL  DRAW_LINE
   4217	5453  B9 0000			      MOV   CX,0
   4218	5456  BA 000F			      MOV   DX,15
Turbo Assembler	 Version 4.0	    08/05/04 21:42:06	    Page 75
GTHAI.asm



   4219	5459  E8 ED9A			      CALL  DRAW_LINE
   4220	545C  B8 0000			      MOV   AX,UNLOAD_SHADOW_COLOR   ;BLACK
   4221	545F  FF 16 0498r		      CALL  [SET_EDGE_COLOR]
   4222	5463  B9 0048			      MOV   CX,72
   4223	5466  BA 0054			      MOV   DX,84
   4224	5469  03 0E 41C8r		      ADD   CX,[MENU_LEFT_COLUMN]
   4225	546D  03 16 41CAr		      ADD   DX,[MENU_TOP_ROW]
   4226	5471  FF 16 049Cr		      CALL  [CURSOR_CALC]
   4227	5475  B9 FFCF			      MOV   CX,-49
   4228	5478  BA 0000			      MOV   DX,0
   4229	547B  E8 ED78			      CALL  DRAW_LINE
   4230	547E  B9 0000			      MOV   CX,0
   4231	5481  BA FFF1			      MOV   DX,-15
   4232	5484  E8 ED6F			      CALL  DRAW_LINE
   4233	5487  C6 06 14A4r 30		      MOV   [TEXT_COLOR],UNLOAD_FRAME_COLOR SHL	4 + BLACK
   4234	548C  B9 0018			      MOV   CX,24
   4235	548F  BA 0046			      MOV   DX,70
   4236	5492  03 0E 41C8r		      ADD   CX,[MENU_LEFT_COLUMN]
   4237	5496  03 16 41CAr		      ADD   DX,[MENU_TOP_ROW]
   4238	549A  FF 16 049Cr		      CALL  [CURSOR_CALC]
   4239	549E  BE 54A6r			      MOV   SI,OFFSET OK_MSG3
   4240	54A1  E8 EE5A			      CALL  DO_MSG
   4241	54A4  EB 07			      JMP   SHORT OK_SKIP3
   4242
   4243	54A6			     OK_MSG3 LABEL BYTE
   4244	54A6  25 B0 A4 C0 A2 25		      DB   _SPACE,_TO_TAO,_KO_KAI,_LO_LING,_NGO_NGU,_SPACE
   4245	54AC  05			      DB   END_OF_STRING
   4246
   4247	54AD			     OK_SKIP3:
   4248	54AD  B8 0000			      MOV   AX,UNLOAD_SHADOW_COLOR ;BLACK
   4249	54B0  FF 16 049Ar		      CALL  [SET_SHADOW_COLOR]
   4250	54B4  B8 000B			      MOV   AX,UNLOAD_EDGE_COLOR   ;BRIGHT_CYAN
   4251	54B7  FF 16 0498r		      CALL  [SET_EDGE_COLOR]
   4252	54BB  B9 0077			      MOV   CX,119
   4253	54BE  BA 0045			      MOV   DX,69
   4254	54C1  03 0E 41C8r		      ADD   CX,[MENU_LEFT_COLUMN]
   4255	54C5  03 16 41CAr		      ADD   DX,[MENU_TOP_ROW]
   4256	54C9  FF 16 049Cr		      CALL  [CURSOR_CALC]
   4257	54CD  B9 003A			      MOV   CX,58
   4258	54D0  BA 0000			      MOV   DX,0
   4259	54D3  E8 ED20			      CALL  DRAW_LINE
   4260	54D6  B9 0000			      MOV   CX,0
   4261	54D9  BA 000F			      MOV   DX,15
   4262	54DC  E8 ED17			      CALL  DRAW_LINE
   4263	54DF  B8 0000			      MOV   AX,UNLOAD_SHADOW_COLOR   ;BLACK
   4264	54E2  FF 16 0498r		      CALL  [SET_EDGE_COLOR]
   4265	54E6  B9 00B0			      MOV   CX,176
   4266	54E9  BA 0054			      MOV   DX,84
   4267	54EC  03 0E 41C8r		      ADD   CX,[MENU_LEFT_COLUMN]
   4268	54F0  03 16 41CAr		      ADD   DX,[MENU_TOP_ROW]
   4269	54F4  FF 16 049Cr		      CALL  [CURSOR_CALC]
   4270	54F8  B9 FFC7			      MOV   CX,	-57
   4271	54FB  BA 0000			      MOV   DX,	0
   4272	54FE  E8 ECF5			      CALL  DRAW_LINE
   4273	5501  B9 0000			      MOV   CX,	0
   4274	5504  BA FFF1			      MOV   DX,	-15
   4275	5507  E8 ECEC			      CALL  DRAW_LINE
Turbo Assembler	 Version 4.0	    08/05/04 21:42:06	    Page 76
GTHAI.asm



   4276	550A  C6 06 14A4r 30		      MOV   [TEXT_COLOR],UNLOAD_FRAME_COLOR SHL	4 + BLACK
   4277	550F  B9 0078			      MOV   CX,	120
   4278	5512  BA 0046			      MOV   DX,	70
   4279	5515  03 0E 41C8r		      ADD   CX,[MENU_LEFT_COLUMN]
   4280	5519  03 16 41CAr		      ADD   DX,[MENU_TOP_ROW]
   4281	551D  FF 16 049Cr		      CALL  [CURSOR_CALC]
   4282	5521  BE 5529r			      MOV   SI,OFFSET OK_MSG4
   4283	5524  E8 EDD7			      CALL  DO_MSG
   4284	5527  EB 09			      JMP   SHORT OK_SKIP4
   4285
   4286	5529			     OK_MSG4 LABEL BYTE
   4287	5529  25 C7 A4 E5 C0 D1	A4+	      DB   _SPACE,_YO_YAK,_KO_KAI,_SARA_E,_LO_LING,_SARA_I,_KO_KAI,_SPACE,END_OF_STRING
   4288	      25 05
   4289
   4290	5532			     OK_SKIP4:
   4291	5532  32 E4			      XOR   AH,AH	     ;KBD_READ
   4292	5534  CD 16			      INT   16H
   4293	5536  3D 1C0D			      CMP   AX,1C0DH	      ;RETURN Key?
   4294	5539  74 03 E9 E2A4		      JNZ RESTORE_SCREEN	     ;No, restore video	and RFT
   4295								      ;Yes, drop thru, Unload TSR and exit
   4296	553E			     KILL_TSR:
   4297	553E  B4 25			      mov  ah,25h
   4298	5540  B0 08			      mov  al,8	 ;timer
   4299	5542  2E: C5 16	04ECr		      lds dx,dword ptr CS:[OLDINT8]
   4300	5547  CD 21			      int 21h
   4301
   4302	5549  B4 25			      mov  ah,25h
   4303	554B  B0 09			      mov  al,9	 ;keyboard
   4304	554D  2E: C5 16	04F0r		      lds dx,dword ptr CS:[OLDINT9]
   4305	5552  CD 21			      int 21h
   4306
   4307	5554  B4 25			      mov  ah,25h
   4308	5556  B0 10			      mov  al,10h  ;video
   4309	5558  2E: C5 16	04F4r		      lds dx,dword ptr CS:[OLDINT10]
   4310	555D  CD 21			      int 21h
   4311
   4312	555F  B4 25			      mov  ah,25h
   4313	5561  B0 17			      mov  al,17h  ;printer
   4314	5563  2E: C5 16	04F8r		      lds dx,dword ptr CS:[OLDINT17]
   4315	5568  CD 21			      int 21h
   4316
   4317	556A  B4 25			      mov  ah,25h
   4318	556C  B0 1D			      mov  al,1dh  ;video parms
   4319	556E  2E: C5 16	04FCr		      lds dx,dword ptr CS:[OLDINT1D]
   4320	5573  CD 21			      int 21h
   4321
   4322	5575  B8 0003			      MOV   AX,	3H
   4323	5578  CD 10			      int 10h
   4324
   4325	557A  2E: 8B 16	14A5r		      MOV   DX,WORD PTR	CS:[CURSOR_SAVE]
   4326	557F  32 FF			      XOR   BH,BH
   4327	5581  B4 02			      MOV   AH,2
   4328	5583  CD 10			      int 10h
   4329
   4330	5585  0E			      PUSH  CS
   4331	5586  1F			      POP   DS
   4332	5587  8E 06 04AEr		      MOV   ES,[VID_SEG]
Turbo Assembler	 Version 4.0	    08/05/04 21:42:06	    Page 77
GTHAI.asm



   4333	558B  BE 0504r			      MOV   SI,OFFSET VID_SAVE
   4334	558E  33 FF			      XOR   DI,DI
   4335	5590  B9 07D0			      MOV   CX,SCREEN_SIZE
   4336	5593  B3 7F			      MOV   BL,7FH
   4337
   4338	5595			     UNLOAD_RESTORE_LOOP:
   4339	5595  AD			      LODSW		      ;Load AX with wrd	at DS:SI ++.
   4340	5596  22 E3			      AND   AH,BL
   4341	5598  AB			      STOSW		      ;Store wrd in AX in ES:DI	++.
   4342	5599  E2 FA			      LOOP  UNLOAD_RESTORE_LOOP		   ;Dec	CX, loop if CX<>0.
   4343	559B  0E			      PUSH   CS
   4344	559C  07			      POP    ES
   4345	559D  B4 49			      MOV   AH,DOS_FREE_MEMORY		 ;Release memory
   4346	559F  CD 21			      INT   21H
   4347	55A1  2E: 8E 06	04E8r		      MOV   ES,CS:[FNAMESEG]
   4348	55A6  B4 49			      MOV   AH,DOS_FREE_MEMORY		 ;Release memory
   4349	55A8  CD 21			      INT   21H
   4350	55AA  C3			      RET		     ;Return to	DOS
   4351	55AB			     UNLOAD ENDP
   4352
   4353				     ;======================================================================
   4354	55AB			     THAI_SW PROC NEAR
   4355				     ;----------------------------------------------------------------------
   4356	55AB  2E: 80 3E	010Ar 00	      CMP   CS:[THAIMODE],0   ;THAI MODE ACTIVE?
   4357	55B1  74 1A			      JZ    NOT_ACTV
   4358	55B3  2E: 8B 3E	14BDr		      MOV   DI,WORD PTR	CS:[VID_OFFSET]
   4359	55B8  2E: FF 16	04A4r		      CALL  CS:[DRAW_CURSOR]
   4360	55BD  2E: 80 36	0105r 04	      XOR   CS:[CURRENT_MODE],4		   ;Toggle bit 2
   4361	55C3  2E: 8B 3E	14BDr		      MOV   DI,WORD PTR	CS:[VID_OFFSET]
   4362	55C8  2E: FF 26	04A4r		      JMP   CS:[DRAW_CURSOR]		 ;RFT
   4363	55CD			     NOT_ACTV:
   4364	55CD  C3			      RET
   4365	55CE			     THAI_SW ENDP
   4366
   4367				     ;======================================================================
   4368	55CE			     NORMKEY PROC NEAR	;NORMAL	KEY HANDLER
   4369				     ;----------------------------------------------------------------------
   4370	55CE  FB			      STI
   4371	55CF  9C			      PUSHF		      ;Push flag register.
   4372	55D0  2E: FF 1E	04F0r		      CALL  DWORD PTR CS:[OLDINT9]
   4373	55D5  8B 1E 001A		      MOV   BX,WORD PTR	DS:[BIOS_KEYBOARD_HEAD_POINTER]	;Get keyboard HEAD pointer
   4374	55D9  8B 07			      MOV   AX,WORD PTR	DS:[BX]
   4375	55DB  3B 1E 001C		      CMP   BX,WORD PTR	DS:[BIOS_KEYBOARD_TAIL_POINTER]	;Compare HEAD &	TAIL (Empty?)
   4376	55DF  74 22			      JZ    NORMEXIT	      ;Empty, bail out
   4377	55E1  2E: 80 3E	010Ar 00	      CMP   CS:[THAIMODE],0   ;Thai mode?
   4378	55E7  74 1A			      JZ    NORMEXIT	      ;No, bail	out
   4379	55E9  2E: F6 06	0105r 04	      TEST  CS:[CURRENT_MODE],4	    ;Bit 2 on?
   4380	55EF  74 12			      JZ    NORMEXIT
   4381	55F1  3C 20			      CMP   AL,' '	      ;SPACE char?
   4382	55F3  7C 0E			      JL    NORMEXIT
   4383	55F5  7F 0D			      JG    NORMKEY_SKIP1
   4384	55F7  2E: 80 3E	010Cr 00	      CMP   CS:[SPACE_A0],0   ;Replace space with 0A0h?
   4385	55FD  74 04			      JZ    NORMEXIT	      ;No, exit
   4386	55FF  B0 A0			      MOV   AL,THAI_SPACE
   4387	5601  EB 48			      JMP   SHORT L5762H
   4388	5603			     NORMEXIT:
   4389	5603  C3			     RET
Turbo Assembler	 Version 4.0	    08/05/04 21:42:06	    Page 78
GTHAI.asm



   4390
   4391	5604			     NORMKEY_SKIP1:
   4392	5604  3D 4737			      CMP   AX,4737H
   4393	5607  72 27			      JC    L5739H
   4394	5609  3D 5133			      CMP   AX,5133H
   4395	560C  7F 43			      JG    L5768H
   4396	560E  2E: 80 3E	010Br 01	      CMP   CS:[PANEL_5],1
   4397	5614  72 3B			      JC    L5768H
   4398	5616  2E: 8A 3E	010Br		      MOV   BH,CS:[PANEL_5]
   4399	561B  8A DC			      MOV   BL,AH
   4400	561D  80 EB 47			      SUB   BL,71
   4401	5620			     L5729H:
   4402	5620  FE CF			     DEC   BH
   4403	5622  74 05			      JZ    L5732H
   4404	5624  80 C3 0C			      ADD   BL,12
   4405	5627  75 F7			      JNZ   L5729H
   4406	5629			     L5732H:
   4407	5629  2E: 8A 87	5147r		     MOV   AL,BYTE PTR CS:[BX]+L522BH
   4408	562E  EB 16			      JMP   SHORT L574FH
   4409	5630			     L5739H:
   4410	5630  BB 5168r			     MOV   BX,OFFSET L524CH
   4411	5633  2E: 80 3E	010Ar 01	      CMP   CS:[THAIMODE],1
   4412	5639  74 03			      JZ    L5747H
   4413	563B  BB 0415r			      MOV   BX,OFFSET L0414H
   4414	563E			     L5747H:
   4415	563E  2C 20			     SUB   AL,20H
   4416	5640  2E:			      SegCS
   4417	5641  D7			      XLAT		      ;Translate AL using table	at BX.
   4418	5642  0A C0			      OR    AL,AL
   4419	5644  79 05			      JNS   L5762H
   4420	5646			     L574FH:
   4421	5646  32 E4			     XOR   AH,AH
   4422	5648  E8 F618			     CALL TRANSLATE_ALREADY_LOADED
   4423	564B			     L5762H:
   4424	564B  8B 1E 001A		     MOV   BX,WORD PTR DS:[BIOS_KEYBOARD_HEAD_POINTER]
   4425	564F  89 07			      MOV   WORD PTR DS:[BX],AX
   4426	5651			     L5768H:
   4427	5651  C3			     RET
   4428	5652			     NORMKEY ENDP
   4429
   4430				     ;======================================================================
   4431				     ; PRINTER DATA AREA
   4432				     ;======================================================================
   4433	5652  C8*(00)		     PBUF_TOP	   DB	PRINT_BUF_MAX DUP(0)
   4434	571A  C8*(00)		     PBUF_MDL	   DB	PRINT_BUF_MAX DUP(0)
   4435	57E2  C8*(00)		     PBUFMAIN	   DB	PRINT_BUF_MAX DUP(0)
   4436	58AA  C8*(00)		     PBUF_BTM	   DB	PRINT_BUF_MAX DUP(0)
   4437
   4438	5972  00		     P_MULTI_LINE_FLAG	      DB   0
   4439	5973  0000		     PRT_COLUMN	   DW	0000H	     ;Current position in print	line
   4440	5975  00		     P_STACK_COUNT	  DB   0
   4441	5976  00		     P_SPACE_COUNT	  DB   0
   4442	5977  00		     LAST_LINEFEED DB	0	     ;Linefeed (or not)	after last buffer
   4443	5978  00		     ESC_SAVE	   DB	0	     ; Previous	character from ESC sequence
   4444
   4445				     ;======================================================================
   4446				     ; ESC sequence table (Epson)
Turbo Assembler	 Version 4.0	    08/05/04 21:42:06	    Page 79
GTHAI.asm



   4447				     ;======================================================================
   4448	5979  19		     PCMD_TBL DB    19H	    ;ESC EM - Control Cut Sheet	Feeder
   4449	597A  20			      DB    ' '	    ;ESC SP - Set Intercharacter Space
   4450	597B  21			      DB    '!'	    ;ESC !  - Master Select
   4451	597C  25			      DB    '%'	    ;ESC %  - Select User-defined Set
   4452	597D  26			      DB    '&'	    ;ESC &  - Define User-defined Characters
   4453	597E  28			      DB    '('	    ;ESC (- - Select Score
   4454	597F  2A			      DB    '*'	    ;ESC *  - Select Graphics Mode
   4455	5980  2B			      DB    '+'	    ;ESC +n - Set n/360-inch Line Spacing
   4456	5981  2D			      DB    '-'	    ;ESC -  - Toggle Underline Mode	     ;IBM
   4457	5982  2F			      DB    '/'	    ;ESC /  - Select Vertical Tab Channel
   4458	5983  33			      DB    '3'	    ;ESC 3n - Set n/180-inch Line Spacing    ;X	GRAPHICS LPI
   4459	5984  41			      DB    'A'	    ;ESC An - Set n/60-inch Line Spacing     ;(n/72)+ESC 2
   4460	5985  43			      DB    'C'	    ;ESC Cn - Set Page Length		     ;IBM
   4461	5986  49			      DB    'I'	    ;ESC I  - ????
   4462	5987  4A			      DB    'J'	    ;ESC Jn - Perform n/180-inch Line Feed   ;(n/216)
   4463	5988  4D			      DB    'M'	    ;ESC M  - Select 12	CPI		     ;ESC :
   4464	5989  4E			      DB    'N'	    ;ESC N  - Set Skip Over Perforation
   4465	598A  51			      DB    'Q'	    ;ESC Q  - Set Right	Margin
   4466	598B  52			      DB    'R'	    ;ESC R  - Select an	International Character	Set ;SET TAB RACKS
   4467	598C  53			      DB    'S'	    ;ESC S  - Set (Sub/Super)script mode
   4468	598D  55			      DB    'U'	    ;ESC U  - Toggle Unidirectional Mode
   4469	598E  57			      DB    'W'	    ;ESC W  - Toggle Double-width Mode
   4470	598F  61			      DB    'a'	    ;ESC a  - Select Justification
   4471	5990  6C			      DB    'l'	    ;ESC l  - Set Left Margin
   4472	5991  6B			      DB    'k'	    ;ESC k  - Select Typestyle Family
   4473	5992  6E			      DB    'n'	    ;ESC n  - ????
   4474	5993  70			      DB    'p'	    ;ESC p  - Toggle Proportional Mode
   4475	5994  71			      DB    'q'	    ;ESC q  - Select Character Style
   4476	5995  73			      DB    's'	    ;ESC s  - ????
   4477	5996  74			      DB    't'	    ;ESC t  - Select Character Set
   4478	5997  77			      DB    'w'	    ;ESC w  - Toggle Double-height Mode
   4479	5998  78			      DB    'x'	    ;ESC x  - Select Letter Quality or Draft
   4480	      =0020		     PCMD_LEN =	$ - PCMD_TBL
   4481
   4482				     ;======================================================================
   4483				     ; Printer (Int 17)	Interrupt Service Routine
   4484				     ;
   4485				     ;======================================================================
   4486				     ;PREV_AH DB 0  ;//IBM4722//
   4487	5999			     PRTINT17 PROC NEAR
   4488	5999  0A E4			      OR    AH,AH			     ;Function>0? (1-Init or 2-Status)
   4489	599B  75 29			      JNZ   DO_OLDPR			     ;Let old int handle Init or Status
   4490	599D  3C 08			      CMP   AL,BACKSPC		 ;//IBM4722//
   4491	599F  74 25			      JZ    DO_OLDPR	    ;//IBM4722//
   4492				     ;	       JNZ   PRT_01		  ;//IBM4722//
   4493				     ;	       CMP   CS:[PREV_AH],0	       ;//IBM4722//
   4494				     ;	       JZ    PRT_01		  ;//IBM4722//
   4495				     ;	       JMP   DO_OLDPR	     ;//IBM4722//
   4496	59A1			     PRT_01:
   4497	59A1  2E: 38 26	010Fr		      CMP   CS:[PCOMPOSE],AH		     ;English mode?
   4498	59A6  74 1E			      JZ    DO_OLDPR			     ;Pass it thru
   4499
   4500	59A8  53			      PUSH  BX
   4501	59A9  E8 F2B7			     CALL TRANSLATE_ALREADY_LOADED
   4502	59AC  2E: 80 3E	010Fr 01	      CMP   CS:[PCOMPOSE],THAIPRT1	     ;1	line Thai mode?
   4503	59B2  75 17			      JNZ   NOT_1LINE
Turbo Assembler	 Version 4.0	    08/05/04 21:42:06	    Page 80
GTHAI.asm



   4504	59B4  32 FF			      XOR   BH,BH			     ;Clear BH for lookup
   4505	59B6  2E: F6 06	010Er 01	      TEST  CS:[PRT_XLAT],1		     ;Translate	again for print?
   4506	59BC  74 07			      JZ    NO_PRT_XLAT
   4507	59BE  8A D8			      MOV   BL,AL
   4508	59C0  2E: 8A 87	0315r		      MOV   AL,BYTE PTR	CS:[BX]+PRTXLTBL     ;Translate	char
   4509	59C5			     NO_PRT_XLAT:
   4510	59C5  5B			      POP   BX
   4511	59C6			     DO_OLDPR:
   4512				     ;	      MOV   CS:[PREV_AH],AH	  ;//IBM4722//
   4513	59C6  2E: FF 2E	04F8r		     JMP   DWORD PTR CS:[OLDINT17]  ;Chain to old interrupt
   4514
   4515	59CB			     NOT_1LINE:
   4516	59CB  1E			      PUSH  DS
   4517
   4518	59CC  0E			      PUSH  CS
   4519	59CD  1F			      POP   DS
   4520	59CE  8B D8			      MOV   BX,AX			     ;Save print_char, AH=0
   4521	59D0  8A A7 14DBr		      MOV   AH,BYTE PTR	DS:[BX]+L152FH	     ;
   4522	59D4  8B 1E 5973r		      MOV   BX,WORD PTR	DS:[PRT_COLUMN]
   4523	59D8  C6 87 5652r 20		      MOV   BYTE PTR DS:[BX]+PBUF_TOP, 20H
   4524	59DD  C6 87 571Ar 20		      MOV   BYTE PTR [BX]+PBUF_MDL, 20H
   4525	59E2  88 87 57E2r		      MOV   BYTE PTR [BX]+PBUFMAIN,AL
   4526	59E6  C6 87 58AAr 20		      MOV   BYTE PTR [BX]+PBUF_BTM, 20H
   4527	59EB  80 3E 5978r 00		      CMP   [ESC_SAVE],0      ;Are we processing a command?
   4528	59F0  74 08			      JZ    PNOT_ESC	      ;No, go around
   4529	59F2  E8 01BC			      CALL  FILTER
   4530	59F5  B4 01			      MOV   AH,1
   4531	59F7  E9 0199			      JMP   BUMP_POS
   4532
   4533	59FA			     PNOT_ESC:
   4534	59FA  3C 20			      CMP   AL,' '
   4535	59FC  75 35			      JNZ   P_NOT_SPACE
   4536	59FE  FE 06 5976r		      INC   [P_SPACE_COUNT]
   4537	5A02  8A 26 5976r		      MOV   AH,[P_SPACE_COUNT]
   4538	5A06  3A 26 0109r		      CMP   AH,[DISPLAY_COLUMN_ADJUST]
   4539	5A0A  75 22			      JNZ   P_NO_ADJUST
   4540	5A0C  80 3E 5975r 00		      CMP   [P_STACK_COUNT],0
   4541	5A11  74 1B			      JZ    P_NO_ADJUST
   4542
   4543	5A13			     P_SPACE_ADJUST_LOOP:
   4544	5A13  43			      INC   BX
   4545	5A14  88 87 5652r		      MOV   BYTE PTR [BX]+PBUF_TOP,AL
   4546	5A18  88 87 571Ar		      MOV   BYTE PTR [BX]+PBUF_MDL,AL
   4547	5A1C  88 87 57E2r		      MOV   BYTE PTR [BX]+PBUFMAIN,AL
   4548	5A20  88 87 58AAr		      MOV   BYTE PTR [BX]+PBUF_BTM,AL
   4549	5A24  FE 0E 5975r		      DEC   [P_STACK_COUNT]
   4550	5A28  75 E9			      JNZ   P_SPACE_ADJUST_LOOP
   4551	5A2A  89 1E 5973r		      MOV   WORD PTR [PRT_COLUMN],BX
   4552
   4553	5A2E			     P_NO_ADJUST:
   4554	5A2E  B4 04			      MOV   AH,4		     ;INDICATE 4 ROW PRINTING
   4555	5A30  E9 0160			      JMP   BUMP_POS
   4556
   4557	5A33			     P_NOT_SPACE:
   4558	5A33  C6 06 5976r 00		      MOV   [P_SPACE_COUNT], 0
   4559	5A38  80 FC 01			      CMP   AH,1		     ; 1 ROW PRINTING?
   4560	5A3B  75 27			      JNZ   L5D19H
Turbo Assembler	 Version 4.0	    08/05/04 21:42:06	    Page 81
GTHAI.asm



   4561	5A3D  88 87 5652r		      MOV   BYTE PTR [BX]+PBUF_TOP,AL
   4562	5A41  88 87 571Ar		      MOV   BYTE PTR [BX]+PBUF_MDL,AL
   4563	5A45  88 87 58AAr		      MOV   BYTE PTR [BX]+PBUF_BTM,AL
   4564	5A49  3C 1B			      CMP   AL,ESCAPE		 ;ESC char?
   4565	5A4B  75 06			      JNZ   NOT_ESC
   4566	5A4D  A2 5978r			      MOV   [ESC_SAVE],AL     ;Yes, save it for	next char
   4567	5A50  E9 0140			      JMP   BUMP_POS
   4568
   4569	5A53			     NOT_ESC:
   4570	5A53  3C 0A			      CMP   AL,LF	      ;LINEFEED?
   4571	5A55  75 03 E9 0147		      JZ SHIPIT
   4572
   4573	5A5A  3C 0C			      CMP   AL,FormFeed	      ;FORMFEED?
   4574	5A5C  74 03 E9 0132		      JNZ BUMP_POS
   4575
   4576	5A61  E9 013D			      JMP   SHIPIT
   4577
   4578	5A64			     L5D19H:
   4579	5A64  80 FC 02			      CMP   AH,2
   4580	5A67  75 50			      JNZ   L5D6EH
   4581	5A69  3C 95			      CMP   AL,95H
   4582	5A6B  73 03 E9 0123		      JC BUMP_POS
   4583
   4584	5A70			     L5D25H:
   4585	5A70  3C 97			      CMP   AL,97H
   4586	5A72  7F 0D			      JG    L5D36H
   4587	5A74  C6 87 58AAr 9F		      MOV   BYTE PTR [BX]+PBUF_BTM, 9FH
   4588	5A79  80 0E 5972r 01		      OR    [P_MULTI_LINE_FLAG],1
   4589	5A7E  E9 0112			      JMP   BUMP_POS
   4590
   4591	5A81			     L5D36H:
   4592	5A81  3C 9A			      CMP   AL,9AH
   4593	5A83  76 04			      JBE   L5D3EH
   4594	5A85  3C 9F			      CMP   AL,9FH
   4595	5A87  75 17			      JNZ   L5D55H
   4596	5A89			     L5D3EH:
   4597	5A89  C6 87 5652r 9F		      MOV   BYTE PTR [BX]+PBUF_TOP, 9FH
   4598	5A8E  C6 87 571Ar 9F		      MOV   BYTE PTR [BX]+PBUF_MDL, 9FH
   4599	5A93  C6 87 58AAr 9F		      MOV   BYTE PTR [BX]+PBUF_BTM, 9FH
   4600	5A98  80 0E 5972r 07		      OR    [P_MULTI_LINE_FLAG],7
   4601	5A9D  E9 00F3			      JMP   BUMP_POS
   4602
   4603	5AA0			     L5D55H:
   4604	5AA0  3C 9D			      CMP   AL,9DH
   4605	5AA2  7E 03			      JLE   L5D5CH
   4606	5AA4  E9 00EC			      JMP   BUMP_POS
   4607
   4608	5AA7			     L5D5CH:
   4609	5AA7  C6 87 5652r 9F		      MOV   BYTE PTR [BX]+PBUF_TOP, 9FH
   4610	5AAC  C6 87 571Ar 9F		      MOV   BYTE PTR [BX]+PBUF_MDL, 9FH
   4611	5AB1  80 0E 5972r 06		      OR    [P_MULTI_LINE_FLAG],6
   4612	5AB6  E9 00DA			      JMP   BUMP_POS
   4613
   4614	5AB9			     L5D6EH:
   4615	5AB9  80 FC 07			      CMP   AH,7
   4616	5ABC  75 17			      JNZ   L5D8AH
   4617	5ABE  80 3E 5977r 05		      CMP   [LAST_LINEFEED],5
Turbo Assembler	 Version 4.0	    08/05/04 21:42:06	    Page 82
GTHAI.asm



   4618	5AC3  75 5D			      JNZ   L5DD6H
   4619	5AC5  88 87 58A9r		      MOV   BYTE PTR [BX]+PBUF_BTM-1,AL
   4620	5AC9  FE 06 5975r		      INC   [P_STACK_COUNT]
   4621	5ACD  80 0E 5972r 01		      OR    [P_MULTI_LINE_FLAG],1
   4622	5AD2  E9 00CF			      JMP   PRT_EXIT
   4623
   4624	5AD5			     L5D8AH:
   4625	5AD5  80 FC 08			      CMP   AH,8
   4626	5AD8  75 1E			      JNZ   L5DADH
   4627	5ADA  80 3E 5977r 05		      CMP   [LAST_LINEFEED],5
   4628	5ADF  74 07			      JZ    L5D9DH
   4629	5AE1  80 3E 5977r 07		      CMP   [LAST_LINEFEED],7
   4630	5AE6  75 3A			      JNZ   L5DD6H
   4631	5AE8			     L5D9DH:
   4632	5AE8  88 87 5719r		      MOV   BYTE PTR [BX]+PBUF_MDL-1,AL
   4633	5AEC  FE 06 5975r		      INC   [P_STACK_COUNT]
   4634	5AF0  80 0E 5972r 02		      OR    [P_MULTI_LINE_FLAG],2
   4635	5AF5  E9 00AC			      JMP   PRT_EXIT
   4636
   4637	5AF8			     L5DADH:
   4638	5AF8  80 FC 09			      CMP   AH,HT
   4639	5AFB  75 29			      JNZ   L5DDAH
   4640	5AFD  80 3E 5977r 08		      CMP   [LAST_LINEFEED],8
   4641	5B02  75 10			      JNZ   L5DC8H
   4642	5B04  88 87 5651r		      MOV   BYTE PTR [BX]+PBUF_TOP-1,AL
   4643	5B08  FE 06 5975r		      INC   [P_STACK_COUNT]
   4644	5B0C  80 0E 5972r 04		      OR    [P_MULTI_LINE_FLAG],4
   4645	5B11  E9 0090			      JMP   PRT_EXIT
   4646	5B14			     L5DC8H:
   4647	5B14  80 3E 5977r 05		      CMP   [LAST_LINEFEED],5
   4648	5B19  74 CD			      JZ    L5D9DH
   4649	5B1B  80 3E 5977r 07		      CMP   [LAST_LINEFEED],7
   4650	5B20  74 C6			      JZ    L5D9DH
   4651	5B22			     L5DD6H:
   4652	5B22  B4 04			      MOV   AH,4
   4653	5B24  EB 6D			      JMP   SHORT BUMP_POS
   4654	5B26			     L5DDAH:
   4655	5B26  F6 06 010Er 02		      TEST  [PRT_XLAT],2
   4656				     ;//gb051694//	   JZ	 BUMP_POS
   4657	5B2B  74 44			     jz	@@TestEpsonVowels
   4658	5B2D  80 FC 06			      CMP   AH,6
   4659	5B30  75 61			      JNZ   BUMP_POS
   4660	5B32  3C E2			      CMP   AL,SARA_O
   4661	5B34  75 11			      JNZ   L5DFBH
   4662	5B36  C6 87 57E2r DB		      MOV   BYTE PTR [BX]+PBUFMAIN, 0DBH
   4663	5B3B  C6 87 571Ar DC		      MOV   BYTE PTR [BX]+PBUF_MDL, 0DCH
   4664	5B40  80 0E 5972r 02		      OR    [P_MULTI_LINE_FLAG],2
   4665	5B45  EB 4C			      JMP   SHORT BUMP_POS
   4666	5B47			     L5DFBH:
   4667	5B47  3C E3			      CMP   AL,SARA_MAI_MUAN
   4668	5B49  75 11			      JNZ   L5E10H
   4669	5B4B  C6 87 57E2r DB		      MOV   BYTE PTR [BX]+PBUFMAIN, 0DBH
   4670	5B50  C6 87 571Ar DD		      MOV   BYTE PTR [BX]+PBUF_MDL, 0DDH
   4671	5B55  80 0E 5972r 02		      OR    [P_MULTI_LINE_FLAG],2
   4672	5B5A  EB 37			      JMP   SHORT BUMP_POS
   4673	5B5C			     L5E10H:
   4674	5B5C  3C E4			      CMP   AL,SARA_MAI_MALAI
Turbo Assembler	 Version 4.0	    08/05/04 21:42:06	    Page 83
GTHAI.asm



   4675	5B5E  75 33			      JNZ   BUMP_POS
   4676	5B60  C6 87 57E2r DB		      MOV   BYTE PTR [BX]+PBUFMAIN, 0DBH
   4677	5B65  C6 87 571Ar DE		      MOV   BYTE PTR [BX]+PBUF_MDL, 0DEH
   4678	5B6A  80 0E 5972r 02		      OR    [P_MULTI_LINE_FLAG],2
   4679	5B6F  EB 22			      JMP   BUMP_POS
   4680				     ;======================================================================
   4681				     ; Epson printer font does not match IBM for
   4682				     ; SARA_O, SARA_MAI_MUAN, and SARA_MAI_MALAI
   4683				     ;======================================================================
   4684	5B71			     @@TestEpsonVowels:
   4685	5B71  80 3E 010Dr 01		     CMP [WHICHPTR],IBMPRO
   4686	5B76  74 1B			     JZ	 BUMP_POS	   ;Skip this section if IBM
   4687	5B78  3C E2			     CMP AL,SARA_O
   4688	5B7A  75 05			     JNZ @@EpSaraMaiMuan
   4689	5B7C  C6 87 57E2r 90		      MOV   BYTE PTR [BX]+PBUFMAIN,90H
   4690	5B81			     @@EpSaraMaiMuan:
   4691	5B81  3C E3			     CMP AL,SARA_MAI_MUAN
   4692	5B83  75 05			     JNZ @@EpSaraMaiMalai
   4693	5B85  C6 87 57E2r 91		      MOV   BYTE PTR [BX]+PBUFMAIN,91H
   4694	5B8A			     @@EpSaraMaiMalai:
   4695	5B8A  3C E4			     CMP AL,SARA_MAI_MALAI
   4696	5B8C  75 05			     JNZ BUMP_POS
   4697	5B8E  C6 87 57E2r EE		      MOV   BYTE PTR [BX]+PBUFMAIN,0EEH
   4698				     ;======================================================================
   4699	5B93			     BUMP_POS:
   4700
   4701	5B93  FF 06 5973r		      INC   WORD PTR [PRT_COLUMN]	     ;Bump current position
   4702	5B97  81 3E 5973r 00C8		      CMP   WORD PTR [PRT_COLUMN], PRINT_BUF_MAX       ;Buffer full?
   4703	5B9D  72 05			      JC    PRT_EXIT			     ;No, get out
   4704	5B9F  B0 0A			      MOV   AL,LF			     ;Terminate	line with lf
   4705
   4706	5BA1			     SHIPIT:
   4707	5BA1  E8 01A2			      CALL  PRINTIT
   4708
   4709	5BA4			     PRT_EXIT:
   4710	5BA4  88 26 5977r		      MOV   [LAST_LINEFEED],AH
   4711					      _POP  DS,BX
2  4712	5BA8  1F			    pop	 DS
2  4713	5BA9  5B			    pop	 BX
   4714	5BAA  B4 02			      MOV   AH,2		       ;RETURN PRINTER STATUS
   4715	5BAC  2E: FF 2E	04F8r		      JMP   DWORD PTR CS:[OLDINT17]
   4716	5BB1			     PRTINT17 ENDP
   4717
   4718				     ;======================================================================
   4719				     ; Filter ESCAPE sequences
   4720				     ;------------------------------------------------------------
   4721	5BB1			     FILTER  PROC  NEAR
   4722	5BB1  88 87 5652r		     MOV   BYTE	PTR [BX]+PBUF_TOP,AL	    ;Put character into
   4723	5BB5  88 87 571Ar		     MOV   BYTE	PTR [BX]+PBUF_MDL,AL	    ; all three
   4724	5BB9  88 87 58AAr		     MOV   BYTE	PTR [BX]+PBUF_BTM,AL	    ;  buffers
   4725	5BBD  80 3E 5978r 1B		     CMP   [ESC_SAVE],ESCAPE	;Was last char ESC?
   4726	5BC2  75 5E			     JNZ   NO_ESC
   4727	5BC4  3C 40			     CMP   AL,'@'	     ;Initialize printer?
   4728	5BC6  75 17			     JNZ   NOT_INIT
   4729
   4730				     ;Set line space values back to defaults
   4731
Turbo Assembler	 Version 4.0	    08/05/04 21:42:06	    Page 84
GTHAI.asm



   4732	5BC8  C6 06 0111r 07		     MOV   [LPI_TOP], DFLT_TOP_LPI
   4733	5BCD  C6 06 0112r 13		     MOV   [LPI_MIDDLE], DFLT_MDL_LPI
   4734	5BD2  C6 06 0113r 13		     MOV   [LPI_MAIN], DFLT_MAIN_LPI
   4735	5BD7  C6 06 0114r 00		     MOV   [LPI_FINAL],	DFLT_BTM_LPI
   4736	5BDC  E9 00EF			     JMP   FLT_EXIT
   4737
   4738	5BDF			     NOT_INIT:
   4739	5BDF  3C 30			     CMP   AL,'0'	     ;8	LPI?
   4740	5BE1  72 28			     JC	   NOT_LPI	     ;Command is less than 30h
   4741	5BE3  75 04			     JNZ   NOT_8LPI	     ;Not ESC 0
   4742	5BE5  B0 16			     MOV   AL,(180/8)	     ; 8 LPI @ 180 steps/line
   4743	5BE7  EB 13			     JMP   SHORT LPI_DONE
   4744
   4745	5BE9			     NOT_8LPI:
   4746	5BE9  3C 32			     CMP   AL,'2'	     ;6	LPI?
   4747	5BEB  72 0D			     JC	   ESC1
   4748	5BED  75 1C			     JNZ   NOT_LPI
   4749	5BEF  80 3E 010Dr 01		     CMP   [WHICHPTR],IBMPRO ;IBM uses ESC2 to activate	n/72 setting
   4750	5BF4  74 0D			     JE	   IBM_ESC2
   4751	5BF6  B0 1E			     MOV   AL,(180/6)	     ; 6 LPI @ 180 steps/line
   4752	5BF8  EB 02			     JMP   SHORT LPI_DONE
   4753
   4754				     ;----------------------------------------------------------------------
   4755				     ; ESC 1 - 10 lpi
   4756				     ;----------------------------------------------------------------------
   4757	5BFA			     ESC1:
   4758	5BFA  B0 12			     MOV   AL,(180/10)	       ;10 LPI @ 180 steps/line
   4759
   4760	5BFC			     LPI_DONE:
   4761	5BFC  83 2E 5973r 02		      SUB   WORD PTR [PRT_COLUMN],2H
   4762	5C01  EB 7C			      JMP  SHORT CALC_180THS
   4763
   4764	5C03			     IBM_ESC2:
   4765	5C03  83 2E 5973r 02		      SUB   WORD PTR [PRT_COLUMN],2H
   4766	5C08  E9 00C3			      JMP   FLT_EXIT
   4767
   4768	5C0B			     NOT_LPI:
   4769	5C0B  BB 5979r			      MOV   BX,OFFSET PCMD_TBL
   4770	5C0E  3A 47 1F			      CMP   AL,BYTE PTR	[BX]+PCMD_LEN-1	       ;31;Is this char	valid?
   4771	5C11  7F 09			      JG    INV_CMD	      ;If greater than last char in table, error
   4772	5C13			     PCMDLOOP:
   4773	5C13  3A 07			      CMP   AL,BYTE PTR	[BX]  ;Check first char
   4774	5C15  72 05			      JC    INV_CMD	      ;This char < 1st table char, error
   4775	5C17  74 05			      JZ    GOOD_CMD
   4776	5C19  43			      INC   BX
   4777	5C1A  EB F7			      JMP   SHORT PCMDLOOP
   4778	5C1C			     INV_CMD:
   4779	5C1C  32 C0			      XOR   AL,AL	      ;Zero out	ESC_SAVE
   4780	5C1E			     GOOD_CMD:
   4781	5C1E  A2 5978r			      MOV   [ESC_SAVE],AL     ;Save it for next	time
   4782	5C21  C3			      RET
   4783
   4784	5C22			     NO_ESC:
   4785	5C22  80 3E 5978r 26		      CMP   [ESC_SAVE],'&'    ;User Defined Chars?
   4786	5C27  74 15			      JZ    P_IGNORE
   4787	5C29  80 3E 5978r 28		      CMP   [ESC_SAVE],'('    ;Select line?
   4788	5C2E  74 0E			      JZ    P_IGNORE
Turbo Assembler	 Version 4.0	    08/05/04 21:42:06	    Page 85
GTHAI.asm



   4789	5C30  80 3E 5978r 2F		      CMP   [ESC_SAVE],'/'    ;Select vert tab channel?
   4790	5C35  74 07			      JZ    P_IGNORE
   4791	5C37  80 3E 5978r 2A		      CMP   [ESC_SAVE],'*'    ;Select Graphics mode?
   4792	5C3C  75 0C			      JNZ   FILT_CONTINUE
   4793	5C3E			     P_IGNORE:
   4794	5C3E  3C 40			      CMP   AL,'@'
   4795	5C40  72 07			      JC    BAILOUT	      ;Less than '@'?
   4796	5C42  3C 5A			      CMP   AL,'Z'
   4797	5C44  77 03			      JA    BAILOUT	      ;Greater than 'Z'?
   4798	5C46  E9 0085			      JMP   FLT_EXIT
   4799
   4800	5C49			     BAILOUT:
   4801	5C49  C3			     RET
   4802
   4803	5C4A			     FILT_CONTINUE:
   4804	5C4A  80 3E 5978r 33		      CMP   [ESC_SAVE],'3'    ;n/180 Line Spacing?
   4805	5C4F  74 29			      JZ    PSET_180
   4806	5C51  80 3E 5978r 41		      CMP   [ESC_SAVE],'A'    ;n/60 Line Spacing?
   4807	5C56  75 19			      JNZ   NOT_60TH	      ;No, go around
   4808	5C58  80 3E 010Dr 01		      CMP   [WHICHPTR],IBMPRO
   4809	5C5D  75 0A			      JNE    LPI_60THS	      ;Not IBM,	go do Epson stuf
   4810	5C5F  8A D8			      MOV    BL,AL	      ;It is IBM, so convert to	n/180s (n * 2.5)
   4811	5C61  D0 E0			      SHL    AL,1
   4812	5C63  D0 EB			      SHR    BL,1
   4813	5C65  02 C3			      ADD    AL,BL
   4814	5C67  EB 11			      JMP    SHORT PSET_180
   4815	5C69			     LPI_60THS:
   4816	5C69  8A D8			      MOV   BL,AL
   4817	5C6B  D0 E0			      SHL   AL,1
   4818	5C6D  02 C3			      ADD   AL,BL	      ;Multiply	value *	3 (n/60	= 3n/180)
   4819	5C6F  EB 09			      JMP   SHORT PSET_180
   4820	5C71			     NOT_60TH:
   4821	5C71  80 3E 5978r 2B		      CMP   [ESC_SAVE],'+'    ;n/360 ?
   4822	5C76  75 36			      JNZ   NOT_360TH		 ;No, go around
   4823	5C78  D0 E8			      SHR   AL,1	      ;Divide by 2   (n/360 = (n/2)/180)
   4824	5C7A			     PSET_180:
   4825	5C7A  83 2E 5973r 03		      SUB   WORD PTR [PRT_COLUMN],3H;Discard last 3 chars
   4826	5C7F			     CALC_180THS:
   4827	5C7F  8A D8			      MOV   BL,AL
   4828	5C81  80 EB 2D			      SUB   BL,(180/4)	      ;Less than 4 LPI?
   4829	5C84  7E 08			      JLE   NO_BOTTOM
   4830	5C86  88 1E 0114r		      MOV   LPI_FINAL,BL      ;Give any	extra to last line
   4831	5C8A  B0 2D			      MOV   AL,(180/4)	      ;Default remaining lines to 4 LPI
   4832	5C8C  EB 05			      JMP SHORT	LPI_CALC
   4833	5C8E			     NO_BOTTOM:
   4834	5C8E  C6 06 0114r 00		      MOV   LPI_FINAL,0	      ;Otherwise, no final linefeed
   4835	5C93			     LPI_CALC:
   4836	5C93  8A D8			      MOV   BL,AL	      ;Copy lpi	value to bl
   4837	5C95  2A E4			      SUB   AH,AH	      ;Clear AH	for divide
   4838	5C97  51			      PUSH  CX
   4839	5C98  B1 06			      MOV   CL,6	      ;Set up for divide
   4840	5C9A  F6 F1			      DIV   CL		      ;Divide by 6 to get LPI_TOP
   4841	5C9C  59			      POP   CX
   4842	5C9D  A2 0111r			      MOV   [LPI_TOP],AL
   4843	5CA0  2A D8			      SUB   BL,AL	      ;Subtract	LPI_TOP	from total
   4844	5CA2  D0 EB			      SHR   BL,1	      ;Divide remainder	by 2
   4845	5CA4  88 1E 0112r		      MOV   [LPI_MIDDLE],BL   ;Give half of it to LPI_MIDDLE
Turbo Assembler	 Version 4.0	    08/05/04 21:42:06	    Page 86
GTHAI.asm



   4846	5CA8  88 1E 0113r		      MOV   [LPI_MAIN],BL     ;Give half of it to LPI_MAIN
   4847	5CAC  EB 20			      JMP   SHORT FLT_EXIT
   4848
   4849	5CAE			     NOT_360TH:
   4850	5CAE  80 3E 5978r 2D		      CMP   [ESC_SAVE],'-'    ;Toggle underlining?
   4851	5CB3  75 04			      JNZ   NOT_UNDL
   4852	5CB5  24 FE			      AND   AL,0FEH	      ;Yes, clear low bit.
   4853	5CB7  EB 09			      JMP   SHORT FLT_STOR    ;Store char and exit
   4854	5CB9			     NOT_UNDL:
   4855	5CB9  80 3E 5978r 21		      CMP   [ESC_SAVE],'!'    ;Master select?
   4856	5CBE  75 0E			      JNZ   FLT_EXIT
   4857	5CC0  24 7F			      AND   AL,7FH	      ;Clear high bit.
   4858	5CC2			     FLT_STOR:
   4859	5CC2  88 87 5652r		      MOV   BYTE PTR [BX]+PBUF_TOP,AL
   4860	5CC6  88 87 571Ar		      MOV   BYTE PTR [BX]+PBUF_MDL,AL
   4861	5CCA  88 87 58AAr		      MOV   BYTE PTR [BX]+PBUF_BTM,AL
   4862	5CCE			     FLT_EXIT:
   4863	5CCE  C6 06 5978r 00		      MOV   [ESC_SAVE],	0;Clear	flag.
   4864	5CD3  C3			      RET
   4865	5CD4			     FILTER ENDP
   4866
   4867				     ;======================================================================
   4868				     ; Process line feeds
   4869				     ; Input:AH= LF or 0 (0 for	no LF)
   4870				     ;	     AL= steps (n/180)
   4871				     ;	     If	WHICHPTR=IBM, change to	n/72 (AL * 0.4)
   4872				     ;======================================================================
   4873				     ; Data area
   4874				     ;----------------------------------------------------------------------
   4875	5CD4  1B 41		     IBM_SEQ	    DB ESCAPE,'A'
   4876	5CD6  00		     IBM_FEED	    DB 0
   4877	5CD7  1B 32				    DB ESCAPE,'2'
   4878	5CD9  0D				    DB CR
   4879	5CDA  00		     IBM_LF	    DB 0     ;Linefeed character (if any)
   4880
   4881	      =0007		     IBM_SEQ_LEN = $-IBM_SEQ
   4882				     ;----------------------------------------------------------------------
   4883	5CDB  1B 33		     EPSON_SEQ	    DB ESCAPE,'3'
   4884	5CDD  00		     EPSON_FEED	    DB 0
   4885	5CDE  0D				    DB CR
   4886	5CDF  00		     EPSON_LF	    DB 0     ;Linefeed character (if any)
   4887
   4888	      =0005		     EPSON_SEQ_LEN = $-EPSON_SEQ
   4889				     ;----------------------------------------------------------------------
   4890				     ; Code area
   4891				     ;----------------------------------------------------------------------
   4892	5CE0			     FEED_PAPER	PROC NEAR
   4893	5CE0  56			     PUSH    SI	     ;SAVE REGS
   4894	5CE1  51			     PUSH    CX
   4895	5CE2  1E			     PUSH    DS
   4896
   4897	5CE3  0E			     PUSH    CS	     ;SET DS=CS
   4898	5CE4  1F			     POP     DS
   4899
   4900	5CE5  80 3E 010Dr 01		     CMP     [WHICHPTR],IBMPRO
   4901	5CEA  75 30			     JNE     FEED_EPSON
   4902
Turbo Assembler	 Version 4.0	    08/05/04 21:42:06	    Page 87
GTHAI.asm



   4903				     ;======================================================================
   4904				     ; Store number of linefeeds in IBM	escape sequence	string
   4905				     ;======================================================================
   4906	5CEC  88 26 5CDAr		     MOV     [IBM_LF],AH     ;Store LF or 0
   4907				     ;----------------------------------------------------------------------
   4908				     ; Calculate lines/inch for	IBM - convert n/180 to n/72
   4909				     ;----------------------------------------------------------------------
   4910	5CF0  0A C0			     OR	     AL,AL
   4911	5CF2  74 15			     JZ	     ZEROFEED	     ;IF ZERO, Send CR only
   4912
   4913				     ;----------------------------------------------------------------------
   4914				     ; Multiply	Epson feed value * 0.4
   4915				     ;----------------------------------------------------------------------
   4916	5CF4  B5 04			     MOV     CH,4
   4917	5CF6  B1 0A			     MOV     CL,10
   4918	5CF8  F6 E5			     MUL     CH
   4919	5CFA  04 05			     ADD     AL,5   ;Add 5 so divide by	10 will	round up   //3.01(G)//
   4920	5CFC  F6 F1			     DIV     CL
   4921
   4922	5CFE  A2 5CD6r			     MOV     [IBM_FEED],AL   ;STORE VALUE
   4923	5D01  BE 5CD4r			     LEA     SI,IBM_SEQ
   4924	5D04  B9 0007			     MOV     CX,IBM_SEQ_LEN
   4925	5D07  EB 20			     JMP     SHORT DO_FEED
   4926				     ;----------------------------------------------------------------------
   4927				     ; If feed value is	zero, IBM printer retains old value.
   4928				     ; Just send CR and	get out.
   4929				     ;----------------------------------------------------------------------
   4930	5D09			     ZEROFEED:
   4931	5D09  B0 0D			     MOV     AL,CR
   4932	5D0B  80 FC 0C			     CMP     AH,FORMFEED
   4933	5D0E  75 02			     JNE     NOT_FORMFEED
   4934	5D10  8A C4			     MOV     AL,AH		     ;MOVE FORMFEED TO AL
   4935	5D12			     NOT_FORMFEED:
   4936	5D12  32 E4			     XOR     AH,AH
   4937	5D14  9C			     PUSHF			     ;Push flag	register.
   4938	5D15  2E: FF 1E	04F8r		     CALL    DWORD PTR CS:[OLDINT17] ;RFT
   4939	5D1A  EB 18			     JMP     SHORT FEED_EXIT
   4940
   4941				     ;======================================================================
   4942				     ;	     LOAD EPSON	SEQUENCE AND FALL THRU
   4943				     ;======================================================================
   4944	5D1C			     FEED_EPSON:
   4945	5D1C  88 26 5CDFr		     MOV     [EPSON_LF],AH
   4946	5D20  A2 5CDDr			     MOV     [EPSON_FEED],AL
   4947	5D23  BE 5CDBr			     LEA     SI,EPSON_SEQ
   4948	5D26  B9 0005			     MOV     CX,EPSON_SEQ_LEN
   4949					     ;FALL THRU	TO DO_FEED
   4950
   4951				     ;======================================================================
   4952				     ; DO LINE FEED
   4953				     ;======================================================================
   4954	5D29			     DO_FEED:
   4955	5D29  AC			     LODSB		     ;Get character to send to printer
   4956	5D2A  32 E4			     XOR     AH,AH
   4957	5D2C  9C			     PUSHF		     ;Push flag	register.
   4958	5D2D  2E: FF 1E	04F8r		     CALL    DWORD PTR CS:[OLDINT17]
   4959	5D32  E2 F5			     LOOP    DO_FEED
Turbo Assembler	 Version 4.0	    08/05/04 21:42:06	    Page 88
GTHAI.asm



   4960
   4961	5D34			     FEED_EXIT:
   4962	5D34  1F			     POP     DS	     ; RESTORE REGS
   4963	5D35  59			     POP     CX
   4964	5D36  5E			     POP     SI
   4965	5D37  C3			     RET
   4966	5D38			     FEED_PAPER	ENDP
   4967
   4968				     ;======================================================================
   4969				     ; Tables of values	to subtract from upper vowels to reach combined
   4970				     ; vowel in	printer	font
   4971				     ;======================================================================
   4972	5D38			     IBM_COMBINED_VOWEL_OFFSETS:
   4973	5D38  67			     DB	 67H	     ;MAI_HAN_AKAT (0D1H)
   4974	5D39  00			     DB	 0
   4975	5D3A  00			     DB	 0
   4976	5D3B  5D			     DB	 5DH	     ;SARA_I (0D4H)
   4977	5D3C  58			     DB	 58H	     ;SARA_II (0D5H)
   4978	5D3D  53			     DB	 53H	     ;SARA_UE (0D6H)
   4979	5D3E  4E			     DB	 4EH	     ;SARA_UEE (0D7H)
   4980
   4981	5D3F			     EPSON_COMBINED_VOWEL_OFFSETS:
   4982	5D3F  56			     DB	 56H	     ;MAI_HAN_AKAT (0D1H)      ;//gbtest//
   4983	5D40  00			     DB	 0
   4984	5D41  00			     DB	 0
   4985	5D42  52			     DB	 52H	     ;SARA_I (0D4H)	       ;//gbtest//
   4986	5D43  4D			     DB	 4DH	     ;SARA_II (0D5H)	       ;//gbtest//
   4987	5D44  0D			     DB	 0DH	     ;SARA_UE (0D6H)	      ;//gbtest//
   4988	5D45  ED			     DB	 0EDH	      ;SARA_UEE	(0D7H)	       ;//gbtest//
   4989
   4990				     ;======================================================================
   4991				     ; Print all component line	buffers
   4992				     ;------------------------------------------------------------
   4993	5D46			     PRINTIT PROC  NEAR
   4994					     _PUSH  BX,CX,SI
2  4995	5D46  53			    push BX
2  4996	5D47  51			    push CX
2  4997	5D48  56			    push SI
   4998				     ;------------------------------------------------------------
   4999				     ; If printing to IBM, send	ESC 6 to select	Character Set 2
   5000				     ; This is needed to print 080h - 09fh (Combined vowels)
   5001				     ;------------------------------------------------------------
   5002	5D49  80 3E 010Dr 01		     CMP [WHICHPTR],IBMPRO
   5003	5D4E  75 16			     JNE NOT_IBMPRO
   5004	5D50  50			     PUSH  AX
   5005	5D51  32 E4			     XOR     AH,AH
   5006	5D53  B0 1B			     MOV     AL,ESCAPE
   5007	5D55  9C			     PUSHF		     ;Push flag	register.
   5008	5D56  2E: FF 1E	04F8r		     CALL    DWORD PTR CS:[OLDINT17]
   5009	5D5B  32 E4			     XOR     AH,AH
   5010	5D5D  B0 36			     MOV     AL,'6'
   5011	5D5F  9C			     PUSHF		     ;Push flag	register.
   5012	5D60  2E: FF 1E	04F8r		     CALL    DWORD PTR CS:[OLDINT17]
   5013	5D65  58			     POP   AX
   5014	5D66			     NOT_IBMPRO:
   5015				     ;------------------------------------------------------------
   5016	5D66  A2 5977r			      MOV   [LAST_LINEFEED],AL
Turbo Assembler	 Version 4.0	    08/05/04 21:42:06	    Page 89
GTHAI.asm



   5017	5D69  F6 06 5972r 04		      TEST  [P_MULTI_LINE_FLAG],4  ;ANYTHING IN	TOP LINE?
   5018	5D6E  74 73 90 90 90		      JZ    FEED_TOP_LINE
   5019	5D73  80 3E 010Fr 03		      CMP   [PCOMPOSE],THAIPRT4	   ;4 LINE THAI	MODE?
   5020	5D78  74 46			      JZ    PMODE_THAIPRT4
   5021	5D7A  BE 5652r			      MOV   SI,OFFSET PBUF_TOP
   5022	5D7D  8B 0E 5973r		      MOV   CX,WORD PTR	[PRT_COLUMN]
   5023
   5024				     ;------------------------------------------------------------
   5025				     ; Here if PMODE_THAIPRT3
   5026				     ; Print combined vowels
   5027				     ;------------------------------------------------------------
   5028	5D81			     PRTLOOP:
   5029	5D81  AC			      LODSB		      ;Load AL with byt	at DS:SI ++.
   5030	5D82  3C E8			      CMP   AL,MAI_EK	     ;Is this <	MAI_EK ? (0E8H)
   5031	5D84  72 36			      JC    END_PRTLOOP	     ;Yes, so not a vowel, next	char
   5032	5D86  3C ED			      CMP   AL,NIKKHAHIT     ;Is this >	NIKKHAHIT ? (0EDH)
   5033	5D88  73 32			      JNC   END_PRTLOOP	     ;No, not a	vowel, next char
   5034	5D8A  8A A4 00C7		      MOV   AH,BYTE PTR	[SI]+(PRINT_BUF_MAX-1) ;Get middle line	char
   5035	5D8E  80 FC ED			      CMP   AH,NIKKHAHIT     ;Is middle	char NIKKHAHIT (0edh)?
   5036	5D91  75 04			      JNZ   PTOP_NOT_NIKKHAHIT ;No...
   5037	5D93  04 14			      ADD   AL,14H	     ;This may do weird	things on IBM (?)
   5038	5D95  EB 21			      JMP   SHORT PUT_IN_MDL_LINE
   5039	5D97			     PTOP_NOT_NIKKHAHIT:
   5040	5D97  80 FC D8			      CMP  AH,SARA_UEE+1     ;Is middle	char > SARA_UEE?
   5041	5D9A  73 20			      JNC  END_PRTLOOP	     ;Yes, it shouldn't	be here, don't xlate
   5042	5D9C  BB 5D3Fr			      MOV  BX,OFFSET EPSON_COMBINED_VOWEL_OFFSETS
   5043	5D9F  80 3E 010Dr 01		      CMP  [WHICHPTR],IBMPRO
   5044	5DA4  75 03			      JNZ  SUBTRACT_OFFSET
   5045	5DA6  BB 5D38r			      MOV  BX,OFFSET IBM_COMBINED_VOWEL_OFFSETS
   5046	5DA9			     SUBTRACT_OFFSET:
   5047	5DA9  81 EB 00D1		      SUB  BX,MAI_HAN_AKAT   ;INDEX INTO OFFSET	TABLE
   5048	5DAD  50			      PUSH AX
   5049	5DAE  86 E0			      XCHG AH,AL
   5050	5DB0  32 E4			      XOR  AH,AH
   5051	5DB2  03 D8			      ADD  BX,AX	     ;BX = TABLE + (AH - 0D1H)
   5052	5DB4  58			      POP  AX
   5053	5DB5  2E: 2A 07			      SUB  AL,BYTE PTR CS:[BX] ;OFFSET TO COMBINED VOWEL FONT
   5054
   5055	5DB8			     PUT_IN_MDL_LINE:
   5056	5DB8  88 84 00C7		      MOV   BYTE PTR [SI]+(PRINT_BUF_MAX-1),AL
   5057	5DBC			     END_PRTLOOP:
   5058	5DBC  E2 C3			      LOOP  PRTLOOP	      ;Dec CX, loop if CX<>0.
   5059	5DBE  EB 23			      JMP   SHORT FEED_TOP_LINE
   5060	5DC0			     PMODE_THAIPRT4:
   5061	5DC0  8B 0E 5973r		      MOV   CX,WORD PTR	[PRT_COLUMN]
   5062	5DC4  BE 5652r			      MOV   SI,OFFSET PBUF_TOP
   5063	5DC7			     PRTLOOP2:
   5064	5DC7  AC			      LODSB		      ;Load AL with byt	at DS:SI ++.
   5065	5DC8  32 FF			      XOR   BH,BH
   5066	5DCA  2E: F6 06	010Er 01	      TEST  CS:[PRT_XLAT],1
   5067	5DD0  74 07			      JZ    L5FE5H
   5068	5DD2  8A D8			      MOV   BL,AL
   5069	5DD4  2E: 8A 87	0315r		      MOV   AL,BYTE PTR	CS:[BX]+PRTXLTBL
   5070	5DD9			     L5FE5H:
   5071	5DD9  32 E4			      XOR   AH,AH
   5072	5DDB  9C			      PUSHF		      ;Push flag register.
   5073	5DDC  2E: FF 1E	04F8r		      CALL  DWORD PTR CS:[OLDINT17]
Turbo Assembler	 Version 4.0	    08/05/04 21:42:06	    Page 90
GTHAI.asm



   5074	5DE1  E2 E4			      LOOP  PRTLOOP2	      ;Dec CX, loop if CX<>0.
   5075
   5076	5DE3			     FEED_TOP_LINE:
   5077	5DE3  A0 0111r			      MOV   AL,[LPI_TOP]
   5078	5DE6  B4 0A			      MOV   AH,LF
   5079	5DE8  E8 FEF5			      CALL  FEED_PAPER
   5080
   5081	5DEB  F6 06 5972r 02		      TEST  [P_MULTI_LINE_FLAG],2  ;ANYTHING IN	MIDDLE LINE?
   5082	5DF0  74 23			      JZ    FEED_MIDDLE_LINE
   5083	5DF2  8B 0E 5973r		      MOV   CX,WORD PTR	[PRT_COLUMN]
   5084	5DF6  BE 571Ar			      MOV   SI,OFFSET PBUF_MDL
   5085	5DF9			     PTOPLOOP:
   5086	5DF9  AC			      LODSB		      ;Load AL with byt	at DS:SI ++.
   5087	5DFA  32 FF			      XOR   BH,BH
   5088	5DFC  2E: F6 06	010Er 01	      TEST  CS:[PRT_XLAT],1
   5089	5E02  74 07			      JZ    PTOP_1
   5090	5E04  8A D8			      MOV   BL,AL
   5091	5E06  2E: 8A 87	0315r		      MOV   AL,BYTE PTR	CS:[BX]+PRTXLTBL
   5092	5E0B			     PTOP_1:
   5093	5E0B  32 E4			      XOR   AH,AH
   5094	5E0D  9C			      PUSHF		      ;Push flag register.
   5095	5E0E  2E: FF 1E	04F8r		      CALL  DWORD PTR CS:[OLDINT17]
   5096	5E13  E2 E4			      LOOP  PTOPLOOP	      ;Dec CX, loop if CX<>0.
   5097	5E15			     FEED_MIDDLE_LINE:
   5098	5E15  A0 0112r			      MOV   AL,[LPI_MIDDLE]	;ESC 3 [LPI_MIDDLE]
   5099	5E18  B4 0A			      MOV   AH,LF
   5100	5E1A  E8 FEC3			      CALL  FEED_PAPER
   5101
   5102	5E1D  8B 0E 5973r		      MOV   CX,WORD PTR	[PRT_COLUMN]
   5103	5E21  E3 1F			      JCXZ  FEED_MAIN_LINE	      ;Jump if CX=0.
   5104	5E23  BE 57E2r			      MOV   SI,OFFSET PBUFMAIN;Point to	MAIN print line
   5105	5E26			     PMAINLP:
   5106	5E26  AC			      LODSB		      ;Load AL with byt	at DS:SI ++.
   5107	5E27  32 FF			      XOR   BH,BH
   5108	5E29  2E: F6 06	010Er 01	      TEST  CS:[PRT_XLAT],1
   5109	5E2F  74 07			      JZ    PMAIN_1
   5110	5E31  8A D8			      MOV   BL,AL
   5111	5E33  2E: 8A 87	0315r		      MOV   AL,BYTE PTR	CS:[BX]+PRTXLTBL
   5112	5E38			     PMAIN_1:
   5113	5E38  32 E4			      XOR   AH,AH
   5114	5E3A  9C			      PUSHF		      ;Push flag register.
   5115	5E3B  2E: FF 1E	04F8r		      CALL  DWORD PTR CS:[OLDINT17]
   5116	5E40  E2 E4			      LOOP  PMAINLP	      ;Dec CX, loop if CX<>0.
   5117
   5118	5E42			     FEED_MAIN_LINE:
   5119	5E42  A0 0113r			      MOV   AL,[LPI_MAIN]     ;ESC 3 [LPI_MAIN]
   5120	5E45  B4 0A			      MOV    AH,LF
   5121	5E47  E8 FE96			      CALL  FEED_PAPER
   5122
   5123	5E4A  F6 06 5972r 01		      TEST  [P_MULTI_LINE_FLAG],1
   5124	5E4F  74 23			      JZ    FEED_BOTTOM_LINE
   5125	5E51  8B 0E 5973r		      MOV   CX,WORD PTR	[PRT_COLUMN]
   5126	5E55  BE 58AAr			      MOV   SI,OFFSET PBUF_BTM
   5127	5E58			     PBTM_LOOP:
   5128	5E58  AC			      LODSB		      ;Load AL with byt	at DS:SI ++.
   5129	5E59  32 FF			      XOR   BH,BH
   5130	5E5B  2E: F6 06	010Er 01	      TEST  CS:[PRT_XLAT],1
Turbo Assembler	 Version 4.0	    08/05/04 21:42:06	    Page 91
GTHAI.asm



   5131	5E61  74 07			      JZ    PBTM_NO_XLATE
   5132	5E63  8A D8			      MOV   BL,AL
   5133	5E65  2E: 8A 87	0315r		      MOV   AL,BYTE PTR	CS:[BX]+PRTXLTBL
   5134	5E6A			     PBTM_NO_XLATE:
   5135	5E6A  32 E4			      XOR   AH,AH
   5136	5E6C  9C			      PUSHF		      ;Push flag register.
   5137	5E6D  2E: FF 1E	04F8r		      CALL  DWORD PTR CS:[OLDINT17]
   5138	5E72  E2 E4			      LOOP  PBTM_LOOP		 ;Dec CX, loop if CX<>0.
   5139	5E74			     FEED_BOTTOM_LINE:
   5140	5E74  A0 0114r			      MOV   AL,[LPI_FINAL]
   5141	5E77  8A 26 5977r		      MOV   AH,[LAST_LINEFEED]	    ;LAST LINEFEED
   5142	5E7B  E8 FE62			      CALL  FEED_PAPER
   5143
   5144	5E7E  33 C0			      XOR   AX,AX
   5145	5E80  A3 5973r			      MOV   WORD PTR [PRT_COLUMN],AX ;Set print	pointer	back to	zero
   5146	5E83  A2 5976r			      MOV   [P_SPACE_COUNT],AL
   5147	5E86  A2 5975r			      MOV   [P_STACK_COUNT],AL
   5148	5E89  A2 5978r			      MOV   [ESC_SAVE],AL	     ;Clear ESC_SAVE
   5149	5E8C  A2 5972r			      MOV   [P_MULTI_LINE_FLAG],AL
   5150					      _POP  SI,CX,BX
2  5151	5E8F  5E			    pop	 SI
2  5152	5E90  59			    pop	 CX
2  5153	5E91  5B			    pop	 BX
   5154	5E92  C3			      RET
   5155	5E93			     PRINTIT ENDP
   5156
   5157				     ;----------------------------------------------------------------------
   5158	5E93			     INIT_EGA PROC NEAR
   5159				     ;----------------------------------------------------------------------
   5160	5E93  C7 06 0496r 5EEDr		      MOV   [L04EAH],OFFSET EGA_SET_VIDEO_MODE
   5161	5E99  C7 06 0498r 5F3Ar		      MOV   [SET_EDGE_COLOR],OFFSET EGA_SET_EDGE_COLOR
   5162	5E9F  C7 06 049Ar 5F50r		      MOV   [SET_SHADOW_COLOR],OFFSET EGA_SET_SHADOW_COLOR
   5163	5EA5  C7 06 049Cr 5F64r		      MOV   [CURSOR_CALC],OFFSET EGA_CURSOR_CALC
   5164	5EAB  C7 06 049Er 605Er		      MOV   [L04F2H],OFFSET L6314H
   5165	5EB1  C7 06 04A0r 5F93r		      MOV   [NEXT_LINE],OFFSET EGA_NEXT_LINE
   5166	5EB7  C7 06 04A2r 5F97r		      MOV   [PREV_LINE],OFFSET EGA_PREV_LINE
   5167	5EBD  C7 06 04AAr 5F9Br		      MOV   [L04FEH],OFFSET L6251H
   5168	5EC3  C7 06 04A4r 5FA0r		      MOV   [DRAW_CURSOR],OFFSET DRAW_CURSOR_EGA
   5169	5EC9  C7 06 04A6r 5FD3r		      MOV   [L04FAH],OFFSET L6289H
   5170	5ECF  C7 06 04A8r 5FFDr		      MOV   [L04FCH],OFFSET L62B3H
   5171	5ED5  C7 06 04AEr B800		      MOV   [VID_SEG], 0B800H
   5172	5EDB  C7 06 04B0r A000		      MOV   WORD PTR [VIDBUF], 0A000H
   5173	5EE1  C6 06 0106r 02		      MOV   BYTE PTR [L0106H], 2
   5174	5EE6  C7 06 04E6r 6081r		      MOV   [MSGVECT],OFFSET VID_PARM_TABLE
   5175	5EEC  C3			      RET
   5176	5EED			     INIT_EGA ENDP
   5177
   5178				     ;------------------------------------------------------------
   5179	5EED			     P_0035   PROC  NEAR
   5180				     ;------------------------------------------------------------
   5181	5EED			     EGA_SET_VIDEO_MODE:
   5182	5EED  8A E0			      MOV   AH,AL
   5183	5EEF  80 E4 7F			      AND   AH,7FH
   5184	5EF2  80 FC 02			      CMP   AH,2
   5185	5EF5  74 15			      JZ    EGA_SET_TEXT_MODE
   5186	5EF7  80 FC 03			      CMP   AH,3
   5187	5EFA  74 10			      JZ    EGA_SET_TEXT_MODE
Turbo Assembler	 Version 4.0	    08/05/04 21:42:06	    Page 92
GTHAI.asm



   5188	5EFC  80 FC 07			      CMP   AH,7
   5189	5EFF  74 0B			      JZ    EGA_SET_TEXT_MODE
   5190	5F01  32 E4			      XOR   AH,AH
   5191	5F03  9C			      PUSHF		      ;Push flag register.
   5192	5F04  2E: FF 1E	04F4r		      CALL  DWORD PTR CS:[OLDINT10]
   5193	5F09  33 C0			      XOR   AX,AX
   5194	5F0B  C3			      RET
   5195
   5196	5F0C			     EGA_SET_TEXT_MODE:
   5197	5F0C  2E: 80 3E	0107r 00	      CMP   BYTE PTR CS:[DISPMODE],ENGLISH
   5198	5F12  74 1B			      JZ    EGA_SET_TEXT_MODE_BIOS
   5199	5F14  B8 0010			      MOV   AX,	10H	 ;Set Video Mode
   5200	5F17  9C			      PUSHF		      ;Push flag register.
   5201	5F18  2E: FF 1E	04F4r		      CALL  DWORD PTR CS:[OLDINT10]
   5202	5F1D  BA 03CE			      MOV   DX,GRAPHICS_ADDRESS_REG
   5203	5F20  B8 0106			      MOV   AX,0106H
   5204	5F23  EF			      OUT   DX,AX
   5205	5F24  B8 0040			      MOV   AX,	BIOS_SEG
   5206	5F27  8E D8			      MOV   DS,AX
   5207	5F29  B0 03			      MOV   AL,3
   5208	5F2B  A2 0049			      MOV   BYTE PTR DS:[BIOS_DISPLAY_MODE],AL
   5209	5F2E  C3			      RET
   5210
   5211	5F2F			     EGA_SET_TEXT_MODE_BIOS:
   5212	5F2F  32 E4			      XOR   AH,AH
   5213	5F31  9C			      PUSHF		      ;Push flag register.
   5214	5F32  2E: FF 1E	04F4r		      CALL  DWORD PTR CS:[OLDINT10]
   5215	5F37  B0 03			      MOV   AL,3
   5216	5F39  C3			      RET
   5217
   5218	5F3A			     EGA_SET_EDGE_COLOR:
   5219	5F3A  2E: A2 14C0r		      MOV   CS:[L1514H],AL
   5220	5F3E  BA 03CE			      MOV   DX,GRAPHICS_ADDRESS_REG
   5221	5F41  8A E0			      MOV   AH,AL
   5222	5F43  32 C0			      XOR   AL,AL
   5223	5F45  EF			      OUT   DX,AX
   5224	5F46  B8 0F01			      MOV   AX,0F01H
   5225	5F49  EF			      OUT   DX,AX
   5226	5F4A  B8 FF08			      MOV   AX,0FF08H
   5227	5F4D  EF			      OUT   DX,AX
   5228	5F4E  42			      INC   DX
   5229	5F4F  C3			      RET
   5230
   5231	5F50			     EGA_SET_SHADOW_COLOR:
   5232	5F50  BA 03CE			      MOV   DX,GRAPHICS_ADDRESS_REG
   5233	5F53  D0 E0			      SHL   AL,1
   5234	5F55  D0 E0			      SHL   AL,1
   5235	5F57  D0 E0			      SHL   AL,1
   5236	5F59  8A E0			      MOV   AH,AL
   5237	5F5B  B0 03			      MOV   AL,3
   5238	5F5D  EF			      OUT   DX,AX
   5239	5F5E  B8 FF08			      MOV   AX,0FF08H
   5240	5F61  EF			      OUT   DX,AX
   5241	5F62  42			      INC   DX
   5242	5F63  C3			      RET
   5243
   5244	5F64			     EGA_CURSOR_CALC:
Turbo Assembler	 Version 4.0	    08/05/04 21:42:06	    Page 93
GTHAI.asm



   5245	5F64  51			      PUSH  CX
   5246	5F65  8B C2			      MOV   AX,DX
   5247	5F67  D1 E0			      SHL   AX,1
   5248	5F69  D1 E0			      SHL   AX,1
   5249	5F6B  D1 E0			      SHL   AX,1
   5250	5F6D  D1 E0			      SHL   AX,1
   5251	5F6F  8B F8			      MOV   DI,AX
   5252	5F71  D1 E0			      SHL   AX,1
   5253	5F73  D1 E0			      SHL   AX,1
   5254	5F75  03 F8			      ADD   DI,AX	     ;Row * 20
   5255	5F77  8B C1			      MOV   AX,CX
   5256	5F79  D1 E8			      SHR   AX,1
   5257	5F7B  D1 E8			      SHR   AX,1
   5258	5F7D  D1 E8			      SHR   AX,1
   5259	5F7F  03 F8			      ADD   DI,AX	     ;Row*20 + Col/8
   5260	5F81  B0 80			      MOV   AL,80H
   5261	5F83  83 E1 07			      AND   CX,7H
   5262	5F86  D2 E8			      SHR   AL,CL
   5263	5F88  59			      POP   CX
   5264	5F89  2E: 89 3E	14BDr		      MOV   WORD PTR CS:[VID_OFFSET],DI
   5265	5F8E  2E: A2 14BFr		      MOV   CS:[L1513H],AL
   5266	5F92  C3			      RET
   5267
   5268	5F93			     EGA_NEXT_LINE:
   5269	5F93  83 C7 50			      ADD   DI,80
   5270	5F96  C3			      RET
   5271
   5272	5F97			     EGA_PREV_LINE:
   5273	5F97  83 EF 50			      SUB   DI,80
   5274	5F9A  C3			      RET
   5275
   5276	5F9B			     L6251H:
   5277	5F9B  EE			      OUT   DX,AL
   5278	5F9C  26: 08 05			      OR    BYTE PTR ES:[DI],AL
   5279	5F9F  C3			      RET
   5280
   5281	5FA0			     DRAW_CURSOR_EGA:
   5282	5FA0  2E: 8E 06	04B0r		      MOV   ES,WORD PTR	CS:[VIDBUF]
   5283	5FA5  81 C7 03C0		      ADD   DI,3C0H
   5284	5FA9  BA 03CE			      MOV   DX,GRAPHICS_ADDRESS_REG
   5285	5FAC  B8 1803			      MOV   AX,1803H
   5286	5FAF  EF			      OUT   DX,AX
   5287	5FB0  B0 FF			      MOV   AL,0FFH
   5288	5FB2  2E: F6 06	0105r 04	      TEST  CS:[CURRENT_MODE],4	   ;Bit	2 on?
   5289	5FB8  75 09			      JNZ   EGA_THAI_CURSOR
   5290	5FBA  26: 08 05			      OR    BYTE PTR ES:[DI],AL
   5291	5FBD  26: 08 45	50		      OR    BYTE PTR ES:[DI]+80,AL
   5292	5FC1  EB 0B			      JMP   SHORT EGA_CURSOR_EXIT
   5293	5FC3			     EGA_THAI_CURSOR:
   5294	5FC3  B9 000A			      MOV   CX,	10
   5295	5FC6			     EGA_CURSOR_LOOP:
   5296	5FC6  26: 08 05			      OR    BYTE PTR ES:[DI],AL
   5297	5FC9  83 EF 50			      SUB   DI,80	      ;BACK UP ONE LINE
   5298	5FCC  E2 F8			      LOOP  EGA_CURSOR_LOOP	       ;Dec CX,	loop if	CX<>0.
   5299	5FCE			     EGA_CURSOR_EXIT:
   5300	5FCE  B8 0003			      MOV   AX,	3H
   5301	5FD1  EF			      OUT   DX,AX
Turbo Assembler	 Version 4.0	    08/05/04 21:42:06	    Page 94
GTHAI.asm



   5302	5FD2  C3			      RET
   5303
   5304	5FD3			     L6289H:
   5305					      _PUSH CX,DX,DI
2  5306	5FD3  51			    push CX
2  5307	5FD4  52			    push DX
2  5308	5FD5  57			    push DI
   5309	5FD6  D1 E8			      SHR   AX,1
   5310	5FD8  D1 E8			      SHR   AX,1
   5311	5FDA  D1 E8			      SHR   AX,1
   5312	5FDC  D1 E8			      SHR   AX,1
   5313	5FDE  BA 03CE			      MOV   DX,GRAPHICS_ADDRESS_REG
   5314	5FE1  32 C0			      XOR   AL,AL
   5315	5FE3  EF			      OUT   DX,AX
   5316	5FE4  B8 0F01			      MOV   AX,0F01H
   5317	5FE7  EF			      OUT   DX,AX
   5318	5FE8  32 C0			      XOR   AL,AL
   5319	5FEA  B9 000E			      MOV   CX,	14
   5320	5FED			     L62A3H:
   5321	5FED  26: 88 05			      MOV   BYTE PTR ES:[DI],AL
   5322	5FF0  83 C7 50			      ADD   DI,50H
   5323	5FF3  E2 F8			      LOOP  L62A3H	      ;Dec CX, loop if CX<>0.
   5324	5FF5  B8 0001			      MOV   AX,1
   5325	5FF8  EF			      OUT   DX,AX
   5326					      _POP  DI,DX,CX
2  5327	5FF9  5F			    pop	 DI
2  5328	5FFA  5A			    pop	 DX
2  5329	5FFB  59			    pop	 CX
   5330	5FFC  C3			      RET
   5331
   5332	5FFD			     L62B3H:
   5333					      _PUSH CX,DX
2  5334	5FFD  51			    push CX
2  5335	5FFE  52			    push DX
   5336	5FFF  8B D8			      MOV   BX,AX
   5337	6001  32 E4			      XOR   AH,AH
   5338	6003  D1 E0			      SHL   AX,1
   5339	6005  D1 E0			      SHL   AX,1
   5340	6007  D1 E0			      SHL   AX,1
   5341	6009  D1 E0			      SHL   AX,1
   5342	600B  03 F0			      ADD   SI,AX
   5343	600D  8B C3			      MOV   AX,BX
   5344	600F  80 E4 0F			      AND   AH,0FH
   5345	6012  BA 03CE			      MOV   DX,GRAPHICS_ADDRESS_REG
   5346	6015  32 C0			      XOR   AL,AL
   5347	6017  EF			      OUT   DX,AX
   5348	6018  B8 0F01			      MOV   AX,0F01H
   5349	601B  EF			      OUT   DX,AX
   5350	601C  B9 000E			      MOV   CX,14
   5351	601F  B0 08			      MOV   AL,8
   5352	6021  EE			      OUT   DX,AL
   5353	6022  42			      INC   DX
   5354	6023			     L62D9H:
   5355	6023  2E:			      SegCS
   5356	6024  AC			      LODSB		      ;Load AL with byt	at DS:SI ++.
   5357	6025  EE			      OUT   DX,AL
   5358	6026  26: 08 05			      OR    BYTE PTR ES:[DI],AL
Turbo Assembler	 Version 4.0	    08/05/04 21:42:06	    Page 95
GTHAI.asm



   5359	6029  83 C7 50			      ADD   DI,50H
   5360	602C  E2 F5			      LOOP  L62D9H	      ;Dec CX, loop if CX<>0.
   5361	602E  4E			      DEC   SI
   5362	602F  4A			      DEC   DX
   5363	6030  D1 EB			      SHR   BX,1
   5364	6032  D1 EB			      SHR   BX,1
   5365	6034  D1 EB			      SHR   BX,1
   5366	6036  D1 EB			      SHR   BX,1
   5367	6038  32 C0			      XOR   AL,AL
   5368	603A  8A E7			      MOV   AH,BH
   5369	603C  EF			      OUT   DX,AX
   5370	603D  B1 0E			      MOV   CL,0EH
   5371	603F  B0 08			      MOV   AL,8
   5372	6041  EE			      OUT   DX,AL
   5373	6042  42			      INC   DX
   5374	6043  FD			      STD		      ;Set backward direction flag.
   5375	6044			     L62FAH:
   5376	6044  83 EF 50			      SUB   DI,50H
   5377	6047  2E:			      SegCS
   5378	6048  AC			      LODSB		      ;Load AL with byt	at DS:SI --.
   5379	6049  F6 D0			      NOT   AL
   5380	604B  EE			      OUT   DX,AL
   5381	604C  26: 08 05			      OR    BYTE PTR ES:[DI],AL
   5382	604F  E2 F3			      LOOP  L62FAH	      ;Dec CX, loop if CX<>0.
   5383	6051  FC			      CLD		      ;Set forward direction flag.
   5384	6052  4A			      DEC   DX
   5385	6053  B8 0001			      MOV   AX,1
   5386	6056  EF			      OUT   DX,AX
   5387	6057  B8 FF08			      MOV   AX,0FF08H
   5388	605A  EF			      OUT   DX,AX
   5389					      _POP  DX,CX
2  5390	605B  5A			    pop	 DX
2  5391	605C  59			    pop	 CX
   5392	605D  C3			      RET
   5393
   5394	605E			     L6314H:
   5395	605E  BA 03CE			      MOV   DX,GRAPHICS_ADDRESS_REG
   5396	6061  B8 0105			      MOV   AX,0105H
   5397	6064  EF			      OUT   DX,AX
   5398	6065  2E: A1 04B0r		      MOV   AX,WORD PTR	CS:[VIDBUF]
   5399	6069  8E D8			      MOV   DS,AX
   5400	606B  8E C0			      MOV   ES,AX
   5401	606D  B9 6900			      MOV   CX,	6900H
   5402	6070  2E: 8B 3E	04B2r		      MOV   DI,WORD PTR	CS:[L0506H]
   5403	6075  2E: 8B 36	04B4r		      MOV   SI,WORD PTR	CS:[L0508H]
   5404	607A  F3> A4			      REPZ MOVSB	      ;Move byt, DS:SI to ES:DI	++.
   5405	607C  B8 0005			      MOV   AX,5
   5406	607F  EF			      OUT   DX,AX
   5407	6080  C3			      RET
   5408
   5409	6081			     VID_PARM_TABLE LABEL BYTE
   5410	6081			     VID_PARM_40X25 LABEL BYTE
   5411	6081  61 50 52 0F 19 06	19	      DB   61H,50H,52H,0FH,19H,6,19H ;Init string for 40 x 25
   5412	6088  19 02 0D 0B 0C		      DB   19H,2,0DH,0BH,0CH
   5413	608D  00 00 00 00		      DB   0,0,0,0
   5414
   5415	6091			     VID_PARM_80X25_COLOR LABEL	BYTE
Turbo Assembler	 Version 4.0	    08/05/04 21:42:06	    Page 96
GTHAI.asm



   5416	6091  35 2D 2E 07 5C 02	58	      DB   35H,2DH,2EH,7,5CH,2,58H   ;Init string for 80 x 25 color
   5417	6098  58 02 00 00 00		      DB   58H,2,0,0,0
   5418	609D  00 00 00 00		      DB   0,0,0,0
   5419
   5420	60A1			     VID_PARM_GRAPHICS LABEL BYTE
   5421	60A1  37 28 2D 07 7F 06	64	      DB   37H,28H,2DH,7,7FH,6,64H   ;Init string for Graphics
   5422	60A8  70 02 01 00 00		      DB   70H,2,1,0,0
   5423	60AD  00 00 00 00		      DB   0,0,0,0
   5424
   5425	60B1			     VID_PARM_80X25_MONO LABEL BYTE
   5426	60B1  35 2D 2E 07 5C 02	58	      DB   35H,2DH,2EH,7,5CH,2,58H   ;Init string for 80x25 mono
   5427	60B8  58 02 03 00 00		      DB   58H,2,3,0,0
   5428	60BD  00 00 00 00		      DB   0,0,0,0
   5429	60C1			     P_0035   ENDP
   5430
   5431				     ;------------------------------------------------------------
   5432	60C1			     INIT_MONO PROC  NEAR
   5433	60C1  0E			      PUSH  CS
   5434	60C2  1F			      POP   DS
   5435	60C3  BA 03BF			      MOV   DX,PORT_3BFH
   5436	60C6  B0 03			      MOV   AL,3
   5437	60C8  EE			      OUT   DX,AL
   5438	60C9  C3			      RET
   5439	60CA			     INIT_MONO ENDP
   5440
   5441				     ;----------------------------------------------------------------------
   5442	60CA			     L6382H PROC NEAR
   5443	60CA  8B D0			      MOV   DX,AX
   5444	60CC  BE 60A1r			      MOV   SI,OFFSET VID_PARM_GRAPHICS
   5445	60CF  3C 03			      CMP   AL,3
   5446	60D1  76 04			      JBE   L638FH
   5447	60D3  3C 07			      CMP   AL,7
   5448	60D5  72 2A			      JC    L63B9H
   5449	60D7			     L638FH:
   5450	60D7  2E: 80 3E	0107r 00	      CMP   BYTE PTR CS:[DISPMODE],ENGLISH
   5451	60DD  75 1D			      JNZ   L63B4H
   5452	60DF  33 C0			      XOR   AX,AX
   5453	60E1  8E D8			      MOV   DS,AX
   5454	60E3  2E: A1 04FCr		      MOV   AX,CS:[OLDINT1D]
   5455	60E7  A3 0074			      MOV   WORD PTR DS:[74H],AX
   5456	60EA  2E: A1 04FEr		      MOV   AX,CS:[OLDSEG1D]
   5457	60EE  A3 0076			      MOV   WORD PTR DS:[76H],AX
   5458	60F1  8B C2			      MOV   AX,DX
   5459	60F3  9C			      PUSHF		      ;Push flag register.
   5460	60F4  2E: FF 1E	04F4r		      CALL  DWORD PTR CS:[OLDINT10]
   5461	60F9  B0 03			      MOV   AL,3
   5462	60FB  C3			      RET
   5463	60FC			     L6382H ENDP
   5464
   5465				     ;----------------------------------------------------------------------
   5466	60FC			     L63B4H PROC NEAR
   5467	60FC  B2 07			      MOV   DL,7
   5468	60FE  BE 60B1r			      MOV   SI,OFFSET VID_PARM_80X25_MONO
   5469	6101			     L63B9H:
   5470	6101  33 C0			      XOR   AX,AX
   5471	6103  8E D8			      MOV   DS,AX
   5472	6105  C7 06 0074 6081r		      MOV   WORD PTR DS:[INT_TBL_OFF_VID_PARMS],OFFSET VID_PARM_TABLE
Turbo Assembler	 Version 4.0	    08/05/04 21:42:06	    Page 97
GTHAI.asm



   5473	610B  8C 0E 0076		      MOV   WORD PTR DS:[INT_TBL_SEG_VID_PARMS],CS
   5474	610F  B8 0040			      MOV   AX,	BIOS_SEG
   5475	6112  8E D8			      MOV   DS,AX
   5476	6114  88 16 0049		      MOV   BYTE PTR DS:[BIOS_DISPLAY_MODE],DL
   5477	6118  C6 06 0065 29		      MOV   BYTE PTR DS:[BIOS_MODE_CONTROL_REG], 29H
   5478	611D  80 0E 0010 30		      OR    BYTE PTR DS:[BIOS_EQUIPMENT_LIST],30H
   5479	6122  B0 A2			      MOV   AL,0A2H
   5480	6124  BA 03B8			      MOV   DX,MODE_CONTROL_REG_MONO
   5481	6127  EE			      OUT   DX,AL
   5482	6128  B9 000C			      MOV   CX,	0CH
   5483	612B  BA 03B4			      MOV   DX,CRTC_PORT
   5484	612E  32 E4			      XOR   AH,AH
   5485	6130			     L63E9H:
   5486	6130  2E:			      SegCS
   5487	6131  AC			      LODSB		      ;Load AL with byt	at DS:SI ++.
   5488	6132  86 C4			      XCHG  AL,AH
   5489	6134  EF			      OUT   DX,AX
   5490	6135  86 C4			      XCHG  AL,AH
   5491	6137  FE C4			      INC   AH
   5492	6139  E2 F5			      LOOP  L63E9H	      ;Dec CX, loop if CX<>0.
   5493	613B  2E: 8E 06	04B0r		      MOV   ES,WORD PTR	CS:[VIDBUF]
   5494	6140  33 C0			      XOR   AX,AX
   5495	6142  8B F8			      MOV   DI,AX
   5496	6144  B9 4000			      MOV   CX,4000H	      ;16K
   5497	6147  F3> AB			      REPZ STOSW	      ;Store wrd in AX in ES:DI	++.
   5498	6149  BA 03B8			      MOV   DX,MODE_CONTROL_REG_MONO
   5499	614C  B0 AA			      MOV   AL,0AAH
   5500	614E  EE			      OUT   DX,AL
   5501	614F  33 D2			      XOR   DX,DX
   5502	6151  B4 02			      MOV   AH,2
   5503	6153  9C			      PUSHF		      ;Push flag register.
   5504	6154  2E: FF 1E	04F4r		      CALL  DWORD PTR CS:[OLDINT10]
   5505	6159  8B C2			      MOV   AX,DX
   5506	615B  80 3E 0049 07		      CMP   BYTE PTR DS:[49H],7
   5507	6160  75 02			      JNZ   L641DH
   5508	6162  B0 03			      MOV   AL,3
   5509	6164			     L641DH:
   5510	6164  C3			      RET
   5511	6165			     L63B4H ENDP
   5512
   5513	6165			     MONO_SET_EDGE_COLOR PROC NEAR
   5514	6165  2E: A2 14C0r		      MOV   CS:[L1514H],AL
   5515	6169  2E: C7 06	14C1r	  +	      MOV   WORD PTR CS:[PATTERN_POINTER],OFFSET PATTERN_FF
   5516	      14C3r
   5517	6170  3C 00			      CMP   AL,0
   5518	6172  75 19			      JNZ   L6446H
   5519	6174  2E: C7 06	14C1r	  +	      MOV   WORD PTR CS:[PATTERN_POINTER],OFFSET PATTERN_00
   5520	      14CBr
   5521	617B  2E: 81 3E	04AAr	  +	      CMP   CS:[L04FEH],OFFSET L64FAH
   5522	      6241r
   5523	6182  75 24			      JNZ   L6461H
   5524	6184  2E: C7 06	04AAr	  +	      MOV   CS:[L04FEH],OFFSET L6502H
   5525	      6249r
   5526	618B  EB 1B			      JMP   SHORT L6461H
   5527	618D			     L6446H:
   5528	618D  2E: 81 3E	04AAr	  +	      CMP   CS:[L04FEH],OFFSET L6502H
   5529	      6249r
Turbo Assembler	 Version 4.0	    08/05/04 21:42:06	    Page 98
GTHAI.asm



   5530	6194  75 07			      JNZ   L6456H
   5531	6196  2E: C7 06	04AAr	  +	      MOV   CS:[L04FEH],OFFSET L64FAH
   5532	      6241r
   5533	619D			     L6456H:
   5534	619D  3C 0F			      CMP   AL,0FH
   5535	619F  74 07			      JZ    L6461H
   5536	61A1  2E: C7 06	14C1r	  +	      MOV   WORD PTR CS:[PATTERN_POINTER],OFFSET PATTERN_AA55
   5537	      14D3r
   5538	61A8			     L6461H:
   5539	61A8  C3			      RET
   5540	61A9			     MONO_SET_EDGE_COLOR ENDP
   5541
   5542				     ;----------------------------------------------------------------------
   5543	61A9			     MONO_SET_SHADOW_COLOR PROC	NEAR
   5544	61A9  3C 00			      CMP   AL,0
   5545	61AB  74 04			      JZ    L646AH
   5546	61AD  3C 02			      CMP   AL,2
   5547	61AF  75 25			      JNZ   L648FH
   5548	61B1			     L646AH:
   5549	61B1  2E: C7 06	04AAr	  +	      MOV   CS:[L04FEH],OFFSET L64FAH
   5550	      6241r
   5551	61B8  2E: 80 3E	14C0r 00	      CMP   CS:[L1514H],0
   5552	61BE  75 21			      JNZ   L649AH
   5553	61C0  2E: C7 06	04AAr	  +	      MOV   CS:[L04FEH],OFFSET L6502H
   5554	      6249r
   5555	61C7  EB 18			      JMP   SHORT L649AH
   5556	61C9  3C 01			      CMP   AL,1
   5557	61CB  75 09			      JNZ   L648FH
   5558	61CD  2E: C7 06	04AAr	  +	      MOV   CS:[L04FEH],OFFSET L64FDH
   5559	      6244r
   5560	61D4  EB 0B			      JMP   SHORT L649AH
   5561	61D6			     L648FH:
   5562	61D6  3C 03			      CMP   AL,3
   5563	61D8  75 07			      JNZ   L649AH
   5564	61DA  2E: C7 06	04AAr	  +	      MOV   CS:[L04FEH],OFFSET L64FEH
   5565	      6245r
   5566	61E1			     L649AH:
   5567	61E1  C3			      RET
   5568	61E2			     MONO_SET_SHADOW_COLOR ENDP
   5569
   5570				     ;-----------------------------------------------------------------------
   5571				     ; Calculate cursor	position for pop up window
   5572				     ; Inputs:
   5573				     ;	     CX	= Column
   5574				     ;	     DX	= Row
   5575				     ;-----------------------------------------------------------------------
   5576	61E2			     MONO_CALC_CURSOR PROC NEAR
   5577					      _PUSH BX,CX,DX
2  5578	61E2  53			    push BX
2  5579	61E3  51			    push CX
2  5580	61E4  52			    push DX
   5581	61E5  83 C1 28			      ADD   CX,40	     ;Add 40 to	column
   5582	61E8  8B FA			      MOV   DI,DX	     ;Copy ROW value to	DI
   5583	61EA  83 E7 03			      AND   DI,3H	     ;Isolate 2	LSBs
   5584	61ED  D1 CF			      ROR   DI,1	     ;
   5585	61EF  D1 CF			      ROR   DI,1	     ;Rotate 2 LSBs to High End
   5586	61F1  D1 CF			      ROR   DI,1	     ;
Turbo Assembler	 Version 4.0	    08/05/04 21:42:06	    Page 99
GTHAI.asm



   5587	61F3  D1 EA			      SHR   DX,1	     ;Divide original by 4
   5588	61F5  D1 EA			      SHR   DX,1	     ;
   5589	61F7  D1 E2			      SHL   DX,1	     ;ROW/4*2
   5590	61F9  8B DA			      MOV   BX,DX	     ;Copy to BX
   5591	61FB  D1 E2			      SHL   DX,1	     ;
   5592	61FD  D1 E2			      SHL   DX,1	     ;((int)ROW/4)*8
   5593	61FF  03 D3			      ADD   DX,BX	     ;ROW * 10
   5594	6201  8B DA			      MOV   BX,DX	     ;Copy to BX
   5595	6203  D1 E2			      SHL   DX,1	     ;
   5596	6205  D1 E2			      SHL   DX,1	     ;
   5597	6207  D1 E2			      SHL   DX,1	     ;(ROW*10)/8
   5598	6209  03 D3			      ADD   DX,BX	     ;
   5599	620B  03 FA			      ADD   DI,DX	     ;
   5600	620D  8B C1			      MOV   AX,CX	     ;Column value to AX
   5601	620F  D1 E8			      SHR   AX,1	     ;/2
   5602	6211  D1 E8			      SHR   AX,1	     ;/4
   5603	6213  D1 E8			      SHR   AX,1	     ;/8
   5604	6215  03 F8			      ADD   DI,AX	     ;Add column value to DI to	get offset into	buffer
   5605	6217  B0 80			      MOV   AL,80H	     ;Set High bit
   5606	6219  83 E1 07			      AND   CX,7H	     ;Isolate 3	LSBs
   5607	621C  D2 E8			      SHR   AL,CL	     ;Move Set bit right by what's left	of column value
   5608					      _POP  DX,CX,BX
2  5609	621E  5A			    pop	 DX
2  5610	621F  59			    pop	 CX
2  5611	6220  5B			    pop	 BX
   5612	6221  2E: 89 3E	14BDr		      MOV   WORD PTR CS:[VID_OFFSET],DI
   5613	6226  2E: A2 14BFr		      MOV   CS:[L1513H],AL
   5614	622A  C3			      RET
   5615	622B			     MONO_CALC_CURSOR ENDP
   5616				     ;----------------------------------------------------------------------
   5617	622B			     MONO_NEXT_LINE PROC NEAR
   5618	622B  81 C7 2000		     ADD   DI, 2000H
   5619	622F  79 04			     JNS   L64EEH
   5620	6231  81 C7 805A		     ADD   DI, 805AH
   5621	6235			     L64EEH:
   5622	6235  C3			     RET
   5623	6236			     MONO_NEXT_LINE ENDP
   5624
   5625				     ;----------------------------------------------------------------------
   5626	6236			     MONO_PREV_LINE PROC NEAR
   5627	6236  81 EF 2000		     SUB   DI, 2000H
   5628	623A  79 04			     JNS   L64F9H
   5629	623C  81 EF 805A		     SUB   DI, 805AH
   5630	6240			     L64F9H:
   5631	6240  C3			     RET
   5632	6241			     MONO_PREV_LINE ENDP
   5633
   5634				     ;----------------------------------------------------------------------
   5635
   5636	6241			     L64FAH PROC NEAR
   5637	6241  26: 08 05			      OR    BYTE PTR ES:[DI],AL
   5638	6244			     L64FDH:
   5639	6244  C3			      RET
   5640	6245			     L64FAH ENDP
   5641
   5642				     ;----------------------------------------------------------------------
   5643	6245			     L64FEH PROC NEAR
Turbo Assembler	 Version 4.0	    08/05/04 21:42:06	    Page 100
GTHAI.asm



   5644	6245  26: 30 05			      XOR   BYTE PTR ES:[DI],AL
   5645	6248  C3			      RET
   5646	6249			     L64FEH ENDP
   5647
   5648				     ;----------------------------------------------------------------------
   5649	6249			     L6502H PROC NEAR
   5650	6249  8A E0			      MOV   AH,AL
   5651	624B  F6 D4			      NOT   AH
   5652	624D  26: 20 25			      AND   BYTE PTR ES:[DI],AH
   5653	6250  C3			      RET
   5654	6251			     L6502H ENDP
   5655
   5656				     ;----------------------------------------------------------------------
   5657	6251			     DRAW_CURSOR_MONO PROC NEAR
   5658	6251  2E: 8E 06	04B0r		      MOV   ES,WORD PTR	CS:[VIDBUF]
   5659	6256  81 C7 010E		      ADD   DI,	270
   5660	625A  B0 FF			      MOV   AL,0FFH		     ;All bits on
   5661	625C  2E: F6 06	0105r 04	      TEST  CS:[CURRENT_MODE],4		   ;Bit	2 on?
   5662	6262  75 11			      JNZ   REV_FIELD
   5663	6264  26: 30 05			      XOR   BYTE PTR ES:[DI],AL	     ;Invert all bits
   5664	6267  81 C7 2000		      ADD   DI,	2000H		     ;+8K
   5665	626B  79 04			      JNS   DIDNT_WRAP			 ;If that didn't go negative...
   5666	626D  81 C7 805A		      ADD   DI,	805AH		     ;Else add 32K
   5667	6271			     DIDNT_WRAP:
   5668	6271  26: 30 05			      XOR   BYTE PTR ES:[DI],AL	     ;Invert all bits
   5669	6274  C3			      RET
   5670
   5671	6275			     REV_FIELD:
   5672	6275  B9 000A			      MOV   CX,	10
   5673	6278			     REV_LOOP:
   5674	6278  26: 30 05			      XOR   BYTE PTR ES:[DI],AL
   5675	627B  81 EF 2000		      SUB   DI,	2000H
   5676	627F  79 04			      JNS   FLD_NOWRAP
   5677	6281  81 EF 805A		      SUB   DI,	805AH
   5678	6285			     FLD_NOWRAP:
   5679	6285  E2 F1			      LOOP  REV_LOOP		;Dec CX, loop if CX<>0.
   5680	6287  C3			      RET
   5681	6288			     DRAW_CURSOR_MONO ENDP
   5682
   5683				     ;----------------------------------------------------------------------
   5684	6288			     L6541H PROC NEAR
   5685					      _PUSH CX,DI
2  5686	6288  51			    push CX
2  5687	6289  57			    push DI
   5688	628A  33 C9			      XOR   CX,CX
   5689	628C  80 E4 77			      AND   AH,77H
   5690	628F  80 FC 70			      CMP   AH,70H
   5691	6292  75 03			      JNZ   L6550H
   5692	6294  49			      DEC   CX
   5693	6295  EB 07			      JMP   SHORT L6557H
   5694	6297			     L6550H:
   5695	6297  80 FC 01			      CMP   AH,1
   5696	629A  75 02			      JNZ   L6557H
   5697	629C  FE CD			      DEC   CH
   5698	629E			     L6557H:
   5699	629E  8B C1			      MOV   AX,CX
   5700	62A0  B9 000D			      MOV   CX,	13
Turbo Assembler	 Version 4.0	    08/05/04 21:42:06	    Page 101
GTHAI.asm



   5701	62A3			     L655CH:
   5702	62A3  26: 88 05			      MOV   BYTE PTR ES:[DI],AL
   5703	62A6  81 C7 2000		      ADD   DI,	2000H
   5704	62AA  79 04			      JNS   L6569H
   5705	62AC  81 C7 805A		      ADD   DI,	805AH	      ;-32678 or +32858
   5706	62B0			     L6569H:
   5707	62B0  E2 F1			      LOOP  L655CH	      ;Dec CX, loop if CX<>0.
   5708	62B2  26: 88 25			      MOV   BYTE PTR ES:[DI],AH
   5709					      _POP  DI,CX
2  5710	62B5  5F			    pop	 DI
2  5711	62B6  59			    pop	 CX
   5712	62B7  C3			      RET
   5713	62B8			     L6541H ENDP
   5714
   5715				     ;----------------------------------------------------------------------
   5716	62B8			     L6571H PROC NEAR
   5717					      _PUSH CX,DI
2  5718	62B8  51			    push CX
2  5719	62B9  57			    push DI
   5720	62BA  8A C8			      MOV   CL,AL
   5721	62BC  32 ED			      XOR   CH,CH
   5722	62BE  D1 E1			      SHL   CX,1
   5723	62C0  D1 E1			      SHL   CX,1
   5724	62C2  D1 E1			      SHL   CX,1
   5725	62C4  D1 E1			      SHL   CX,1
   5726	62C6  03 F1			      ADD   SI,CX
   5727	62C8  33 C9			      XOR   CX,CX
   5728	62CA  8A C4			      MOV   AL,AH
   5729	62CC  24 77			      AND   AL,77H
   5730	62CE  74 CE			      JZ    L6557H
   5731	62D0  3C 70			      CMP   AL,70H
   5732	62D2  74 56			      JZ    L65E3H
   5733	62D4  3C 01			      CMP   AL,1
   5734	62D6  75 01			      JNZ   L6592H
   5735	62D8  49			      DEC   CX
   5736	62D9			     L6592H:
   5737	62D9  F6 C4 08			      TEST  AH,8
   5738	62DC  75 20			      JNZ   L65B7H
   5739	62DE  8B D9			      MOV   BX,CX
   5740	62E0  B9 000D			      MOV   CX,	13
   5741	62E3			     L659CH:
   5742	62E3  2E:			      SegCS
   5743	62E4  AC			      LODSB		      ;Load AL with byt	at DS:SI ++.
   5744	62E5  26: 88 05			      MOV   BYTE PTR ES:[DI],AL
   5745	62E8  81 C7 2000		      ADD   DI,	2000H
   5746	62EC  79 04			      JNS   L65ABH
   5747	62EE  81 C7 805A		      ADD   DI,	805AH
   5748	62F2			     L65ABH:
   5749	62F2  E2 EF			      LOOP  L659CH	      ;Dec CX, loop if CX<>0.
   5750	62F4  2E:			      SegCS
   5751	62F5  AC			      LODSB		      ;Load AL with byt	at DS:SI ++.
   5752	62F6  0A C3			      OR    AL,BL
   5753	62F8  26: 88 05			      MOV   BYTE PTR ES:[DI],AL
   5754					      _POP  DI,CX
2  5755	62FB  5F			    pop	 DI
2  5756	62FC  59			    pop	 CX
   5757	62FD  C3			      RET
Turbo Assembler	 Version 4.0	    08/05/04 21:42:06	    Page 102
GTHAI.asm



   5758	62FE			     L6571H ENDP
   5759
   5760				     ;----------------------------------------------------------------------
   5761	62FE			     L65B7H PROC NEAR
   5762	62FE  8B D9			      MOV   BX,CX
   5763	6300  B9 000D			      MOV   CX,	13
   5764	6303			     L65BCH:
   5765	6303  2E:			      SegCS
   5766	6304  AC			      LODSB		      ;Load AL with byt	at DS:SI ++.
   5767	6305  8A E0			      MOV   AH,AL
   5768	6307  D0 E8			      SHR   AL,1
   5769	6309  0A C4			      OR    AL,AH
   5770	630B  26: 88 05			      MOV   BYTE PTR ES:[DI],AL
   5771	630E  81 C7 2000		      ADD   DI,	2000H
   5772	6312  79 04			      JNS   L65D1H
   5773	6314  81 C7 805A		      ADD   DI,	805AH
   5774	6318			     L65D1H:
   5775	6318  E2 E9			      LOOP  L65BCH	      ;Dec CX, loop if CX<>0.
   5776	631A  2E:			      SegCS
   5777	631B  AC			      LODSB		      ;Load AL with byt	at DS:SI ++.
   5778	631C  8A E0			      MOV   AH,AL
   5779	631E  D0 E8			      SHR   AL,1
   5780	6320  0A C4			      OR    AL,AH
   5781	6322  0A C3			      OR    AL,BL
   5782	6324  26: 88 05			      MOV   BYTE PTR ES:[DI],AL
   5783					      _POP  DI,CX
2  5784	6327  5F			    pop	 DI
2  5785	6328  59			    pop	 CX
   5786	6329  C3			      RET
   5787	632A			     L65B7H ENDP
   5788				     ;----------------------------------------------------------------------
   5789	632A			     L65E3H PROC NEAR
   5790	632A  B9 000E			      MOV   CX,	14
   5791	632D			     L65E6H:
   5792	632D  2E:			      SegCS
   5793	632E  AC			      LODSB		      ;Load AL with byt	at DS:SI ++.
   5794	632F  F6 D0			      NOT   AL
   5795	6331  26: 88 05			      MOV   BYTE PTR ES:[DI],AL
   5796	6334  81 C7 2000		      ADD   DI,	2000H
   5797	6338  79 04			      JNS   L65F7H
   5798	633A  81 C7 805A		      ADD   DI,	805AH
   5799	633E			     L65F7H:
   5800	633E  E2 ED			      LOOP  L65E6H	      ;Dec CX, loop if CX<>0.
   5801					      _POP  DI,CX
2  5802	6340  5F			    pop	 DI
2  5803	6341  59			    pop	 CX
   5804	6342  C3			      RET
   5805	6343			     L65E3H ENDP
   5806				     ;----------------------------------------------------------------------
   5807	6343			     L65FCH PROC NEAR
   5808	6343  2E: A1 04B0r		      MOV   AX,WORD PTR	CS:[VIDBUF]
   5809	6347  8E D8			      MOV   DS,AX
   5810	6349  8E C0			      MOV   ES,AX
   5811	634B  2E: 8B 36	04B4r		      MOV   SI,WORD PTR	CS:[L0508H]
   5812	6350  2E: 8B 3E	04B2r		      MOV   DI,WORD PTR	CS:[L0506H]
   5813	6355  B8 0028			      MOV   AX,	28H
   5814	6358  BA 0150			      MOV   DX,0150H
Turbo Assembler	 Version 4.0	    08/05/04 21:42:06	    Page 103
GTHAI.asm



   5815	635B			     L6614H:
   5816	635B  8B C8			      MOV   CX,AX
   5817	635D  F3> A5			      REPZ MOVSW	      ;Move wrd, DS:SI to ES:DI	++.
   5818	635F  81 C6 1FB0		      ADD   SI,	1FB0H
   5819	6363  79 04			      JNS   L6622H
   5820	6365  81 C6 805A		      ADD   SI,	805AH
   5821	6369			     L6622H:
   5822	6369  81 C7 1FB0		      ADD   DI,	1FB0H
   5823	636D  79 04			      JNS   L662CH
   5824	636F  81 C7 805A		      ADD   DI,	805AH
   5825	6373			     L662CH:
   5826	6373  4A			      DEC   DX
   5827	6374  75 E5			      JNZ   L6614H
   5828	6376  C3			      RET
   5829	6377			     L65FCH ENDP
   5830
   5831				     ;======================================================================
   5832
   5833	6377			     UPDATE_VIDEO  PROC	NEAR
   5834					      _PUSH AX,BX,CX,DX,SI,DI,BP,DS,ES
2  5835	6377  50			    push AX
2  5836	6378  53			    push BX
2  5837	6379  51			    push CX
2  5838	637A  52			    push DX
2  5839	637B  56			    push SI
2  5840	637C  57			    push DI
2  5841	637D  55			    push BP
2  5842	637E  1E			    push DS
2  5843	637F  06			    push ES
   5844
   5845	6380  2E: 80 3E	0107r 01	      CMP   BYTE PTR CS:[DISPMODE],THAI_8
   5846	6386  75 05			      JNZ  UPDATE_25
   5847
   5848	6388  E8 EAF5			      CALL UPDATE_SCREEN_THAI_8
   5849	638B  EB 03			      JMP SHORT	UPD_VID_EXIT
   5850
   5851	638D			     UPDATE_25:
   5852	638D  E8 E8E5			      CALL UPDATE_SCREEN_THAI_25
   5853
   5854	6390			     UPD_VID_EXIT:
   5855					     _POP  ES,DS,BP,DI,SI,DX,CX,BX,AX
2  5856	6390  07			    pop	 ES
2  5857	6391  1F			    pop	 DS
2  5858	6392  5D			    pop	 BP
2  5859	6393  5F			    pop	 DI
2  5860	6394  5E			    pop	 SI
2  5861	6395  5A			    pop	 DX
2  5862	6396  59			    pop	 CX
2  5863	6397  5B			    pop	 BX
2  5864	6398  58			    pop	 AX
   5865	6399  C3			     RET
   5866	639A			     UPDATE_VIDEO  ENDP
   5867
   5868				     ;======================================================================
   5869				     ;	     TIMER (Int	8) Interrupt Service Routine
   5870				     ;======================================================================
   5871	639A  00		     TIMER_BUSY	 DB 0
Turbo Assembler	 Version 4.0	    08/05/04 21:42:06	    Page 104
GTHAI.asm



   5872	639B			     NEW_TIMER PROC NEAR
   5873
   5874	639B  FB			     STI     ; REENABLE	INTERRUPTS
   5875	639C  9C			     PUSHF
   5876	639D  2E: FF 1E	04ECr		      CALL  DWORD PTR CS:[OLDINT8]
   5877
   5878				     ;	       PUSH  DS
   5879				     ;	       MOV   DS,CS:[VID_SEG]
   5880				     ;	       CMP   BYTE PTR DS:[7FFFH],3
   5881				     ;	       POP   DS
   5882	63A2  2E: 80 3E	0110r 03	      CMP CS:VMODEFLAG,	3  ;//TEST//
   5883	63A8  75 1F			      JNZ   TIMER_EXIT
   5884	63AA  2E: 80 3E	0107r 00	      CMP   BYTE PTR CS:[DISPMODE],ENGLISH
   5885	63B0  74 17			      JZ    TIMER_EXIT
   5886	63B2  2E: 80 3E	639Ar 01	      CMP  BYTE	PTR CS:[TIMER_BUSY],1
   5887	63B8  74 0F			      JZ   TIMER_EXIT
   5888	63BA  2E: C6 06	639Ar 01	      MOV  BYTE	PTR CS:[TIMER_BUSY],1
   5889	63C0  E8 FFB4			      CALL  UPDATE_VIDEO
   5890	63C3  2E: C6 06	639Ar 00	      MOV  BYTE	PTR CS:[TIMER_BUSY],0
   5891
   5892	63C9			     TIMER_EXIT:
   5893	63C9  CF			      IRET
   5894	63CA			     NEW_TIMER ENDP
   5895
   5896				     ;======================================================================
   5897				     ; Do initialization and go	Resident
   5898				     ;======================================================================
   5899	63CA			     INIT PROC NEAR
   5900
   5901	63CA  FC			      CLD		      ;Set forward direction flag.
   5902	63CB  BE 005D			      MOV   SI,5DH   ;Point to argv[1][0]
   5903	63CE  AC			      LODSB
   5904	63CF  3C 55			      CMP AL,'U'	       ;UNLOAD COMMAND?
   5905	63D1  75 03 E9 0161		      JZ  COMMAND_LINE_UNLOAD
   5906	63D6  B8 80FF			      MOV   AX,	80FFH	      ;Are we already installed?
   5907	63D9  33 DB			      XOR   BX,BX
   5908	63DB  CD 10			      INT   10H		      ;Display control interrupt.
   5909	63DD  3C FF			      CMP   AL,0FFH	      ;Original	Video Int will not change AL
   5910	63DF  74 03			      JZ    NOT_INSTALLED     ;...Ours will clear AL
   5911	63E1  E9 017F			      JMP   ALREADY_TSR
   5912
   5913	63E4			     NOT_INSTALLED:
   5914	63E4  A1 002C			      MOV   AX,WORD PTR	DS:[2CH]
   5915	63E7  2E: A3 04E8r		      MOV   CS:[FNAMESEG],AX	       ;FILENAME (GTHAI.COM) SEGMENT
   5916	63EB  8E C0			      MOV   ES,AX
   5917	63ED  33 FF			      XOR   DI,DI
   5918	63EF  B9 03E8			      MOV   CX,	1000
   5919	63F2  B0 01			      MOV   AL,1
   5920	63F4  F2> AE			      REPNZ SCASB	      ;Scan ES:DI ++ for byt in	AL.
   5921	63F6  47			      INC   DI
   5922	63F7  89 3E 04EAr		      MOV   [FNAMEOFF],DI      ;FILENAME OFFSET
   5923	63FB  B8 0040			      MOV   AX,	BIOS_SEG
   5924	63FE  8E C0			      MOV   ES,AX
   5925	6400  26: A1 0063		      MOV   AX,WORD PTR	ES:[63H]
   5926	6404  A3 04ACr			      MOV   [CRTBASE],AX
   5927	6407  26: A0 0010		      MOV   AL,BYTE PTR	ES:[10H]
   5928	640B  24 30			      AND   AL,30H
Turbo Assembler	 Version 4.0	    08/05/04 21:42:06	    Page 105
GTHAI.asm



   5929	640D  3C 30			      CMP   AL,30H
   5930	640F  75 05			      JNZ   NOT_MONO
   5931	6411  E8 FCAD			      CALL  INIT_MONO		;Display string	at (DS:DX).
   5932	6414  EB 03			      JMP   SHORT CONTINUE_INIT
   5933	6416			     NOT_MONO:
   5934	6416  E8 FA7A			      CALL  INIT_EGA
   5935
   5936	6419			     CONTINUE_INIT:
   5937	6419  BE 04B2r			      MOV   SI,OFFSET L0506H
   5938	641C  BB 001A			      MOV   BX,	26
   5939	641F  33 C9			      XOR   CX,CX
   5940	6421  8B D1			      MOV   DX,CX
   5941	6423			     INIT_CRT_LINE_OFFSETS:
   5942	6423  FF 16 049Cr		      CALL  [CURSOR_CALC]	     ;CALC OFFSET OF EACH LINE
   5943	6427  89 3C			      MOV   WORD PTR [SI],DI	     ;SAVE OFFSET
   5944	6429  46			      INC   SI			     ;BUMP POINTER
   5945	642A  46			      INC   SI			     ;
   5946	642B  83 C2 0E			      ADD   DX,14		     ;14 SCAN LINES PER	TEXT LINE
   5947	642E  4B			      DEC   BX
   5948	642F  75 F2			      JNZ   INIT_CRT_LINE_OFFSETS    ;LOOP THROUGH ALL LINES ON	SCREEN
   5949
   5950	6431  8C C8			      MOV   AX,CS
   5951	6433  8E C0			      MOV   ES,AX
   5952	6435  BE 6576r			      MOV   SI,OFFSET MSG31
   5953	6438  BF 361Br			      MOV   DI,OFFSET FLD1_MSG1
   5954	643B  B9 0007			      MOV   CX,	7
   5955	643E  F3> A5			      REPZ MOVSW	      ;Move wrd, DS:SI to ES:DI	++.
   5956	6440  BE 6584r			      MOV   SI,OFFSET MSG32
   5957	6443  BF 36B5r			      MOV   DI,OFFSET FLD3_MSG2
   5958	6446  B9 0007			      MOV   CX,	7
   5959	6449  F3> A5			      REPZ MOVSW	      ;Move wrd, DS:SI to ES:DI	++.
   5960	644B  BE 6592r			      MOV   SI,OFFSET MSG33
   5961	644E  BF 3733r			      MOV   DI,OFFSET FLD7_MSG1
   5962	6451  B9 0007			      MOV   CX,	7
   5963	6454  F3> A5			      REPZ MOVSW	      ;Move wrd, DS:SI to ES:DI	++.
   5964	6456  BE 65A0r			      MOV   SI,OFFSET MSG34
   5965	6459  BF 374Fr			      MOV   DI,OFFSET FLD7_MSG3
   5966	645C  B9 0007			      MOV   CX,	7
   5967	645F  F3> A5			      REPZ MOVSW	      ;Move wrd, DS:SI to ES:DI	++.
   5968	6461  BE 6592r			      MOV   SI,OFFSET MSG33
   5969	6464  BF 374Fr			      MOV   DI,OFFSET FLD7_MSG3
   5970	6467  B9 0003			      MOV   CX,	3
   5971	646A  F3> A5			      REPZ MOVSW	      ;Move wrd, DS:SI to ES:DI	++.
   5972
   5973				     ;----------------------------------------------------------------------
   5974				     ; Calculate starting position for BBS message
   5975				     ;----------------------------------------------------------------------
   5976	646C  BE 0477r			      MOV   SI,OFFSET MSG_BBS
   5977	646F  33 C9			      XOR   CX,CX
   5978	6471			     BBSCOUNT_LOOP:
   5979	6471  AC			      LODSB			     ;Get a character
   5980	6472  34 05			      XOR   AL,END_OF_STRING	     ;Decode character
   5981	6474  74 17			      JZ    CALC_BBSMSG_POSITION     ;If END_OF_MESSAGE, we're done
   5982	6476  3C D1			      CMP   AL,MAI_HAN_AKAT	     ;Thai vowel, don't	count it
   5983	6478  74 F7			      JZ    BBSCOUNT_LOOP
   5984	647A  3C D4			      CMP   AL,SARA_I		     ;Check range SARA_I to PHINTHU
   5985	647C  72 0C			      JC    INCR_BBSMSG_COUNT	     ;If below range, count it
Turbo Assembler	 Version 4.0	    08/05/04 21:42:06	    Page 106
GTHAI.asm



   5986	647E  3C DA			      CMP   AL,PHINTHU
   5987	6480  76 EF			      JBE   BBSCOUNT_LOOP	     ;If in range, don't count it
   5988	6482  3C E7			      CMP   AL,MAI_TAI_KHU	     ;Check range MAI_TAI_KHU to NIKKHAHIT
   5989	6484  72 04			      JC    INCR_BBSMSG_COUNT	     ;If below range, count it
   5990	6486  3C ED			      CMP   AL,NIKKHAHIT
   5991	6488  76 E7			      JBE   BBSCOUNT_LOOP	     ;If in range, don't count it,
   5992									     ;else, drop through and bump count
   5993	648A			     INCR_BBSMSG_COUNT:
   5994	648A  41			      INC   CX		     ;INCREMENT	LENGTH
   5995	648B  EB E4			      JMP   SHORT BBSCOUNT_LOOP
   5996	648D			     CALC_BBSMSG_POSITION:
   5997	648D  B8 0110			      MOV   AX,PANEL_WIDTH/2 ;WIDTH OF CONTROL PANEL
   5998	6490  D1 E1			      SHL   CX,1	     ;MULTIPLY * 2
   5999	6492  D1 E1			      SHL   CX,1	     ;MULTIPLY * 4
   6000	6494  2B C1			      SUB   AX,CX	     ;SUBTRACT MESSAGE LENGTH FROM WIDTH
   6001	6496  A3 0475r			      MOV   WORD PTR [BBSMSG_COLUMN],AX	     ;STORE START COLUMN
   6002
   6003				     ;======================================================================
   6004				     ;
   6005				     ;======================================================================
   6006	6499  B4 35			      mov ah,35h     ;get vector
   6007	649B  B0 08			      mov al,8	     ;timer
   6008	649D  CD 21			      int 21h
   6009	649F  2E: 89 1E	04ECr		      mov  cs:[oldint8],bx
   6010	64A4  2E: 8C 06	04EEr		      mov  cs:[oldseg8],es
   6011
   6012	64A9  B4 35			      mov ah,35h     ;get vector
   6013	64AB  B0 09			      mov al,9	     ;keyboard
   6014	64AD  CD 21			      int 21h
   6015	64AF  2E: 89 1E	04F0r		      mov  cs:[oldint9],bx
   6016	64B4  2E: 8C 06	04F2r		      mov  cs:[oldseg9],es
   6017
   6018	64B9  B4 35			      mov ah,35h     ;get vector
   6019	64BB  B0 10			      mov al,10h     ;video
   6020	64BD  CD 21			      int 21h
   6021	64BF  2E: 89 1E	04F4r		      mov  cs:[oldint10],bx
   6022	64C4  2E: 8C 06	04F6r		      mov  cs:[oldseg10],es
   6023
   6024	64C9  B4 35			      mov ah,35h     ;get vector
   6025	64CB  B0 17			      mov al,17h     ;printer
   6026	64CD  CD 21			      int 21h
   6027	64CF  2E: 89 1E	04F8r		      mov  cs:[oldint17],bx
   6028	64D4  2E: 8C 06	04FAr		      mov  cs:[oldseg17],es
   6029
   6030	64D9  B4 35			      mov ah,35h     ;get vector
   6031	64DB  B0 1D			      mov al,1dh
   6032	64DD  CD 21			      int 21h
   6033	64DF  2E: 89 1E	04FCr		      mov  cs:[oldint1d],bx
   6034	64E4  2E: 8C 06	04FEr		      mov  cs:[oldseg1d],es
   6035
   6036	64E9  B4 35			      mov ah,35h     ;get vector
   6037	64EB  B0 24			      mov al,24h
   6038	64ED  CD 21			      int 21h
   6039	64EF  2E: 89 1E	0500r		      mov  cs:[oldint24],bx
   6040	64F4  2E: 8C 06	0502r		      mov  cs:[oldseg24],es
   6041
   6042				     ;======================================================================
Turbo Assembler	 Version 4.0	    08/05/04 21:42:06	    Page 107
GTHAI.asm



   6043				     ; Plug our	interrupt handlers
   6044				     ;======================================================================
   6045	64F9  0E			      push cs
   6046	64FA  1F			      pop  ds
   6047
   6048	64FB  B4 25			      mov  ah,25h
   6049	64FD  B0 09			      mov  al,9
   6050	64FF  BA 51C8r			      mov  dx,offset KBDINT9
   6051	6502  CD 21			      int  21h
   6052
   6053	6504  B4 25			      mov  ah,25h
   6054	6506  B0 10			      mov  al,10h
   6055	6508  BA 4BFDr			      mov  dx,offset VIDINT10
   6056	650B  CD 21			      int  21h
   6057
   6058	650D  B4 25			      mov  ah,25h
   6059	650F  B0 17			      mov  al,17h
   6060	6511  BA 5999r			      mov  dx,offset PRTINT17
   6061	6514  CD 21			      int  21h
   6062
   6063	6516  B8 0003			      MOV   AX,(VID_SETMODE SHL	8 + TEXT_80X25)
   6064	6519  CD 10			      INT   10H				     ;Set the display mode to (03).
   6065
   6066	651B  B4 25			      mov  ah,25h
   6067	651D  B0 08			      mov  al,8
   6068	651F  BA 639Br			      mov  dx,offset NEW_TIMER
   6069	6522  CD 21			      int  21h
   6070
   6071	6524  BA 65AEr			      LEA   DX,TITLE_MSG
   6072	6527  B4 09			      MOV   AH,DOS_PRINT_STRING
   6073	6529  CD 21			      INT   21H
   6074
   6075	652B  BA 65D6r			      LEA   DX,INSTALL_MSG		     ;Show install message
   6076	652E  B4 09			      MOV   AH,DOS_PRINT_STRING
   6077	6530  CD 21			      INT   21H
   6078
   6079	6532  BA 63CAr			      LEA   DX,INIT			 ;Discard all after INIT
   6080	6535  CD 27			      INT   27H					;Terminate and stay resident.
   6081
   6082	6537			     COMMAND_LINE_UNLOAD:
   6083	6537  B8 80FF			      MOV   AX,	80FFH	      ;Are we already installed?
   6084	653A  33 DB			      XOR   BX,BX
   6085	653C  CD 10			      INT   10H		      ;Display control interrupt.
   6086	653E  3C FF			      CMP   AL,0FFH	      ;Original	Video Int will not change AL
   6087	6540  75 05			      JNZ  REMOVE_IT
   6088	6542  BA 66FEr			      LEA  DX,IT_AINT_HERE_MSG
   6089	6545  EB 26			      JMP  SHORT SHOW_AND_QUIT
   6090	6547			     REMOVE_IT:
   6091	6547  B4 93			      MOV  AH,93H
   6092	6549  CD 10			      INT  10H
   6093	654B  0A C0			      OR   AL,AL
   6094	654D  74 05			      JZ   TSR_UNLOADED
   6095	654F  BA 66AFr			      LEA  DX,CANT_REMOVE_MSG
   6096	6552  EB 19			      JMP  SHORT SHOW_AND_QUIT
   6097	6554			     TSR_UNLOADED:
   6098	6554  B8 0002			      MOV  AX,2
   6099	6557  CD 10			      INT 10H
Turbo Assembler	 Version 4.0	    08/05/04 21:42:06	    Page 108
GTHAI.asm



   6100	6559  B8 0003			      MOV  AX,3
   6101	655C  CD 10			      INT 10H
   6102	655E  BA 66DFr			      LEA  DX,TSR_REMOVED_MSG
   6103	6561  EB 0A			      JMP  SHORT SHOW_AND_QUIT
   6104
   6105	6563			     ALREADY_TSR:
   6106	6563  BA 65AEr			      LEA   DX,TITLE_MSG
   6107	6566  B4 09			      MOV   AH,DOS_PRINT_STRING
   6108	6568  CD 21			      INT   21H
   6109
   6110	656A  BA 6685r			      LEA   DX,ALREADY_TSR_MSG
   6111	656D			     SHOW_AND_QUIT:
   6112	656D  B4 09			      MOV   AH,DOS_PRINT_STRING
   6113	656F  CD 21			      INT   21H			     ;Display message
   6114	6571  B4 4C			      MOV   AH,DOS_TERMINATE
   6115	6573  CD 21			      INT   21H			     ;Normal DOS exit
   6116
   6117	6575  FF		     VREFRESHFLAG DB 0ffh
   6118
   6119				     ;======================================================================
   6120				     ;======================================================================
   6121	6576  E5 A4 CC B0 C6 CA	05   MSG31   DB	   _SARA_E,_KO_KAI,_SO_RUSI,_TO_TAO,_RO_RUA,_PAI_YAN_NOI,END_OF_STRING
   6122	657D  25 B9 DC EC E6 AF	EC	     DB	   _SPACE,_PHO_PHUNG,_SARA_UU,_MAI_THO,_SARA_MAI_MUAN,_CHO_CHANG,_MAI_THO
   6123
   6124	6584  E1 B2 C7 BE D4	     MSG32   DB	   _SARA_MAI_MALAI,_THO_THAHAN,_YO_YAK,_PO_PLA,_MAI_HAN_AKAT
   6125	6589  B0 B0 E7 AF B0 D1	05	     DB	   _TO_TAO,_TO_TAO,_SARA_O,_CHO_CHANG,_TO_TAO,_SARA_I,END_OF_STRING
   6126	6590  AF EC			     DB	   _CHO_CHANG,_MAI_THO
   6127
   6128	6592  E5 A4 CC B0 C6 CA	05   MSG33   DB	   _SARA_E,_KO_KAI,_SO_RUSI,_TO_TAO,_RO_RUA,_PAI_YAN_NOI,END_OF_STRING
   6129	6599  25 B9 DC EC E6 AF	EC	     DB	   _SPACE,_PHO_PHUNG,_SARA_UU,_MAI_THO,_SARA_MAI_MUAN,_CHO_CHANG,_MAI_THO
   6130
   6131	65A0  E5 A4 CC B0 C6 CA	     MSG34   DB	   _SARA_E,_KO_KAI,_SO_RUSI,_TO_TAO,_RO_RUA,_PAI_YAN_NOI
   6132	65A6  25 B0 ED C8 CE D4		      DB    _SPACE,_TO_TAO,_MAI_EK,_O_ANG,_HO_HIP,_MAI_HAN_AKAT
   6133	65AC  C2 05			      DB    _WO_WAEN,END_OF_STRING
   6134
   6135				     ;======================================================================
   6136	65AE  47 54 68 61 69 20	32+  TITLE_MSG	     DB	'GThai 25 line driver Version '
   6137	      35 20 6C 69 6E 65	20+
   6138	      64 72 69 76 65 72	20+
   6139	      56 65 72 73 69 6F	6E+
   6140	      20
   6141						     VERSION_STRING
1  6142	65CB  33 2E 31 32 20 28	47+	     DB	'3.12 (G)'
   6143	      29
   6144	65D3  0D 0A 24				     DB	CR,LF,'$'
   6145
   6146	65D6  43 75 73 74 6F 6D	69+  INSTALL_MSG     DB	'Customized by Gary Butler',CR,LF
   6147	      7A 65 64 20 62 79	20+
   6148	      47 61 72 79 20 42	75+
   6149	      74 6C 65 72 0D 0A
   6150	65F1  50 72 65 73 73 20	20+		     DB	'Press	    ` to toggle	Thai/English mode',CR,LF
   6151	      20 20 20 20 60 20	74+
   6152	      6F 20 74 6F 67 67	6C+
   6153	      65 20 54 68 61 69	2F+
   6154	      45 6E 67 6C 69 73	68+
   6155	      20 6D 6F 64 65 0D	0A
   6156	661B  50 72 65 73 73 20	43+		     DB	'Press Ctrl+` for control panel',CR,LF
Turbo Assembler	 Version 4.0	    08/05/04 21:42:06	    Page 109
GTHAI.asm



   6157	      74 72 6C 2B 60 20	66+
   6158	      6F 72 20 63 6F 6E	74+
   6159	      72 6F 6C 20 70 61	6E+
   6160	      65 6C 0D 0A
   6161	663B  50 72 65 73 73 20	20+		     DB	'Press	Alt+` to unload	TSR',CR,LF
   6162	      41 6C 74 2B 60 20	74+
   6163	      6F 20 75 6E 6C 6F	61+
   6164	      64 20 54 53 52 0D	0A
   6165	6657  0D 0A 54 6F 20 75	6E+		     DB	CR,LF,'To unload from command line, type GTHAI U',CR,LF
   6166	      6C 6F 61 64 20 66	72+
   6167	      6F 6D 20 63 6F 6D	6D+
   6168	      61 6E 64 20 6C 69	6E+
   6169	      65 2C 20 74 79 70	65+
   6170	      20 47 54 48 41 49	20+
   6171	      55 0D 0A
   6172	6684  24				     DB	'$'  ;DOS End of string
   6173
   6174				     ;======================================================================
   6175				     ; Tell them that we're already loaded.
   6176				     ;======================================================================
   6177	6685  41 6C 72 65 61 64	79+  ALREADY_TSR_MSG   DB 'Already active. Press Ctrl+`	for MENU',CR,LF,BELL,' $'
   6178	      20 61 63 74 69 76	65+
   6179	      2E 20 50 72 65 73	73+
   6180	      20 43 74 72 6C 2B	60+
   6181	      20 66 6F 72 20 4D	45+
   6182	      4E 55 0D 0A 07 20	24
   6183	66AF  0D 0A 43 61 6E 6E	6F+  CANT_REMOVE_MSG   DB CR,LF,'Cannot	uninstall GThai. Interrupts hooked.',CR,LF,BELL,'$'
   6184	      74 20 75 6E 69 6E	73+
   6185	      74 61 6C 6C 20 47	54+
   6186	      68 61 69 2E 20 49	6E+
   6187	      74 65 72 72 75 70	74+
   6188	      73 20 68 6F 6F 6B	65+
   6189	      64 2E 0D 0A 07 24
   6190	66DF  0D 0A 47 54 68 61	69+  TSR_REMOVED_MSG   DB CR,LF,'GThai removed from memory.',CR,LF,'$'
   6191	      20 72 65 6D 6F 76	65+
   6192	      64 20 66 72 6F 6D	20+
   6193	      6D 65 6D 6F 72 79	2E+
   6194	      0D 0A 24
   6195	66FE  0D 0A 47 54 68 61	69+  IT_AINT_HERE_MSG  DB CR,LF,'GThai is not installed.',CR,LF,'$'
   6196	      20 69 73 20 6E 6F	74+
   6197	      20 69 6E 73 74 61	6C+
   6198	      6C 65 64 2E 0D 0A	24
   6199	671A			     INIT    ENDP
   6200	671A			     Code_Seg ENDS
   6201					      END   GTHAI
Turbo Assembler	 Version 4.0	    08/05/04 21:42:06	    Page 110
Symbol Table




Symbol Name		Type   Value			   Cref	(defined at #)

??DATE			Text   "08/05/04"
??FILENAME		Text   "GTHAI	"
??TIME			Text   "21:42:06"
??VERSION		Number 0400
@@1			Near   CODE_SEG:4304		   #1842  1856
@@1			Near   CODE_SEG:43F1		   #1967  1977
@@1			Near   CODE_SEG:443A		   1990	 #2000
@@1			Near   CODE_SEG:44E4		   2070	 #2073
@@1			Near   CODE_SEG:47B4		   2496	 #2499
@@1			Near   CODE_SEG:4836		   2576	 #2579
@@1			Near   CODE_SEG:4C74		   3248	 #3251
@@10			Near   CODE_SEG:43DB		   1881	 1929  1940  #1952
@@2			Near   CODE_SEG:430C		   #1850  1862	1954
@@2			Near   CODE_SEG:43F3		   #1969  1972
@@2			Near   CODE_SEG:4440		   #2003  2054
@@2			Near   CODE_SEG:452A		   2082	 #2097
@@2			Near   CODE_SEG:47BD		   2501	 #2504
@@2			Near   CODE_SEG:483F		   2581	 #2584
@@3			Near   CODE_SEG:431B		   1845	 #1857
@@3			Near   CODE_SEG:4443		   2004	 #2007
@@3			Near   CODE_SEG:47C6		   2506	 #2509
@@3			Near   CODE_SEG:4848		   2586	 #2589
@@4			Near   CODE_SEG:4339		   #1870  1877
@@4			Near   CODE_SEG:446B		   #2022  2025
@@4			Near   CODE_SEG:47CF		   2511	 #2514
@@4			Near   CODE_SEG:4851		   2591	 #2594
@@5			Near   CODE_SEG:436B		   #1893  1900
@@5			Near   CODE_SEG:447C		   #2029  2033
@@5			Near   CODE_SEG:47D9		   2516	 #2520
@@5			Near   CODE_SEG:485B		   2596	 #2600
@@6			Near   CODE_SEG:4396		   1892	 1905  #1914
@@6			Near   CODE_SEG:449C		   #2041  2045
@@6			Near   CODE_SEG:47E3		   2522	 #2526
@@6			Near   CODE_SEG:4865		   2602	 #2606
@@7			Near   CODE_SEG:439B		   #1917  1924
@@7			Near   CODE_SEG:44AD		   #2048  2051
@@7			Near   CODE_SEG:47F1		   2528	 #2533
@@7			Near   CODE_SEG:4873		   2608	 #2614
@@8			Near   CODE_SEG:43C6		   1916	 #1938
@@8			Near   CODE_SEG:4881		   2616	 #2621
@@9			Near   CODE_SEG:43CB		   #1941  1948
@@EPSARAMAIMALAI	Near   CODE_SEG:5B8A		   4692	 #4694
@@EPSARAMAIMUAN		Near   CODE_SEG:5B81		   4688	 #4690
@@EXIT			Near   CODE_SEG:37D8		   446	#457
@@EXIT			Near   CODE_SEG:477B		   2400	 #2462
@@TESTEPSONVOWELS	Near   CODE_SEG:5B71		   4657	 #4684
@CPU			Text   0101H
@CURSEG			Text   CODE_SEG			   #15
@FILENAME		Text   GTHAI
@WORDSIZE		Text   2			   #15
ALREADY_TSR		Near   CODE_SEG:6563		   5911	 #6105
ALREADY_TSR_MSG		Byte   CODE_SEG:6685		   6110	 #6177
A_			Number 0064			   228	231  362  364  366  368	 370  372  374	1082  1084  1086  1086	  +
							   1154	 1257  4120
Turbo Assembler	 Version 4.0	    08/05/04 21:42:06	    Page 111
Symbol Table



BACKSPC			Number 0008			   3885	 4490
BAD_MODE		Near   CODE_SEG:402D		   1319	 #1331
BAHT			Number 00DF			   2383	 3045  3061
BAILOUT			Near   CODE_SEG:5C49		   4795	 4797  #4800
BBSCOUNT_LOOP		Near   CODE_SEG:6471		   #5978  5983	5987  5991  5995
BBSMSG_COLUMN		Word   CODE_SEG:0475		   #223	 533  546  559	6001
BBSMSG_EDGE		Number 000F			   #221	 531
BBSMSG_LEN		Number 001E			   #233	 538  547  552
BBSMSG_ROW		Number 00FA			   #224	 534  548  561
BBSMSG_SHADOW		Number 0000			   #222	 529  544
BBSMSG_TEXT_COLOR	Number 0074			   #220	 558
BEEP			Near   CODE_SEG:5019		   430	#3745  3882
BEEP_1			Near   CODE_SEG:5032		   #3760  3761
BELL			Number 0007			   3880	 6177  6183
BIOS_CURSOR_ADDRESS	Number 0050			   440
BIOS_CURSOR_COL_PG0	Number 0050			   3875
BIOS_CURSOR_COL_PG1	Number 0052
BIOS_CURSOR_COL_PG2	Number 0054
BIOS_CURSOR_COL_PG3	Number 0056
BIOS_CURSOR_COL_PG4	Number 0058
BIOS_CURSOR_COL_PG5	Number 005A
BIOS_CURSOR_COL_PG6	Number 005C
BIOS_CURSOR_COL_PG7	Number 005E
BIOS_CURSOR_ROW_PG0	Number 0051			   3866
BIOS_CURSOR_ROW_PG1	Number 0053
BIOS_CURSOR_ROW_PG2	Number 0055
BIOS_CURSOR_ROW_PG3	Number 0057
BIOS_CURSOR_ROW_PG4	Number 0059
BIOS_CURSOR_ROW_PG5	Number 005B
BIOS_CURSOR_ROW_PG6	Number 005D
BIOS_CURSOR_ROW_PG7	Number 005F
BIOS_DISPLAY_MODE	Number 0049			   5208	 5476
BIOS_EQUIPMENT_LIST	Number 0010			   5478
BIOS_KEYBOARD_BUFFER	Number 001E
BIOS_KEYBOARD_HEAD_POI	Number 001A			   4373	 4424
NTER
BIOS_KEYBOARD_TAIL_POI	Number 001C			   4375
NTER
BIOS_MODE_CONTROL_REG	Number 0065			   5477
BIOS_SEG		Number 0040			   438	3863  3991  5205  5474	5923
BIOS_SHIFT_STATUS	Number 0017			   3993
BLACK			Number 0000			   222	568  575  580  601  608	 613  715  794	809  822  1097	1099  1107+
							   1109	 1119  1121  1136  1137	 1149  1150  1978  1987	 4057  4152  4233 +
							   4276
BLACK_BG		Number 0000			   1168
BLUE			Number 0001
BLUE_BG			Number 0010
BO_BAIMAI		Number 00BA			   2183	 2193  2198  2203  2208	 2213  2218  2717  2799
BRIGHT_BLUE		Number 0009
BRIGHT_BLUE_BG		Number 0090
BRIGHT_CYAN		Number 000B
BRIGHT_CYAN_BG		Number 00B0
BRIGHT_GREEN		Number 000A
BRIGHT_GREEN_BG		Number 00A0
BRIGHT_RED		Number 000C
BRIGHT_RED_BG		Number 00C0
BRIGHT_VIOLET		Number 000D
Turbo Assembler	 Version 4.0	    08/05/04 21:42:06	    Page 112
Symbol Table



BRIGHT_VIOLET_BG	Number 00D0
BRIGHT_WHITE		Number 000F			   221	717  796  1098	1108  1120  1135  1148
BRIGHT_WHITE_BG		Number 00F0			   4057
BROWN			Number 0006
BROWN_BG		Number 0060
BUMP_COUNT		Near   CODE_SEG:4575		   2118	 2122  #2125
BUMP_POS		Near   CODE_SEG:5B93		   4531	 4555  4567  4574  4582	 4589  4601  4606  4612	 4653  4659  4665 +
							   4672	 4675  4679  4686  4696	 #4699
B_			Number 0067			   230
C00_EXIT		Near   CODE_SEG:4080		   1393	 #1398
C01_EXIT		Near   CODE_SEG:4092		   1411	 #1414
CALC_180THS		Near   CODE_SEG:5C7F		   4762	 #4826
CALC_BBSMSG_POSITION	Near   CODE_SEG:648D		   5981	 #5996
CANT_REMOVE		Near   CODE_SEG:4051		   1346	 1348  1350  #1353
CANT_REMOVE_MSG		Byte   CODE_SEG:66AF		   6095	 #6183
CANT_UNLOAD		Near   CODE_SEG:5299		   4062	 4064  4066  #4070
CANT_UNLOAD_MSG1	Byte   CODE_SEG:52B5		   4077	 #4081
CANT_UNLOAD_MSG2	Byte   CODE_SEG:52EB		   4094	 #4098
CANT_UNLOAD_MSG3	Byte   CODE_SEG:5322		   4111	 #4115
CANT_UNLOAD_MSG4	Byte   CODE_SEG:53B7		   4158	 #4162
CANT_UNLOAD_SKIP1	Near   CODE_SEG:52D1		   4079	 #4088
CANT_UNLOAD_SKIP2	Near   CODE_SEG:5308		   4096	 #4105
CANT_UNLOAD_SKIP3	Near   CODE_SEG:533B		   4113	 #4123
CANT_UNLOAD_SKIP4	Near   CODE_SEG:53BE		   4160	 #4165
CHAR_HEIGHT		Number 000F			   542	548  556  650  655  663	 689  694  702	728  733  741  768  773	  +
							   781	807  812  820
CHO_CHAN		Number 00A8
CHO_CHANG		Number 00AA
CHO_CHING		Number 00A9
CHO_CHOE		Number 00AC
COMMAND_LINE_UNLOAD	Near   CODE_SEG:6537		   5905	 #6082
CONTINUE_INIT		Near   CODE_SEG:6419		   5932	 #5936
COUNT_DONE		Near   CODE_SEG:4578		   2114	 #2128
COUNT_LOOP		Near   CODE_SEG:455C		   #2111  2116	2120  2124  2127
CR			Number 000D			   3892	 4878  4885  4931  6144	 6146  6150  6156  6161	 6165  6165  6177 +
							   6183	 6183  6190  6190  6195	 6195
CRIT_ERR		Near   CODE_SEG:3796		   #429	 510
CRTBASE			Word   CODE_SEG:04AC		   #247	 3628  5926
CRTC_PORT		Number 03B4			   5483
CSTM_VID		Near   CODE_SEG:4014		   #1317  3189
CSTVID00		Near   CODE_SEG:4071		   1295	 #1390
CSTVID01		Near   CODE_SEG:4086		   1296	 #1409
CSTVID03		Near   CODE_SEG:40BF		   1298	 #1456
CSTVID04		Near   CODE_SEG:40C4		   1299	 #1464
CSTVID05		Near   CODE_SEG:40C9		   1300	 #1471
CSTVID06		Near   CODE_SEG:40CE		   1301	 #1479
CSTVID07		Near   CODE_SEG:40D3		   1302	 #1488
CSTVID08		Near   CODE_SEG:40D8		   1303	 #1497
CSTVID09		Near   CODE_SEG:40DD		   1304	 #1506
CSTVID0A		Near   CODE_SEG:40E2		   1305	 #1515
CSTVID0B		Near   CODE_SEG:40E7		   1306	 #1524
CSTVID0C		Near   CODE_SEG:40EC		   1307	 #1533
CSTVID0D		Near   CODE_SEG:410D		   1308	 #1557
CSTVID0E		Near   CODE_SEG:4126		   1309	 #1566
CSTVID0F		Near   CODE_SEG:4140		   1310	 #1578
CSTVID10		Near   CODE_SEG:414C		   1311	 #1592
CSTVID11		Near   CODE_SEG:4189		   1312	 #1628
Turbo Assembler	 Version 4.0	    08/05/04 21:42:06	    Page 113
Symbol Table



CSTVID12		Near   CODE_SEG:41B1		   1313	 #1651
CSTVID_MAX		Number 0014			   #1315  1318
CURRENT_MODE		Byte   CODE_SEG:0105		   #27	3110  3161  3178  4360	4379  5288  5661
CURSOR_CALC		Word   CODE_SEG:049C		   #239	 537  551  564	574  594  607  627  645	 658  670  684	697  709  +
							   723	736  748  763  776  788	 802  815  827	838  848  858  868  878	  +
							   888	898  908  918  928  938	 948  958  988	1005  1562  1995  2014	  +
							   2138	 4076  4093  4110  4132	 4145  4157  4176  4193	 4213  4226  4238 +
							   4256	 4269  4281  5163  5942
CURSOR_SAVE		Word   CODE_SEG:14A5		   #282	 441  486  3692	 4325
CUR_FLD			Byte   CODE_SEG:3795		   #424	 997  1023  1025  1030	1031  1033  1039  1055
CV10_1			Near   CODE_SEG:416B		   1605	 #1609
CV11_1			Near   CODE_SEG:41AB		   1637	 1639  #1642
CVID0C_1		Near   CODE_SEG:40F6		   1535	 #1540
CYAN			Number 0003			   1961
CYAN_BG			Number 0030
C_			Number 0066			   362	364  366  368  370  372	 374  1257
DFLT_BTM_LPI		Number 0000			   56  4735
DFLT_MAIN_LPI		Number 0013			   55  4734
DFLT_MDL_LPI		Number 0013			   54  4733
DFLT_TOP_LPI		Number 0007			   53  4732
DIDNT_WRAP		Near   CODE_SEG:6271		   5665	 #5667
DISPLAY_COLUMN_ADJUST	Byte   CODE_SEG:0109		   #37	3318  3320  3671  3673	4538
DISPLOOP		Near   CODE_SEG:3D80		   #966	 991
DISPMODE		Byte   CODE_SEG:0107		   #35	445  453  456  470  1546  3196	3652  5197  5450  5845	5884
DISPXLAT		Byte   CODE_SEG:0108		   #36	3247
DOS_CLOSE_FILE		Number 003E			   1441
DOS_FREE_MEMORY		Number 0049			   4345	 4348
DOS_OPEN_FILE		Number 003D			   1431
DOS_PRINT_STRING	Number 0009			   6072	 6076  6107  6112
DOS_TERMINATE		Number 004C			   6114
DOS_WRITE_HANDLE	Number 0040			   1439
DO_CHADA		Number 00AE
DO_DEK			Number 00B4			   2425	 2495  2676
DO_FEED			Near   CODE_SEG:5D29		   4925	 #4954	4959
DO_LF			Near   CODE_SEG:5119		   3898	 #3904
DO_MENU			Near   CODE_SEG:44BC		   525	1614  #2060  4047
DO_MSG			Near   CODE_SEG:42FE		   566	672  711  750  790  829	 840  850  860	870  880  890  900  910	  +
							   920	930  940  950  960  989	 1659  #1838  2142  4078  4095	4112  4159+
							   4178	 4195  4240  4283
DO_OLDPR		Near   CODE_SEG:59C6		   4489	 4491  4498  #4511
DRAW_CURSOR		Word   CODE_SEG:04A4		   #243	 3282  3284  3289  3528	 3556  3558  3564  3618	 3823  3844  4359 +
							   4362	 5168
DRAW_CURSOR_EGA		Near   CODE_SEG:5FA0		   5168	 #5281
DRAW_CURSOR_MONO	Near   CODE_SEG:6251		   243	#5657
DRAW_LINE		Near   CODE_SEG:41F6		   540	543  554  557  584  587	 597  600  617	620  630  633  648  651	  +
							   661	664  687  690  700  703	 726  729  739	742  766  769  779  782	  +
							   805	808  818  821  1585  #1700  4135  4138	4148  4151  4216  4219	  +
							   4229	 4232  4259  4262  4272	 4275
DRIVER_VERSION		Word   CODE_SEG:0103		   #25	1396
D_			Number 0061			   1086	 4118
EGA_CURSOR_CALC		Near   CODE_SEG:5F64		   5163	 #5244
EGA_CURSOR_EXIT		Near   CODE_SEG:5FCE		   5292	 #5299
EGA_CURSOR_LOOP		Near   CODE_SEG:5FC6		   #5295  5298
EGA_NEXT_LINE		Near   CODE_SEG:5F93		   5165	 #5268
EGA_PREV_LINE		Near   CODE_SEG:5F97		   5166	 #5272
EGA_SET_EDGE_COLOR	Near   CODE_SEG:5F3A		   5161	 #5218
EGA_SET_SHADOW_COLOR	Near   CODE_SEG:5F50		   5162	 #5231
Turbo Assembler	 Version 4.0	    08/05/04 21:42:06	    Page 114
Symbol Table



EGA_SET_TEXT_MODE	Near   CODE_SEG:5F0C		   5185	 5187  5189  #5196
EGA_SET_TEXT_MODE_BIOS	Near   CODE_SEG:5F2F		   5198	 #5211
EGA_SET_VIDEO_MODE	Near   CODE_SEG:5EED		   5160	 #5181
EGA_THAI_CURSOR		Near   CODE_SEG:5FC3		   5289	 #5293
ENCRYPT_LOOP		Near   CODE_SEG:4068		   #1373  1378
ENCRYPT_STRING		Near   CODE_SEG:4060		   #1369  1607	1655
END_OF_STRING		Number 0005			   234	349  351  353  356  358	 360  362  364	366  368  370  372  374	  +
							   377	379  381  383  385  387	 389  395  403	405  408  410  411  413	  +
							   415	417  419  421  1092  1103  1114	 1130  1143  1157  1165	 1177	  +
							   1188	 1200  1210  1219  1227	 1236  1244  1252  1261	 1270  1279  1288 +
							   1375	 1377  1844  2113  3383	 3699  4050  4086  4103	 4121  4163  4186 +
							   4202	 4245  4287  5980  6121	 6125  6128  6133
END_PRTLOOP		Near   CODE_SEG:5DBC		   5031	 5033  5041  #5057
ENGLISH			Number 0000			   445	456  470  3196	5197  5450  5884
ENGPRINT		Number 0000
EOF			Number 001A
EPSON			Number 0000
EPSON_COMBINED_VOWEL_O	Near   CODE_SEG:5D3F		   #4981  5042
FFSETS
EPSON_FEED		Byte   CODE_SEG:5CDD		   #4884  4946
EPSON_LF		Byte   CODE_SEG:5CDF		   #4886  4945
EPSON_SEQ		Byte   CODE_SEG:5CDB		   #4883  4888	4947
EPSON_SEQ_LEN		Number 0005			   #4888  4948
ESC1			Near   CODE_SEG:5BFA		   4747	 #4757
ESCAPE			Number 001B			   4564	 4725  4875  4877  4883	 5006
ESC_MSG_X		Number 017F			   798	811  823  #1160
ESC_MSG_Y		Number 00E1			   799	812  824  #1161
ESC_SAVE		Byte   CODE_SEG:5978		   #4443  4527	4566  4725  4781  4785	4787  4789  4791  4804	4806  4821+
							   4850	 4855  4863  5148
E_			Number 0060			   231	362  364  366  368  370	 372  374  1084	 1090  1123  1154  1154	  +
							   1172	 1182  1186  1193  1205	 1257  4118  4118
FEED_BOTTOM_LINE	Near   CODE_SEG:5E74		   5124	 #5139
FEED_EPSON		Near   CODE_SEG:5D1C		   4901	 #4944
FEED_EXIT		Near   CODE_SEG:5D34		   4939	 #4961
FEED_MAIN_LINE		Near   CODE_SEG:5E42		   5103	 #5118
FEED_MIDDLE_LINE	Near   CODE_SEG:5E15		   5082	 #5097
FEED_PAPER		Near   CODE_SEG:5CE0		   #4892  5079	5100  5121  5142
FEED_TOP_LINE		Near   CODE_SEG:5DE3		   5018	 5059  #5076
FIELD1_PROMPT		Byte   CODE_SEG:3F71		   879	#1215  1218
FIELD1_PROMPT_LEN	Number 000E			   #1218
FIELD1_PROMPT_X		Number 0016			   874	#1213
FIELD1_PROMPT_Y		Number 0028			   875	#1214
FIELD2_PROMPT		Byte   CODE_SEG:3F80		   889	#1224  1226
FIELD2_PROMPT_LEN	Number 000B			   #1226
FIELD2_PROMPT_X		Number 0016			   884	#1222
FIELD2_PROMPT_Y		Number 0038			   885	#1223
FIELD3_PROMPT		Byte   CODE_SEG:3F8C		   899	#1232  1235
FIELD3_PROMPT_LEN	Number 000D			   #1235
FIELD3_PROMPT_X		Number 0016			   894	#1230
FIELD3_PROMPT_Y		Number 0048			   895	#1231
FIELD4_PROMPT		Byte   CODE_SEG:3F9A		   909	#1241  1243
FIELD4_PROMPT_LEN	Number 0009			   #1243
FIELD4_PROMPT_X		Number 0016			   904	#1239
FIELD4_PROMPT_Y		Number 0058			   905	#1240
FIELD5_PROMPT		Byte   CODE_SEG:3FA4		   919	#1249  1251
FIELD5_PROMPT_LEN	Number 0009			   #1251
FIELD5_PROMPT_X		Number 0016			   914	#1247
Turbo Assembler	 Version 4.0	    08/05/04 21:42:06	    Page 115
Symbol Table



FIELD5_PROMPT_Y		Number 0068			   915	#1248
FIELD7_PROMPT		Byte   CODE_SEG:3FBC		   939	#1266  1269
FIELD7_PROMPT_LEN	Number 0010			   #1269
FIELD7_PROMPT_X		Number 0016			   934	#1264
FIELD7_PROMPT_Y		Number 0088			   935	#1265
FIELD8_PROMPT		Byte   CODE_SEG:3FCD		   949	#1275  1278
FIELD8_PROMPT_LEN	Number 0010			   #1278
FIELD8_PROMPT_X		Number 0016			   944	#1273
FIELD8_PROMPT_Y		Number 0098			   945	#1274
FIELD9_PROMPT		Byte   CODE_SEG:3FDE		   959	#1284  1287
FIELD9_PROMPT_LEN	Number 000D			   #1287
FIELD9_PROMPT_X		Number 0016			   954	#1282
FIELD9_PROMPT_Y		Number 00A8			   955	#1283
FILTER			Near   CODE_SEG:5BB1		   4529	 #4721
FILT_CONTINUE		Near   CODE_SEG:5C4A		   4792	 #4803
FLD0_MSG1		Byte   CODE_SEG:35E3		   #349
FLD0_MSG2		Byte   CODE_SEG:35F1		   #351
FLD0_MSG3		Byte   CODE_SEG:35FF		   #353
FLD1_MSG0		Byte   CODE_SEG:360D		   #356
FLD1_MSG1		Byte   CODE_SEG:361B		   #358	 5953
FLD2_MSG0		Byte   CODE_SEG:3629		   #360
FLD2_MSG1		Byte   CODE_SEG:3637		   #362
FLD2_MSG2		Byte   CODE_SEG:3645		   #364
FLD2_MSG3		Byte   CODE_SEG:3653		   #366
FLD2_MSG4		Byte   CODE_SEG:3661		   #368
FLD2_MSG5		Byte   CODE_SEG:366F		   #370
FLD2_MSG6		Byte   CODE_SEG:367D		   #372
FLD2_MSG7		Byte   CODE_SEG:368B		   #374
FLD3_MSG0		Byte   CODE_SEG:3699		   #377
FLD3_MSG1		Byte   CODE_SEG:36A7		   #379
FLD3_MSG2		Byte   CODE_SEG:36B5		   #381	 5957
FLD4_MSG0		Byte   CODE_SEG:36C3		   #383
FLD4_MSG1		Byte   CODE_SEG:36D1		   #385
FLD4_MSG2		Byte   CODE_SEG:36DF		   #387
FLD4_MSG3		Byte   CODE_SEG:36ED		   #389
FLD5_MSG0		Byte   CODE_SEG:36FB		   #395
FLD6_MSG0		Byte   CODE_SEG:3709		   #403
FLD6_MSG1		Byte   CODE_SEG:3717		   #405
FLD7_MSG0		Byte   CODE_SEG:3725		   #408
FLD7_MSG1		Byte   CODE_SEG:3733		   #410	 5961
FLD7_MSG2		Byte   CODE_SEG:3741		   #411
FLD7_MSG3		Byte   CODE_SEG:374F		   #413	 5965  5969
FLD8_MSG0		Byte   CODE_SEG:375D		   #415
FLD8_MSG1		Byte   CODE_SEG:376B		   #417
FLD8_MSG2		Byte   CODE_SEG:3779		   #419
FLD8_MSG3		Byte   CODE_SEG:3787		   #421
FLDLOOP			Near   CODE_SEG:3D86		   #969	 973
FLD_NOWRAP		Near   CODE_SEG:6285		   5676	 #5678
FLT_EXIT		Near   CODE_SEG:5CCE		   4736	 4766  4798  4847  4856	 #4862
FLT_STOR		Near   CODE_SEG:5CC2		   4853	 #4858
FNAMEOFF		Word   CODE_SEG:04EA		   #257	 1430  5922
FNAMESEG		Word   CODE_SEG:04E8		   #256	 1429  4347  5915
FONT_1			Byte   CODE_SEG:15DB		   #323	 1641  3368  3586
FONT_2			Byte   CODE_SEG:25DB		   #323	 1633  1859  1889  1912	 1936  3378  3414  3441	 3467  3602
FORMFEED		Number 000C			   4573	 4932
FO_FA			Number 00BD			   2654	 2801
FO_FAN			Number 00BF			   2409	 2643
Turbo Assembler	 Version 4.0	    08/05/04 21:42:06	    Page 116
Symbol Table



F_			Number 0063
GOOD_CMD		Near   CODE_SEG:5C1E		   4775	 #4780
GRAPHICS_ADDRESS_REG	Number 03CE			   467	1570  1722  1789  5202	5220  5232  5284  5313	5345  5395
GRAPHICS_DATA_REG	Number 03CF
GREEN			Number 0002
GREEN_BG		Number 0020
GREY			Number 0008
GREY_BG			Number 0080
GTHAI			Near   CODE_SEG:0100		   #22	45  1438  6201
G_			Number 0062			   1154	 4120
HOTKEYLP		Near   CODE_SEG:51F1		   #3998  4004
HO_HIP			Number 00CB			   2761	 2903  2986
HO_NOK_HUK		Number 00CE			   2774	 2854  2937  3020
HT			Number 0009			   1939	 3470  3731  4638
H_			Number 006D			   1082	 1084
IBMPRO			Number 0001			   41  4685  4749  4808	 4900  5002  5043
IBM_COMBINED_VOWEL_OFF	Near   CODE_SEG:5D38		   #4972  5045
SETS
IBM_ESC2		Near   CODE_SEG:5C03		   4750	 #4764
IBM_FEED		Byte   CODE_SEG:5CD6		   #4876  4922
IBM_LF			Byte   CODE_SEG:5CDA		   #4879  4906
IBM_SEQ			Byte   CODE_SEG:5CD4		   #4875  4881	4923
IBM_SEQ_LEN		Number 0007			   #4881  4924
INCR_BBSMSG_COUNT	Near   CODE_SEG:648A		   5985	 5989  #5993
INCR_FLD		Near   CODE_SEG:3E4F		   1050	 #1053
INIT			Near   CODE_SEG:63CA		   23  #5899  6079
INIT_CRT_LINE_OFFSETS	Near   CODE_SEG:6423		   #5941  5948
INIT_EGA		Near   CODE_SEG:5E93		   254	#5158  5934
INIT_MONO		Near   CODE_SEG:60C1		   #5432  5931
INSTALL_MSG		Byte   CODE_SEG:65D6		   6075	 #6146
INT_TBL_OFF_CRIT_ERR	Number 0090
INT_TBL_OFF_KBD		Number 0024
INT_TBL_OFF_PRINTER	Number 005C
INT_TBL_OFF_TIMER	Number 0020
INT_TBL_OFF_VIDEO	Number 0040
INT_TBL_OFF_VID_PARMS	Number 0074			   5472
INT_TBL_SEG_CRIT_ERR	Number 0092
INT_TBL_SEG_KBD		Number 0026			   1347	 4063
INT_TBL_SEG_PRINTER	Number 005E			   1351	 4067
INT_TBL_SEG_TIMER	Number 0022			   1345	 4061
INT_TBL_SEG_VIDEO	Number 0042			   1349	 4065
INT_TBL_SEG_VID_PARMS	Number 0076			   5473
INV_CMD			Near   CODE_SEG:5C1C		   4771	 4774  #4778
ITS_OURS		Near   CODE_SEG:5201		   4002	 #4005
IT_AINT_HERE_MSG	Byte   CODE_SEG:66FE		   6088	 #6195
I_			Number 006C			   228	228  1082  1084	 1084  1086  1086  1090	 1123  1154  1162  4118
J_			Number 006F
KBDINT9			Near   CODE_SEG:51C8		   #3971  6050
KBD_GET_SHIFT_STATUS	Number 0002
KBD_READ		Number 0000
KBD_STATUS		Number 0001			   1010
KB_EXIT			Near   CODE_SEG:5212		   4000	 #4015
KEYTBL			Byte   CODE_SEG:5137		   #3928  3995
KHO_KHAI		Number 00A2
KHO_KHON		Number 00A5
KHO_KHUAT		Number 00A3
KHO_KHWAI		Number 00A4
Turbo Assembler	 Version 4.0	    08/05/04 21:42:06	    Page 117
Symbol Table



KHO_RAKHANG		Number 00A6
KILL_TSR		Near   CODE_SEG:553E		   1357	 #4296
KO_KAI			Number 00A1
K_			Number 006E
L0106H			Byte   CODE_SEG:0106		   #28	1399  1413  5173
L0414H			Byte   CODE_SEG:0415		   #200	 4413
L0440H			Byte   CODE_SEG:0441		   #209
L04EAH			Word   CODE_SEG:0496		   #236	 455  473  1547	 3783  5160
L04F2H			Word   CODE_SEG:049E		   #240	 3842  5164
L04FAH			Word   CODE_SEG:04A6		   #244	 3327  3334  3360  3500	 3597  5169
L04FCH			Word   CODE_SEG:04A8		   #245	 1643  1853  3371  3604	 5170
L04FEH			Word   CODE_SEG:04AA		   #246	 1574  1731  1746  1970	 2023  2030  2042  2049	 5167  5521  5524 +
							   5528	 5531  5549  5553  5558	 5564
L0506H			Word   CODE_SEG:04B2		   #251	 3304  3580  3650  5402	 5812  5937
L0508H			Word   CODE_SEG:04B4		   #252	 5403  5811
L0538H			Word   CODE_SEG:04E4		   #253	 3644
L14FBH			Byte   CODE_SEG:14A7		   #283	 1868  1878  1901  1925	 1949  3392  3402  3426	 3454  3480
L1513H			Byte   CODE_SEG:14BF		   #290	 1569  1727  1766  2017	 2037  5265  5613
L1514H			Byte   CODE_SEG:14C0		   #291	 1489  5219  5514  5551
L152FH			Byte   CODE_SEG:14DB		   #308	 1861  1884  1907  1931	 3383  3409  3436  3462	 3699  3705  3717 +
							   3729	 4521
L3FB2H			Near   CODE_SEG:3DE7		   #1009  1012
L4226H			Near   CODE_SEG:41EA		   #1686  1701
L422CH			Near   CODE_SEG:41F0		   #1692  1706
L4242H			Near   CODE_SEG:4206		   1704	 #1707
L424CH			Near   CODE_SEG:4210		   1709	 #1712
L4254H			Near   CODE_SEG:4218		   1714	 #1717
L4272H			Near   CODE_SEG:4236		   #1730  1733
L427CH			Near   CODE_SEG:4240		   1718	 #1734
L427DH			Near   CODE_SEG:4241		   1729	 #1738
L428DH			Near   CODE_SEG:4251		   #1745  1755
L429DH			Near   CODE_SEG:4261		   1748	 #1752
L42A8H			Near   CODE_SEG:426C		   579	612  #1760  1998
L42C2H			Near   CODE_SEG:4286		   #1770  1775
L42CDH			Near   CODE_SEG:4291		   1769	 #1776
L42E7H			Near   CODE_SEG:42AB		   1771	 1783  #1788
L42F4H			Near   CODE_SEG:42B8		   #1795  1831
L430BH			Near   CODE_SEG:42CF		   1800	 #1808
L4316H			Near   CODE_SEG:42DA		   1810	 #1814
L432AH			Near   CODE_SEG:42EE		   1817	 #1825
L441CH			Near   CODE_SEG:43E0		   1007	 1017  #1960
L444AH			Near   CODE_SEG:440E		   #1986  2077	2095  2108
L45E1H			Byte   CODE_SEG:45A5		   #2148  3088
L45E2H			Word   CODE_SEG:45A6		   #2149  3089
L45E4H			Word   CODE_SEG:45A8		   #2150  3170
L45E6H			Word   CODE_SEG:45AA		   #2151  3172
L4731H			Near   CODE_SEG:46F5		   2165	 2171  2176  2221  2231	 2246  2261  2331  2356	 #2392	2587  2609+
							   2668	 2691  2910  2934  2993	 3017
L4732H			Near   CODE_SEG:46F6		   #2394  2402	2570  2651  2891  2974
L4734H			Near   CODE_SEG:46F8		   #2396  2418	2423  2428  2433  2452	2459  2598  2679  2921	3004
L47B5H			Near   CODE_SEG:477D		   2166	 2191  2226  2336  2361	 #2470	2577  2597  2612  2658	2678  2689+
							   2900	 2920  2932  2983  3003	 3015
L47B6H			Near   CODE_SEG:477E		   #2472  2480	2564  2644  2883  2966
L47B8H			Near   CODE_SEG:4780		   #2474  2498	2503  2508  2513  2532	2539
L47D2H			Near   CODE_SEG:479D		   #2486
L47D9H			Near   CODE_SEG:47A4		   #2490
L47E0H			Near   CODE_SEG:47AB		   #2494
Turbo Assembler	 Version 4.0	    08/05/04 21:42:06	    Page 118
Symbol Table



L4834H			Near   CODE_SEG:47FF		   2535	 #2540	2560  2639
L4836H			Near   CODE_SEG:4801		   2170	 2180  2185  2215  2225	 2235  2240  2250  2255	 2310  2320  2345 +
							   2355	 2427  2437  2449  2497	 2517  2529  #2550  2747  2757	2769  2817+
							   2837	 2849
L4837H			Near   CODE_SEG:4802		   2410	 2482  #2553  2562  2728  2802
L4839H			Near   CODE_SEG:4804		   #2555  2578	2583  2588  2593  2613	2620
L48B8H			Near   CODE_SEG:4883		   2230	 2236  2241  2245  2251	 2256  2265  2311  2321	 2325  2340  2346 +
							   2360	 2417  2451  2507  2531	 #2629	2737  2771  2827  2851
L48B9H			Near   CODE_SEG:4884		   2404	 2488  #2631  2642  2720  2808
L48BBH			Near   CODE_SEG:4886		   2438	 2518  #2633  2659  2664  2669	2674  2692  2699  2758	2838
L48C7H			Near   CODE_SEG:4892		   2638	 #2640
L48D2H			Near   CODE_SEG:489D		   #2645
L48D9H			Near   CODE_SEG:48A4		   #2649
L48E0H			Near   CODE_SEG:48AB		   #2653
L48EDH			Near   CODE_SEG:48B8		   2657	 #2660
L48F6H			Near   CODE_SEG:48C1		   2662	 #2665
L48FFH			Near   CODE_SEG:48CA		   2667	 #2670
L4908H			Near   CODE_SEG:48D3		   2672	 #2675
L4912H			Near   CODE_SEG:48DD		   2677	 #2681
L491BH			Near   CODE_SEG:48E6		   2683	 #2686
L4929H			Near   CODE_SEG:48F4		   2688	 #2693
L4937H			Near   CODE_SEG:4902		   2695	 #2700	2716
L4939H			Near   CODE_SEG:4904		   2181	 2196  2200  2211  2216	 2266  2271  2291  2326	 2592  2617  2673 +
							   2698	 #2708	2915  2941  2998  3024
L493AH			Near   CODE_SEG:4905		   2573	 2655  #2710  2718  2895  2978
L493CH			Near   CODE_SEG:4907		   2604	 2685  #2712  2738  2743  2748	2753  2772  2779  2927	3010
L4952H			Near   CODE_SEG:491D		   #2722
L4959H			Near   CODE_SEG:4924		   #2726
L4960H			Near   CODE_SEG:492B		   #2730
L4967H			Near   CODE_SEG:4932		   #2734
L4970H			Near   CODE_SEG:493B		   2736	 #2739
L4979H			Near   CODE_SEG:4944		   2741	 #2744
L4982H			Near   CODE_SEG:494D		   2746	 #2749
L498BH			Near   CODE_SEG:4956		   2751	 #2754
L4995H			Near   CODE_SEG:4960		   2756	 #2760
L499FH			Near   CODE_SEG:496A		   2762	 #2766
L49ADH			Near   CODE_SEG:4978		   2768	 #2773
L49BBH			Near   CODE_SEG:4986		   2775	 #2780	2798
L49BDH			Near   CODE_SEG:4988		   2186	 2201  2206  2276  2341	 2582  2603  2619  2663	 2684  2696  #2789+
							   2905	 2926  2939  2988  3009	 3022
L49BEH			Near   CODE_SEG:4989		   2567	 2647  #2792  2800  2887  2970
L49C0H			Near   CODE_SEG:498B		   #2794  2818	2823  2828  2833  2852	2859
L49D6H			Near   CODE_SEG:49A1		   #2804
L49E1H			Near   CODE_SEG:49AF		   #2810
L49E8H			Near   CODE_SEG:49B6		   #2814
L49F1H			Near   CODE_SEG:49BF		   2816	 #2819
L49FAH			Near   CODE_SEG:49C8		   2821	 #2824
L4A03H			Near   CODE_SEG:49D1		   2826	 #2829
L4A0CH			Near   CODE_SEG:49DA		   2831	 #2834
L4A16H			Near   CODE_SEG:49E4		   2836	 #2840
L4A20H			Near   CODE_SEG:49EE		   2842	 #2846
L4A2EH			Near   CODE_SEG:49FC		   2848	 #2853
L4A3CH			Near   CODE_SEG:4A0A		   2855	 #2860	2879
L4A3EH			Near   CODE_SEG:4A0C		   2175	 2190  2195  2205  2210	 2220  2280  2285  2295	 2300  2305  2315 +
							   2350	 2432  2443  2456  2502	 2523  2536  2752  2763	 2776  2822  2843 +
							   2856	 #2869
L4A3FH			Near   CODE_SEG:4A0D		   2413	 2484  2732  2806  #2872  2881
Turbo Assembler	 Version 4.0	    08/05/04 21:42:06	    Page 119
Symbol Table



L4A41H			Near   CODE_SEG:4A0F		   #2874  2901	2906  2911  2916  2935	2942
L4A55H			Near   CODE_SEG:4A23		   #2885
L4A5CH			Near   CODE_SEG:4A2A		   #2889
L4A63H			Near   CODE_SEG:4A31		   #2893
L4A6AH			Near   CODE_SEG:4A38		   #2897
L4A73H			Near   CODE_SEG:4A41		   2899	 #2902
L4A7CH			Near   CODE_SEG:4A4A		   2904	 #2907
L4A85H			Near   CODE_SEG:4A53		   2909	 #2912
L4A8EH			Near   CODE_SEG:4A5C		   2914	 #2917
L4A98H			Near   CODE_SEG:4A66		   2919	 #2923
L4AA2H			Near   CODE_SEG:4A70		   2925	 #2929
L4AB0H			Near   CODE_SEG:4A7E		   2931	 #2936
L4ABEH			Near   CODE_SEG:4A8C		   2938	 #2943	2962
L4AC0H			Near   CODE_SEG:4A8E		   2260	 2270  2275  2281  2286	 2290  2296  2301  2306	 2316  2330  2335 +
							   2351	 2422  2458  2512  2538	 2742  2778  2832  2858	 #2952
L4AC1H			Near   CODE_SEG:4A8F		   2407	 2492  2724  2812  #2955  2964
L4AC3H			Near   CODE_SEG:4A91		   2444	 2524  2764  2844  #2957  2984	2989  2994  2999  3018	3025
L4AD7H			Near   CODE_SEG:4AA5		   #2968
L4ADEH			Near   CODE_SEG:4AAC		   #2972
L4AE5H			Near   CODE_SEG:4AB3		   #2976
L4AECH			Near   CODE_SEG:4ABA		   #2980
L4AF5H			Near   CODE_SEG:4AC3		   2982	 #2985
L4AFEH			Near   CODE_SEG:4ACC		   2987	 #2990
L4B07H			Near   CODE_SEG:4AD5		   2992	 #2995
L4B10H			Near   CODE_SEG:4ADE		   2997	 #3000
L4B1AH			Near   CODE_SEG:4AE8		   3002	 #3006
L4B24H			Near   CODE_SEG:4AF2		   3008	 #3012
L4B32H			Near   CODE_SEG:4B00		   3014	 #3019
L4B40H			Near   CODE_SEG:4B0E		   3021	 #3026
L4B42H			Near   CODE_SEG:4B10		   2150	 2155  2160  2365  2370	 2375  2380  2385  #3030
L4B44H			Near   CODE_SEG:4B12		   #3032  3042	3046
L4B5FH			Near   CODE_SEG:4B2D		   3038	 3040  3044  #3047
L4B61H			Near   CODE_SEG:4B2F		   #3049  3065
L4B7AH			Near   CODE_SEG:4B48		   3058	 #3063
L4B7EH			Near   CODE_SEG:4B4C		   3054	 3056  3060  3062  #3066
L4B7FH			Near   CODE_SEG:4B4D		   #3074  3166	3342  3570
L4BA3H			Near   CODE_SEG:4B71		   2269	 2279  2284  2289  2294	 2299  #3096
L4BA8H			Near   CODE_SEG:4B76		   2229	 2244  2249  2264  2309	 2319  2344  2349  2359	 #3100
L4BADH			Near   CODE_SEG:4B7B		   2149	 2154  2159  2234  2239	 2254  2259  2274  2304	 2314  2324  2329 +
							   2334	 2339  2364  2369  2374	 2379  2384  #3104
L4BB7H			Near   CODE_SEG:4B85		   #3109  3128	3133  3135  3140  3149	3154
L4BBEH			Near   CODE_SEG:4B8C		   2209	 2214  2219  3077  3079	 3081  3098  3102  3106	 3108  #3113  3123+
							   3125	 3130  3138  3141  3151	 3153
L4BC1H			Near   CODE_SEG:4B8F		   2164	 2169  2174  2179  2184	 2189  2194  2199  2204	 2224  #3121
L4BEFH			Near   CODE_SEG:4BBD		   2354	 #3147
L4C01H			Near   CODE_SEG:4BCF		   #3160  3266	3541
L4C0EH			Near   CODE_SEG:4BDC		   #3165  3177
L4C24H			Near   CODE_SEG:4BF2		   3167	 #3174
L4C2EH			Near   CODE_SEG:4BFC		   2151	 2156  2161  2366  2371	 2376  2381  2386  3162	 #3180
L4CA3H			Near   CODE_SEG:4C76		   #3261
L4CFAH			Near   CODE_SEG:4CCD		   #3298  3524
L4D0AH			Near   CODE_SEG:4CDD		   #3306  3374
L4D12H			Near   CODE_SEG:4CE5		   #3311  3315
L4D31H			Near   CODE_SEG:4D04		   #3325  3331
L4D3DH			Near   CODE_SEG:4D10		   3319	 3321  3324  #3332  3337
L4D4EH			Near   CODE_SEG:4D21		   3309	 #3341
L4D58H			Near   CODE_SEG:4D2B		   3343	 #3349
Turbo Assembler	 Version 4.0	    08/05/04 21:42:06	    Page 120
Symbol Table



L4D69H			Near   CODE_SEG:4D3C		   #3358  3364
L4D75H			Near   CODE_SEG:4D48		   3357	 #3365
L4D7CH			Near   CODE_SEG:4D4F		   #3369  3384	3492
L4D8BH			Near   CODE_SEG:4D5E		   3352	 3354  #3377
L4DBEH			Near   CODE_SEG:4D83		   #3394  3401
L4DD5H			Near   CODE_SEG:4D9A		   #3406
L4E03H			Near   CODE_SEG:4DB8		   #3418  3425
L4E1EH			Near   CODE_SEG:4DD0		   #3433
L4E47H			Near   CODE_SEG:4DE9		   3417	 #3443
L4E4CH			Near   CODE_SEG:4DEE		   #3446  3453
L4E8DH			Near   CODE_SEG:4E1F		   3445	 #3469
L4E92H			Near   CODE_SEG:4E24		   #3472  3479
L4EA3H			Near   CODE_SEG:4E35		   #3482
L4EA7H			Near   CODE_SEG:4E39		   3404	 3431  3459  3471  #3487
L4EB0H			Near   CODE_SEG:4E42		   3339	 3375  #3494
L4EB7H			Near   CODE_SEG:4E49		   #3498  3504
L4EC3H			Near   CODE_SEG:4E55		   3497	 #3505
L4ED2H			Near   CODE_SEG:4E64		   #3515  3522
L4EE5H			Near   CODE_SEG:4E77		   3347	 3518  #3526
L4F32H			Near   CODE_SEG:4EAE		   #3554
L4F43H			Near   CODE_SEG:4EBD		   3548	 #3561
L4F51H			Near   CODE_SEG:4ECB		   #3566  3615
L4F8DH			Near   CODE_SEG:4F07		   3588	 3590  #3593
L4FA9H			Near   CODE_SEG:4F15		   3596	 #3599
L4FB0H			Near   CODE_SEG:4F1C		   3592	 3601  #3603
L4FB5H			Near   CODE_SEG:4F21		   3598	 #3606
L4FC7H			Near   CODE_SEG:4F33		   3571	 3609  #3616
L4FCFH			Near   CODE_SEG:4F3B		   3552	 #3620
L4FDDH			Near   CODE_SEG:4F3C		   3277	 3527  3550  3617  #3627
L5002H			Near   CODE_SEG:4F61		   3643	 #3646
L5026H			Near   CODE_SEG:4F85		   #3660  3690	3732
L502EH			Near   CODE_SEG:4F8D		   #3665  3670
L5047H			Near   CODE_SEG:4FA6		   3672	 3674  #3677
L504BH			Near   CODE_SEG:4FAA		   3663	 #3680
L5059H			Near   CODE_SEG:4FB8		   #3689  3700	3739
L505BH			Near   CODE_SEG:4FBA		   3645	 3653  3655  3678  #3691  3702	3714  3726
L5066H			Near   CODE_SEG:4FC5		   3684	 3686  #3696
L50A3H			Near   CODE_SEG:4FE4		   #3708
L50C4H			Near   CODE_SEG:4FF5		   3707	 #3718
L50EAH			Near   CODE_SEG:500B		   3720	 #3730
L50F2H			Near   CODE_SEG:5013		   #3734
L522BH			Byte   CODE_SEG:5147		   #3940  4407
L524CH			Byte   CODE_SEG:5168		   #3950  4410
L52A3H			Byte   CODE_SEG:51BF		   #3965
L5729H			Near   CODE_SEG:5620		   #4401  4405
L5732H			Near   CODE_SEG:5629		   4403	 #4406
L5739H			Near   CODE_SEG:5630		   4393	 #4409
L5747H			Near   CODE_SEG:563E		   4412	 #4414
L574FH			Near   CODE_SEG:5646		   4408	 #4420
L5762H			Near   CODE_SEG:564B		   4387	 4419  #4423
L5768H			Near   CODE_SEG:5651		   4395	 4397  #4426
L5D19H			Near   CODE_SEG:5A64		   4560	 #4578
L5D25H			Near   CODE_SEG:5A70		   #4584
L5D36H			Near   CODE_SEG:5A81		   4586	 #4591
L5D3EH			Near   CODE_SEG:5A89		   4593	 #4596
L5D55H			Near   CODE_SEG:5AA0		   4595	 #4603
L5D5CH			Near   CODE_SEG:5AA7		   4605	 #4608
Turbo Assembler	 Version 4.0	    08/05/04 21:42:06	    Page 121
Symbol Table



L5D6EH			Near   CODE_SEG:5AB9		   4580	 #4614
L5D8AH			Near   CODE_SEG:5AD5		   4616	 #4624
L5D9DH			Near   CODE_SEG:5AE8		   4628	 #4631	4648  4650
L5DADH			Near   CODE_SEG:5AF8		   4626	 #4637
L5DC8H			Near   CODE_SEG:5B14		   4641	 #4646
L5DD6H			Near   CODE_SEG:5B22		   4618	 4630  #4651
L5DDAH			Near   CODE_SEG:5B26		   4639	 #4654
L5DFBH			Near   CODE_SEG:5B47		   4661	 #4666
L5E10H			Near   CODE_SEG:5B5C		   4668	 #4673
L5FE5H			Near   CODE_SEG:5DD9		   5067	 #5070
L6251H			Near   CODE_SEG:5F9B		   5167	 #5276
L6289H			Near   CODE_SEG:5FD3		   5169	 #5304
L62A3H			Near   CODE_SEG:5FED		   #5320  5323
L62B3H			Near   CODE_SEG:5FFD		   5170	 #5332
L62D9H			Near   CODE_SEG:6023		   #5354  5360
L62FAH			Near   CODE_SEG:6044		   #5375  5382
L6314H			Near   CODE_SEG:605E		   5164	 #5394
L6382H			Near   CODE_SEG:60CA		   236	#5442
L638FH			Near   CODE_SEG:60D7		   5446	 #5449
L63B4H			Near   CODE_SEG:60FC		   5451	 #5466
L63B9H			Near   CODE_SEG:6101		   5448	 #5469
L63E9H			Near   CODE_SEG:6130		   #5485  5492
L641DH			Near   CODE_SEG:6164		   5507	 #5509
L6446H			Near   CODE_SEG:618D		   5518	 #5527
L6456H			Near   CODE_SEG:619D		   5530	 #5533
L6461H			Near   CODE_SEG:61A8		   5523	 5526  5535  #5538
L646AH			Near   CODE_SEG:61B1		   5545	 #5548
L648FH			Near   CODE_SEG:61D6		   5547	 5557  #5561
L649AH			Near   CODE_SEG:61E1		   5552	 5555  5560  5563  #5566
L64EEH			Near   CODE_SEG:6235		   5619	 #5621
L64F9H			Near   CODE_SEG:6240		   5628	 #5630
L64FAH			Near   CODE_SEG:6241		   246	5521  5531  5549  #5636
L64FDH			Near   CODE_SEG:6244		   5558	 #5638
L64FEH			Near   CODE_SEG:6245		   5564	 #5643
L6502H			Near   CODE_SEG:6249		   5524	 5528  5553  #5649
L6541H			Near   CODE_SEG:6288		   244	#5684
L6550H			Near   CODE_SEG:6297		   5691	 #5694
L6557H			Near   CODE_SEG:629E		   5693	 5696  #5698  5730
L655CH			Near   CODE_SEG:62A3		   #5701  5707
L6569H			Near   CODE_SEG:62B0		   5704	 #5706
L6571H			Near   CODE_SEG:62B8		   245	#5716
L6592H			Near   CODE_SEG:62D9		   5734	 #5736
L659CH			Near   CODE_SEG:62E3		   #5741  5749
L65ABH			Near   CODE_SEG:62F2		   5746	 #5748
L65B7H			Near   CODE_SEG:62FE		   5738	 #5761
L65BCH			Near   CODE_SEG:6303		   #5764  5775
L65D1H			Near   CODE_SEG:6318		   5772	 #5774
L65E3H			Near   CODE_SEG:632A		   5732	 #5789
L65E6H			Near   CODE_SEG:632D		   #5791  5800
L65F7H			Near   CODE_SEG:633E		   5797	 #5799
L65FCH			Near   CODE_SEG:6343		   240	#5807
L6614H			Near   CODE_SEG:635B		   #5815  5827
L6622H			Near   CODE_SEG:6369		   5819	 #5821
L662CH			Near   CODE_SEG:6373		   5823	 #5825
LAK_KHANG_YAO		Number 00E5
LAST_LINEFEED		Byte   CODE_SEG:5977		   #4442  4617	4627  4629  4640  4647	4649  4710  5016  5141
LF			Number 000A			   3897	 4570  4704  5078  5099	 5120  6144  6146  6150	 6156  6161  6165 +
Turbo Assembler	 Version 4.0	    08/05/04 21:42:06	    Page 122
Symbol Table



							   6165	 6177  6183  6183  6190	 6190  6195  6195
LFT_DONE		Near   CODE_SEG:3E42		   1041	 #1045
LOAD_AND_TRANSLATE	Near   CODE_SEG:4C61		   #3243  3407	3434  3460  3703  3715	3727
LO_CHULA		Number 00CC			   2740	 2830  2924
LO_LING			Number 00C5			   2447	 2527  2607  2687
LPI_60THS		Near   CODE_SEG:5C69		   4809	 #4815
LPI_CALC		Near   CODE_SEG:5C93		   4832	 #4835
LPI_DONE		Near   CODE_SEG:5BFC		   4743	 4752  #4760
LPI_FINAL		Byte   CODE_SEG:0114		   #56	4735  4830  4834  5140
LPI_MAIN		Byte   CODE_SEG:0113		   #55	4734  4846  5119
LPI_MIDDLE		Byte   CODE_SEG:0112		   #54	4733  4845  5098
LPI_TOP			Byte   CODE_SEG:0111		   #53	4732  4842  5077
LU			Number 00C6			   2420	 2510  2601  2918
L_			Number 0069			   231	1086  1182  1193
MAI_CHATTAWA		Number 00EB
MAI_EK			Number 00E8			   5030
MAI_HAN_AKAT		Number 00D1			   2115	 2441  2898  2981  5047	 5982
MAI_TAI_KHU		Number 00E7			   2121	 5988
MAI_THO			Number 00E9
MAI_TRI			Number 00EA
MAI_YAMOK		Number 00E6
MAXOPT0			Byte   CODE_SEG:35DA		   #331	 972  1042  1058
MAXOPT1			Byte   CODE_SEG:35DB		   #332
MAXOPT2			Byte   CODE_SEG:35DC		   #333
MAXOPT3			Byte   CODE_SEG:35DD		   #334
MAXOPT4			Byte   CODE_SEG:35DE		   #335
MAXOPT5			Byte   CODE_SEG:35DF		   #341
MAXOPT6			Byte   CODE_SEG:35E0		   #343
MAXOPT7			Byte   CODE_SEG:35E1		   #344
MAXOPT8			Byte   CODE_SEG:35E2		   #345
MENULOOP		Near   CODE_SEG:3DBA		   #992	 1024  1026  1032  1034	 1070
MENUP0B			Word   CODE_SEG:41DE		   #1678  1740	1753
MENUP0C			Word   CODE_SEG:41E0		   #1679  1743	1749  1767  1830
MENUP0D			Word   CODE_SEG:41E2		   #1680  1720	1732  1754
MENUP0E			Word   CODE_SEG:41E4		   #1681  1719	1750
MENUP0F			Word   CODE_SEG:41E6		   #1682  1764	1781  1809
MENUP10			Byte   CODE_SEG:41E8		   #1683  1762	1772  1798
MENUP11			Byte   CODE_SEG:41E9		   #1684  1763	1787  1815
MENU_BACKGROUND_COLOR	Word   CODE_SEG:41D4		   521	#1673  1989  1991  2074	 2076  2078  2080  2107	 4043
MENU_EDGE_COLOR		Word   CODE_SEG:41D8		   522	#1675  2034  2091  2094	 2102  2106  4044
MENU_EDGE_WIDTH		Word   CODE_SEG:41D2		   519	#1672  2001  2101  4041
MENU_END		Near   CODE_SEG:3E72		   1066	 #1069
MENU_FRAME_COLOR	Word   CODE_SEG:41D6		   520	#1674  2075  2079  2104	 4042
MENU_FRAME_WIDTH	Word   CODE_SEG:41D0		   518	#1671  2061  2081  2083	 4040
MENU_HEIGHT		Word   CODE_SEG:41CE		   517	1525  #1670  1997  2018	 2046  2068  2072  2090	 2100  4039
MENU_LEFT_COLUMN	Word   CODE_SEG:41C8		   514	535  549  562  572  592	 605  625  643	656  668  682  695  707	  +
							   721	734  746  761  774  786	 800  813  825	836  846  856  866  876	  +
							   886	896  906  916  926  936	 946  956  986	1003  1560  1598  1617	  +
							   #1667  1993	2008  2064  2086  2135	4036  4074  4091  4108	4130  4143+
							   4155	 4174  4191  4211  4224	 4236  4254  4267  4279
MENU_SHADOW_COLOR	Word   CODE_SEG:41DA		   523	#1676  2015  2092  2093	 2103  2105  4045
MENU_TITLE_MSG		Word   CODE_SEG:41DC		   524	1610  #1677  2069  2098	 2109  2140  4046
MENU_TOP_ROW		Word   CODE_SEG:41CA		   515	536  550  563  573  593	 606  626  644	657  669  683  696  708	  +
							   722	735  747  762  775  787	 801  814  826	837  847  857  867  877	  +
							   887	897  907  917  927  937	 947  957  987	1004  1561  #1668  1994	  +
							   2012	 2065  2071  2087  2137	 2139  4037  4075  4092	 4109  4131  4144 +
							   4156	 4175  4192  4212  4225	 4237  4255  4268  4280
Turbo Assembler	 Version 4.0	    08/05/04 21:42:06	    Page 123
Symbol Table



MENU_WIDTH		Word   CODE_SEG:41CC		   516	1516  #1669  1996  2009	 2026  2038  2067  2089	 2129  4038
MODE_CONTROL_REG_MONO	Number 03B8			   3262	 3537  5480  5498
MONO_CALC_CURSOR	Near   CODE_SEG:61E2		   239	#5576
MONO_NEXT_LINE		Near   CODE_SEG:622B		   241	#5617
MONO_PREV_LINE		Near   CODE_SEG:6236		   242	#5626
MONO_SET_EDGE_COLOR	Near   CODE_SEG:6165		   237	#5513
MONO_SET_SHADOW_COLOR	Near   CODE_SEG:61A9		   238	#5543
MO_MA			Number 00C1			   2515	 2585  2666
MSG06			Byte   CODE_SEG:3EDC		   #1139  1142
MSG06_EDGE		Number 000F			   #1135
MSG06_LEN		Number 000E			   #1142
MSG06_SHADOW		Number 0000			   #1136
MSG06_TEXT_COLOR	Number 0070			   #1137
MSG06_X			Number 00D7			   #1133
MSG06_Y			Number 00E1			   #1134
MSG22			Byte   CODE_SEG:35E3		   #348	 977
MSG31			Byte   CODE_SEG:6576		   5952	 #6121
MSG32			Byte   CODE_SEG:6584		   5956	 #6124
MSG33			Byte   CODE_SEG:6592		   5960	 5968  #6128
MSG34			Byte   CODE_SEG:65A0		   5964	 #6131
MSGVECT			Word   CODE_SEG:04E6		   #254	 1371  1608  1658  5174
MSG_ALTTICK		Byte   CODE_SEG:3F3E		   859	#1193  1199
MSG_ALTTICK_LEN		Number 001B			   #1199
MSG_ALTTICK_X		Number 0136			   854	#1191
MSG_ALTTICK_Y		Number 0048			   855	#1192
MSG_BACKSLASH		Byte   CODE_SEG:3F5A		   869	#1205  1209
MSG_BACKSLASH_LEN	Number 0016			   #1209
MSG_BACKSLASH_X		Number 0136			   864	#1203
MSG_BACKSLASH_Y		Number 0058			   865	#1204
MSG_BBS			Byte   CODE_SEG:0477		   #226	 233  565  5976
MSG_CTRLTICK		Byte   CODE_SEG:3F25		   849	#1182  1187
MSG_CTRLTICK_LEN	Number 0018			   #1187
MSG_CTRLTICK_X		Number 0136			   844	#1180
MSG_CTRLTICK_Y		Number 0038			   845	#1181
MSG_EXIT		Near   CODE_SEG:45A4		   2099	 #2144
MSG_F2_EDGE		Number 000F			   757	#1148
MSG_F2_LEN		Number 0014			   764	772  777  #1156
MSG_F2_SHADOW		Number 0000			   755	770  #1149
MSG_F2_TEXT_COLOR	Number 0070			   783	#1150
MSG_F2_X		Number 0017			   759	772  784  #1146
MSG_F2_Y		Number 00E1			   760	773  785  #1147
MSG_GTHAI		Byte   CODE_SEG:3E83		   524	#1082  1091
MSG_GTHAI_LEN		Number 002F			   #1091
MSG_HELPING_EDGE	Number 000F			   678	#1108
MSG_HELPING_LEN		Number 000A			   685	693  698  #1113
MSG_HELPING_SHADOW	Number 0000			   676	691  #1107
MSG_HELPING_TEXT_COLOR	Number 0070			   704	#1109
MSG_HELPING_X		Number 0177			   680	693  705  #1105
MSG_HELPING_Y		Number 0009			   681	694  706  #1106
MSG_KEYTICK		Byte   CODE_SEG:3F0E		   839	#1172  1176
MSG_KEYTICK_LEN		Number 0016			   #1176
MSG_KEYTICK_X		Number 0136			   834	#1170
MSG_KEYTICK_Y		Number 0028			   835	#1171
MSG_SETTING		Byte   CODE_SEG:3EB3		   671	#1100  1102
MSG_SETTING_EDGE	Number 000F			   639	#1098
MSG_SETTING_LEN		Number 000A			   646	654  659  #1102
MSG_SETTING_SHADOW	Number 0000			   637	652  #1097
Turbo Assembler	 Version 4.0	    08/05/04 21:42:06	    Page 124
Symbol Table



MSG_SETTING_TEXT_COLOR	Number 0070			   665	#1099
MSG_SETTING_X		Number 005F			   641	654  666  #1095
MSG_SETTING_Y		Number 0009			   642	655  667  #1096
MSG_VERSION_EDGE	Number 000F			   #1120
MSG_VERSION_SHADOW	Number 0000			   730	#1119
MSG_VERSION_TEXT_COLOR	Number 0070			   743	#1121
MSG_VERSION_X		Number 00C7			   719	732  744  #1117
MSG_VERSION_Y		Number 00D1			   720	733  745  #1118
M_			Number 0068			   228	1186  4120
NEW_TIMER		Near   CODE_SEG:639B		   #5872  6068
NEXT_LINE		Word   CODE_SEG:04A0		   #241	 1702  1827  1975  2024	 2050  5165
NGO_NGU			Number 00A7
NIKKHAHIT		Number 00ED			   2123	 5032  5035  5990
NORMEXIT		Near   CODE_SEG:5603		   4376	 4378  4380  4382  4385	 #4388
NORMKEY			Near   CODE_SEG:55CE		   3935	 #4368
NORMKEY_SKIP1		Near   CODE_SEG:5604		   4383	 #4391
NOTDNARW		Near   CODE_SEG:3E28		   1029	 #1035
NOTLFARW		Near   CODE_SEG:3E45		   1037	 #1048
NOTUPARW		Near   CODE_SEG:3E13		   1022	 #1027
NOT_1LINE		Near   CODE_SEG:59CB		   4503	 #4515
NOT_360TH		Near   CODE_SEG:5CAE		   4822	 #4849
NOT_60TH		Near   CODE_SEG:5C71		   4807	 #4820
NOT_8LPI		Near   CODE_SEG:5BE9		   4741	 #4745
NOT_ACTV		Near   CODE_SEG:55CD		   4357	 #4363
NOT_BELL		Near   CODE_SEG:50F8		   3881	 #3884
NOT_BS			Near   CODE_SEG:5103		   3886	 #3891
NOT_CR			Near   CODE_SEG:510B		   3893	 #3896
NOT_DO_DEK		Near   CODE_SEG:4741		   2426	 #2429
NOT_ESC			Near   CODE_SEG:5A53		   4565	 #4569
NOT_FORMFEED		Near   CODE_SEG:5D12		   4933	 #4935
NOT_IBMPRO		Near   CODE_SEG:5D66		   5003	 #5014
NOT_INCR		Near   CODE_SEG:3E6A		   1052	 #1064
NOT_INIT		Near   CODE_SEG:5BDF		   4728	 #4738
NOT_INSTALLED		Near   CODE_SEG:63E4		   5910	 #5913
NOT_LO_LING		Near   CODE_SEG:476C		   2448	 #2453
NOT_LPI			Near   CODE_SEG:5C0B		   4740	 4748  #4768
NOT_LU			Near   CODE_SEG:4738		   2421	 #2424
NOT_MAI_HAN_AKAT	Near   CODE_SEG:475E		   2442	 #2446
NOT_MODE_0		Near   CODE_SEG:37F9		   471	#474
NOT_MONO		Near   CODE_SEG:6416		   5930	 #5933
NOT_RO_RUA		Near   CODE_SEG:472F		   2416	 #2419
NOT_SARA_U		Near   CODE_SEG:477B		   2455	 #2460	2478
NOT_TO_TAO		Near   CODE_SEG:474A		   2431	 #2434
NOT_UNDL		Near   CODE_SEG:5CB9		   4851	 #4854
NOT_YO_YAK		Near   CODE_SEG:4754		   2436	 #2440
NO_BOTTOM		Near   CODE_SEG:5C8E		   4829	 #4833
NO_ESC			Near   CODE_SEG:5C22		   4726	 #4784
NO_NEN			Number 00B3			   2163	 2168  2173  2178  2188	 2223  2401  2479
NO_NU			Number 00B9			   2750	 2820  3007
NO_PRT_XLAT		Near   CODE_SEG:59C5		   4506	 #4509
N_			Number 006B			   228	403  1084  1086	 1086  1123  1154  1186	 4118
OK_MSG1			Byte   CODE_SEG:53E1		   4177	 #4181
OK_MSG2			Byte   CODE_SEG:5414		   4194	 #4198
OK_MSG3			Byte   CODE_SEG:54A6		   4239	 #4243
OK_MSG4			Byte   CODE_SEG:5529		   4282	 #4286
OK_SKIP1		Near   CODE_SEG:53FA		   4179	 #4188
OK_SKIP2		Near   CODE_SEG:542A		   4196	 #4204
Turbo Assembler	 Version 4.0	    08/05/04 21:42:06	    Page 125
Symbol Table



OK_SKIP3		Near   CODE_SEG:54AD		   4241	 #4247
OK_SKIP4		Near   CODE_SEG:5532		   4284	 #4290
OK_TO_REMOVE		Near   CODE_SEG:4055		   1352	 #1356
OK_TO_UNLOAD		Near   CODE_SEG:53C5		   4068	 #4170
OLDINT10		Word   CODE_SEG:04F4		   #266	 490  3239  3916  4309	5192  5201  5214  5460	5504  6021
OLDINT17		Word   CODE_SEG:04F8		   #268	 4314  4513  4715  4938	 4958  5008  5012  5073	 5095  5115  5137 +
							   6027
OLDINT1D		Word   CODE_SEG:04FC		   #270	 4319  5454  6033
OLDINT24		Word   CODE_SEG:0500		   #272	 1075  6039
OLDINT8			Word   CODE_SEG:04EC		   #262	 4299  5876  6009
OLDINT9			Word   CODE_SEG:04F0		   #264	 3978  4304  4372  6015
OLDSEG10		Word   CODE_SEG:04F6		   #267	 6022
OLDSEG17		Word   CODE_SEG:04FA		   #269	 6028
OLDSEG1D		Word   CODE_SEG:04FE		   #271	 5456  6034
OLDSEG24		Word   CODE_SEG:0502		   #273	 6040
OLDSEG8			Word   CODE_SEG:04EE		   #263	 6010
OLDSEG9			Word   CODE_SEG:04F2		   #265	 6016
OPTION_FIELD_X		Number 0096			   #962	 979
OPTION_SAVE_LENGTH	Number 0010			   #45	1435
OPTION_TABLE		Byte   CODE_SEG:0107		   #34	967  1040  1044	 1056  1057  1060
ORIG_VID		Near   CODE_SEG:4C5C		   3197	 3203  3207  3209  3211	 3221  3225  3227  3234	 3236  #3238
O_			Number 006A			   228	228  403  405  1123  4120
O_ANG			Number 00CD			   2258	 2268  2273  2278  2283	 2288  2293  2298  2303	 2313  2328  2333 +
							   2880	 2963
O_RDRW			Number 0002			   1431
PAI_YAN_NOI		Number 00CF			   2521	 2908  2991
PANEL			Near   CODE_SEG:382F		   #505	 3931
PANEL_5			Byte   CODE_SEG:010B		   #39	4396  4398
PANEL_BG_COLOR		Number 0008			   521
PANEL_EDGE_COLOR	Number 000B			   522
PANEL_EDGE_WIDTH	Number 0002			   519
PANEL_EXIT		Near   CODE_SEG:3E75		   1020	 #1072
PANEL_FRAME_COLOR	Number 0003			   520
PANEL_FRAME_WIDTH	Number 0006			   518
PANEL_HEIGHT		Number 0113			   517
PANEL_KEY_ENTRY		Near   CODE_SEG:3D7D		   #964	 1046  1062
PANEL_LEFT_COLUMN	Number 0030			   514
PANEL_MSG_ESC		Byte   CODE_SEG:3F01		   828	#1162  1164
PANEL_MSG_F2		Byte   CODE_SEG:3EEC		   789	#1152  1156
PANEL_MSG_HELPING	Byte   CODE_SEG:3EBE		   710	#1111  1113
PANEL_MSG_VERSION	Byte   CODE_SEG:3EC9		   749	#1123  1129
PANEL_SHADOW_COLOR	Number 0000			   523
PANEL_TEXT_COLOR	Number 0007			   833	#1168
PANEL_TOP_ROW		Number 0032			   515
PANEL_WIDTH		Number 0220			   516	5997
PATTERN_00		Byte   CODE_SEG:14CB		   #301	 5519
PATTERN_AA55		Byte   CODE_SEG:14D3		   #304	 5536
PATTERN_FF		Byte   CODE_SEG:14C3		   296	#298  5515
PATTERN_POINTER		Word   CODE_SEG:14C1		   #296	 1793  5515  5519  5536
PBTM_LOOP		Near   CODE_SEG:5E58		   #5127  5138
PBTM_NO_XLATE		Near   CODE_SEG:5E6A		   5131	 #5134
PBUFMAIN		Byte   CODE_SEG:57E2		   #4435  4525	4547  4662  4669  4676	4689  4693  4697  5104
PBUF_BTM		Byte   CODE_SEG:58AA		   #4436  4526	4548  4563  4587  4599	4619  4724  4861  5126
PBUF_MDL		Byte   CODE_SEG:571A		   #4434  4524	4546  4562  4598  4610	4632  4663  4670  4677	4723  4860+
							   5084
PBUF_TOP		Byte   CODE_SEG:5652		   #4433  4523	4545  4561  4597  4609	4642  4722  4859  5021	5062
PCMDLOOP		Near   CODE_SEG:5C13		   #4772  4777
Turbo Assembler	 Version 4.0	    08/05/04 21:42:06	    Page 126
Symbol Table



PCMD_LEN		Number 0020			   #4480  4770
PCMD_TBL		Byte   CODE_SEG:5979		   #4448  4480	4769
PCOMPOSE		Byte   CODE_SEG:010F		   #43	4497  4502  5019
PHINTHU			Number 00DA			   2119	 2403  2563  5986
PHO_PHAN		Number 00BE			   2483	 2973
PHO_PHUNG		Number 00BC			   2805	 2977
PHO_SAMPHAO		Number 00C0			   2487	 2569
PMAINLP			Near   CODE_SEG:5E26		   #5105  5116
PMAIN_1			Near   CODE_SEG:5E38		   5109	 #5112
PMODE_THAIPRT4		Near   CODE_SEG:5DC0		   5020	 #5060
PNOT_ESC		Near   CODE_SEG:59FA		   4528	 #4533
PORT_3BFH		Number 03BF			   5435
PO_PLA			Number 00BB			   2731	 2969
PREV_LINE		Word   CODE_SEG:04A2		   #242	 1711  5166
PRINTIT			Near   CODE_SEG:5D46		   4707	 #4993
PRINT_BUF_MAX		Number 00C8			   4433	 4434  4435  4436  4702	 5034  5056
PROMPT_SPACE		Byte   CODE_SEG:3FAE		   929	#1257  1260
PROMPT_SPACE_LEN	Number 000D			   #1260
PROMPT_SPACE_X		Number 0016			   924	#1255
PROMPT_SPACE_Y		Number 0078			   925	#1256
PRTINT17		Near   CODE_SEG:5999		   #4487  6060
PRTLOOP			Near   CODE_SEG:5D81		   #5028  5058
PRTLOOP2		Near   CODE_SEG:5DC7		   #5063  5074
PRTXLTBL		Byte   CODE_SEG:0315		   #150	 4508  5069  5091  5111	 5133
PRT_01			Near   CODE_SEG:59A1		   #4496
PRT_COLUMN		Word   CODE_SEG:5973		   #4439  4522	4551  4701  4702  4761	4765  4825  5022  5061	5083  5102+
							   5125	 5145
PRT_EXIT		Near   CODE_SEG:5BA4		   4622	 4635  4645  4703  #4709
PRT_XLAT		Byte   CODE_SEG:010E		   #42	4505  4655  5066  5088	5108  5130
PSET_180		Near   CODE_SEG:5C7A		   4805	 4814  4819  #4824
PTOPLOOP		Near   CODE_SEG:5DF9		   #5085  5096
PTOP_1			Near   CODE_SEG:5E0B		   5089	 #5092
PTOP_NOT_NIKKHAHIT	Near   CODE_SEG:5D97		   5036	 #5039
PUT_IN_MDL_LINE		Near   CODE_SEG:5DB8		   5038	 #5055
P_			Number 0075			   362	364  366  368  370  372	 374  403  1086	 1257  4120
P_0019			Near   CODE_SEG:42FE		   #1836
P_001A			Near   CODE_SEG:43E0		   #1958
P_001B			Near   CODE_SEG:440E		   #1984
P_001D			Near   CODE_SEG:46F5		   #2389
P_001E			Near   CODE_SEG:477D		   #2468
P_001F			Near   CODE_SEG:4801		   #2547
P_0020			Near   CODE_SEG:4883		   #2627
P_0021			Near   CODE_SEG:4904		   #2706
P_0022			Near   CODE_SEG:4988		   #2787
P_0023			Near   CODE_SEG:4A0C		   #2867
P_0024			Near   CODE_SEG:4A8E		   #2950
P_0025			Near   CODE_SEG:4B4D		   #3072
P_0026			Near   CODE_SEG:4B71		   #3094
P_0028			Near   CODE_SEG:4B8F		   #3119
P_002C			Near   CODE_SEG:4F3C		   #3625
P_002D			Near   CODE_SEG:5019		   #3743
P_002E			Near   CODE_SEG:503B		   #3771
P_002F			Near   CODE_SEG:506F		   #3809
P_0035			Near   CODE_SEG:5EED		   #5179
P_ESC_MSG_LEN		Number 000C			   803	811  816  #1164
P_IGNORE		Near   CODE_SEG:5C3E		   4786	 4788  4790  #4793
P_MSG_VERSION_LEN	Number 0012			   724	732  737  #1129
Turbo Assembler	 Version 4.0	    08/05/04 21:42:06	    Page 127
Symbol Table



P_MULTI_LINE_FLAG	Byte   CODE_SEG:5972		   #4438  4588	4600  4611  4621  4634	4644  4664  4671  4678	5017  5081+
							   5123	 5149
P_NOT_SPACE		Near   CODE_SEG:5A33		   4535	 #4557
P_NO_ADJUST		Near   CODE_SEG:5A2E		   4539	 4541  #4553
P_SPACE_ADJUST_LOOP	Near   CODE_SEG:5A13		   #4543  4550
P_SPACE_COUNT		Byte   CODE_SEG:5976		   #4441  4536	4537  4558  5146
P_STACK_COUNT		Byte   CODE_SEG:5975		   #4440  4540	4549  4620  4633  4643	5147
Q_			Number 0074
RED			Number 0004			   220
RED_BG			Number 0040
REMOVE_IT		Near   CODE_SEG:6547		   6087	 #6090
REMOVE_TSR		Near   CODE_SEG:402E		   1314	 #1335
RESTORE_LOOP		Near   CODE_SEG:3807		   #481	 485
RESTORE_SCREEN		Near   CODE_SEG:37E2		   #465	 1077  4168  4294
REV_FIELD		Near   CODE_SEG:6275		   5662	 #5671
REV_LOOP		Near   CODE_SEG:6278		   #5673  5679
RMV_EXIT		Near   CODE_SEG:405A		   1355	 #1359
RO_RUA			Number 00C3			   2415	 2505  2595
RU			Number 00C4			   2228	 2233  2238  2243  2248	 2253  2263  2308  2318	 2323  2338  2343 +
							   2348	 2358  2561  2641  3152
R_			Number 0077			   231	231  405  1086	1090  1090  1123  1182	4118  4120  4120
SARA_A			Number 00D0			   2590	 2671  2835
SARA_AA			Number 00D2			   2580	 2661  2755
SARA_AM			Number 00D3			   2572	 2807
SARA_E			Number 00E0
SARA_EE			Number 00E1
SARA_I			Number 00D4			   2117	 2491  2890  5984
SARA_II			Number 00D5			   2406	 2882
SARA_MAI_MALAI		Number 00E4			   4674	 4695
SARA_MAI_MUAN		Number 00E3			   4667	 4691
SARA_O			Number 00E2			   4660	 4687
SARA_U			Number 00D8			   2454	 2534  2615  2930  3013
SARA_UE			Number 00D6			   2566	 2719
SARA_UEE		Number 00D7			   2694	 2767  2847  5040
SARA_UU			Number 00D9			   2481	 2650
SAVE_SCREEN		Near   CODE_SEG:379C		   #436	 513  4035
SCAN_TILDE		Number 0029			   3928	 3930  3932
SCREEN_SIZE		Number 07D0			   451	480  496  3164	3272  3546  3789  3795	4335
SCRL_UP1		Near   CODE_SEG:506F		   3212	 #3811	3909
SETCRSR			Near   CODE_SEG:5129		   3890	 3895  3902  3907  #3912
SETVMODE		Near   CODE_SEG:503B		   3193	 #3773
SET_EDGE_COLOR		Word   CODE_SEG:0498		   #237	 532  545  576	581  589  609  614  622	 640  653  679	692  718  +
							   731	758  771  797  810  994	 1465  1992  2016  2035	 4127  4140  4208 +
							   4221	 4251  4264  5161
SET_SHADOW_COLOR	Word   CODE_SEG:049A		   #238	 530  569  602	638  677  716  756  795	 1472  1962  1979  1988	  +
							   4125	 4206  4249  5162
SHIFT_STAT_ALT		Number 0008			   3928
SHIFT_STAT_CTRL		Number 0004			   3930
SHIFT_STAT_NOSHIFT	Number 0000			   3932
SHIPIT			Near   CODE_SEG:5BA1		   4571	 4576  #4706
SHOW_AND_QUIT		Near   CODE_SEG:656D		   6089	 6096  6103  #6111
SHOW_MENU		Far    CODE_SEG:44BC		   #2058
SKIP1			Near   CODE_SEG:3D8F		   971	#974
SO_RUSI			Number 00C9			   2723	 2886
SO_SALA			Number 00C8			   2811	 2894
SO_SO			Number 00AB
SO_SUA			Number 00CA			   2841	 2913  2996
Turbo Assembler	 Version 4.0	    08/05/04 21:42:06	    Page 128
Symbol Table



SPACE_A0		Byte   CODE_SEG:010C		   #40	4384
STORE_OPTIONS		Near   CODE_SEG:4093		   1067	 1297  #1423
SUBTRACT_OFFSET		Near   CODE_SEG:5DA9		   5044	 #5046
S_			Number 0076			   228	362  364  364  366  366	 368  368  370	370  372  372  374  374	  +
							   403	1086  1123  1154  4118
TEXT_80X25		Number 0003			   1536	 6063
TEXT_COLOR		Byte   CODE_SEG:14A4		   #281	 558  665  704	743  783  822  833  1457  1480	1635  1851  2141  +
							   4057	 4152  4233  4276
THAIKBD			Near   CODE_SEG:51D5		   3977	 #3980
THAIMODE		Byte   CODE_SEG:010A		   #38	4356  4377  4411
THAIPRT1		Number 0001			   4502
THAIPRT3		Number 0002			   43
THAIPRT4		Number 0003			   5019
THAI_25			Number 0002			   35  453  1546  3652
THAI_8			Number 0001			   5845
THAI_EIGHT		Number 00F8
THAI_FIVE		Number 00F5
THAI_FOUR		Number 00F4
THAI_NINE		Number 00F9
THAI_ONE		Number 00F1
THAI_SEVEN		Number 00F7
THAI_SIX		Number 00F6
THAI_SPACE		Number 00A0			   3129	 4386
THAI_SW			Near   CODE_SEG:55AB		   3933	 #4354
THAI_THREE		Number 00F3
THAI_TWO		Number 00F2
THAI_ZERO		Number 00F0
THANTHAKHAT		Number 00EC
THO_NANGMONTHO		Number 00B1			   2153
THO_PHUTHAO		Number 00B2			   2158	 3041  3057
THO_THAHAN		Number 00B7			   2646	 2727
THO_THAN		Number 00B0			   2148	 3039  3055
THO_THONG		Number 00B8			   2412	 2965
THO_THUNG		Number 00B6			   2745	 2815
TIMER_BUSY		Byte   CODE_SEG:639A		   #5871  5886	5888  5890
TIMER_EXIT		Near   CODE_SEG:63C9		   5883	 5885  5887  #5892
TITLE_COLOR		Number 004F			   2141
TITLE_MSG		Byte   CODE_SEG:65AE		   6071	 6106  #6136
TO_PATAK		Number 00AF
TO_TAO			Number 00B5			   2430	 2500  2682  3001
TRANSLATE_ALREADY_LOAD	Near   CODE_SEG:4C63		   #3245  3381	3594  3697  4422  4501
ED
TRANSLATE_FONT_CHAR	Near   CODE_SEG:4C61		   #3242
TSR_REMOVED_MSG		Byte   CODE_SEG:66DF		   6102	 #6190
TSR_UNLOADED		Near   CODE_SEG:6554		   6094	 #6097
TTY_EXIT		Near   CODE_SEG:5133		   3883	 3888  #3917
T_			Number 0071			   228	228  231  1082	1086  1154  1154  1162	1182  1193  4118
UNLOAD			Near   CODE_SEG:521F		   3929	 #4034
UNLOAD_BG_COLOR		Number 000F			   4043
UNLOAD_EDGE_COLOR	Number 000B			   4044	 4126  4207  4250
UNLOAD_EDGE_WIDTH	Number 0002			   4041
UNLOAD_FRAME_COLOR	Number 0003			   4042	 4152  4233  4276
UNLOAD_FRAME_WIDTH	Number 0006			   4040
UNLOAD_HEIGHT		Number 0064			   4039
UNLOAD_LEFT_COLUMN	Number 00D8			   4036
UNLOAD_RESTORE_LOOP	Near   CODE_SEG:5595		   #4338  4342
UNLOAD_SHADOW_COLOR	Number 0000			   4045	 4124  4139  4205  4220	 4248  4263
Turbo Assembler	 Version 4.0	    08/05/04 21:42:06	    Page 129
Symbol Table



UNLOAD_TITLE		Byte   CODE_SEG:5269		   4046	 #4050
UNLOAD_TOP_ROW		Number 0078			   4037
UNLOAD_WIDTH		Number 00C8			   4038
UPDATE_25		Near   CODE_SEG:638D		   5846	 #5851
UPDATE_SCREEN_THAI_25	Near   CODE_SEG:4C75		   #3259  5852
UPDATE_SCREEN_THAI_8	Near   CODE_SEG:4E80		   #3535  5848
UPDATE_VIDEO		Near   CODE_SEG:6377		   #5833  5889
UPD_25_EXIT		Near   CODE_SEG:4E7F		   3279	 3285  #3530
UPD_VID_EXIT		Near   CODE_SEG:6390		   5849	 #5854
USER_HEIGHT		Word   CODE_SEG:14B7		   #285	 1507  1559
USER_WIDTH		Word   CODE_SEG:14B5		   #284	 1498  1558
U_			Number 0070			   228	231  1186
U_SKIP1			Near   CODE_SEG:5273		   4048	 #4056
VAL_OK			Near   CODE_SEG:3E67		   1059	 #1061
VERSION_ID		Number 0138			   25
VIDBUF			Word   CODE_SEG:04B0		   #249	 458  1567  1584  1613	1632  1657  3302  3582	5172  5282  5398  +
							   5493	 5658  5808
VIDFUNCS		Word   CODE_SEG:3FEC		   #1294  1315	1325
VIDINT10		Near   CODE_SEG:4BFD		   #3187  6055
VIDLINE2		Number CODE_SEG:05A4		   #279	 3839
VID_EXIT		Near   CODE_SEG:4C4E		   #3228  3233
VID_GT12		Near   CODE_SEG:4C4F		   3223	 #3231
VID_OFFSET		Word   CODE_SEG:14BD		   #288	 1568  1634  1726  1765	 1841  1966  2036  3276	 3288  3549  3563 +
							   3693	 3822  3843  4358  4361	 5264  5612
VID_PARM_40X25		Byte   CODE_SEG:6081		   #5410
VID_PARM_80X25_COLOR	Byte   CODE_SEG:6091		   #5415
VID_PARM_80X25_MONO	Byte   CODE_SEG:60B1		   #5425  5468
VID_PARM_GRAPHICS	Byte   CODE_SEG:60A1		   #5420  5444
VID_PARM_TABLE		Byte   CODE_SEG:6081		   5174	 #5409	5472
VID_READ_CURSOR_POS_SI	Number 0003
ZE
VID_SAVE		Byte   CODE_SEG:0504		   #278	 279  450  478	495  3270  3512	 3544  3585  3612  3794	 3838	  +
							   4333
VID_SEG			Word   CODE_SEG:04AE		   #248	 477  3265  3540  3657	3787  3824  3879  4332	5171
VID_SETMODE		Number 0000			   1536	 6063
VID_SET_CURSOR_POS	Number 0002			   488
VIOLET			Number 0005
VIOLET_BG		Number 0050
VMEM_CHANGED_25		Near   CODE_SEG:4CB4		   3274	 #3287
VMODEFLAG		Byte   CODE_SEG:0110		   #47	444  492  1544	3202  3786  3976  5882
VNOTCSTM		Near   CODE_SEG:4C05		   #3191
VNOT_00H		Near   CODE_SEG:4C0C		   #3195
VNOT_06H		Near   CODE_SEG:4C33		   3205	 #3215
VNOT_TTY		Near   CODE_SEG:4C3B		   #3219
VREFRESHFLAG		Byte   CODE_SEG:6575		   #6117
V_			Number 0073			   1090	 1154
WHICHPTR		Byte   CODE_SEG:010D		   #41	4685  4749  4808  4900	5002  5043
WHITE			Number 0007			   588	621  1168
WHITE_BG		Number 0070			   220	822  1099  1109	 1121  1137  1150
WO_WAEN			Number 00C7			   2735	 2825
WRIT_ERR		Near   CODE_SEG:40BA		   1433	 #1443
WRIT_TTY		Near   CODE_SEG:50C3		   3217	 #3857
W_			Number 0072
XLAT_TBL		Byte   CODE_SEG:0115		   #59	3250
X_			Number 007D			   1162
YELLOW			Number 000E			   993
YELLOW_BG		Number 00E0
Turbo Assembler	 Version 4.0	    08/05/04 21:42:06	    Page 130
Symbol Table



YO_YAK			Number 00C2			   2435	 2575  2656
YO_YING			Number 00AD
Y_			Number 007C			   230	231  1086  1172	 1182  1193  1205
ZEROFEED		Near   CODE_SEG:5D09		   4911	 #4930
Z_			Number 007F			   228
_0			Number 0035			   395	403
_1			Number 0034			   362	417  1126
_2			Number 0037			   353	364  395  1084	1126  1152
_3			Number 0036			   366	419  1126
_4			Number 0031			   368	421
_5			Number 0030			   353	370  403  403  1084
_6			Number 0033			   372
_7			Number 0032			   374
_8			Number 003D			   351
_9			Number 003C
_A			Number 0044			   1193
_AMPERSAND		Number 0023
_AT			Number 0045
_B			Number 0047			   231	405
_BACKSLASH		Number 0059			   1206
_BAHT			Number 00DA
_BO_BAIMAI		Number 00BF			   351	353  362  364  366  368	 370  372  374	417  419  421  1197  1197 +
							   1250	 1284  4116  4117  4200	 4200
_C			Number 0046			   228	1162  1182
_CARET			Number 005B
_CHO_CHAN		Number 00AD			   1216	 1232  4100
_CHO_CHANG		Number 00AF			   360	360  1232  1233	 1266  4085  4185  6122	 6125  6126  6129
_CHO_CHING		Number 00AC
_CHO_CHOE		Number 00A9
_COLON			Number 003F
_COMMA			Number 0029
_D			Number 0041			   1086	 1090
_DOLLAR			Number 0021
_DOUBLE_QUOTE		Number 0027
_DO_CHADA		Number 00AB
_DO_DEK			Number 00B1			   351	353  360  385  417  419	 421  1215  1233  1266	1284  4086
_E			Number 0040			   403	1100  1111  1162  1162
_EQUAL			Number 0038
_EXCLAMATION		Number 0024
_F			Number 0043			   1152
_FO_FA			Number 00B8
_FO_FAN			Number 00BA
_G			Number 0042			   231	1082  1100  1126
_GREATERTHAN		Number 003B
_H			Number 004D			   395	1111
_HO_HIP			Number 00CE			   411	1224  1275  6132
_HO_NOK_HUK		Number 00CB
_HYPHEN			Number 0028			   403	1082  1153  1162
_I			Number 004C			   405	1100
_J			Number 004F
_K			Number 004E			   1111	 1172  1182  1193  1205
_KHO_KHAI		Number 00A7			   383	1185  4050
_KHO_KHON		Number 00A0
_KHO_KHUAT		Number 00A6
_KHO_KHWAI		Number 00A1			   387	1140  1266  1275  4050
_KHO_RAKHANG		Number 00A3
_KO_KAI			Number 00A4			   349	377  379  415  1175  1196  1207	 1215  1249  1284  4083	 4084	  +
Turbo Assembler	 Version 4.0	    08/05/04 21:42:06	    Page 131
Symbol Table



							   4084	 4100  4101  4163  4182	 4183  4184  4184  4244	 4287  4287  6121 +
							   6128	 6131
_L			Number 0049			   403	1084
_LAK_KHANG_YAO		Number 00E0
_LEFT_BRACKET		Number 005E
_LEFT_CURLY		Number 007E
_LEFT_PAREN		Number 002D			   1126
_LEFT_TICK		Number 0065			   1172	 1182  1193  1208
_LESSTHAN		Number 0039
_LO_CHULA		Number 00C9
_LO_LING		Number 00C0			   383	1139  1196  1216  4084	4163  4183  4244  4287
_LU			Number 00C3
_M			Number 0048			   405
_MAI_CHATTAWA		Number 00EE
_MAI_EK			Number 00ED			   360	385  387  411  1186  1267  1276	 4082  4099  4102  6132
_MAI_HAN_AKAT		Number 00D4			   349	351  353  377  383  389	 411  415  417	419  421  1174	1207  1207+
							   1224	 1249  1275  1284  6124	 6132
_MAI_TAI_KHU		Number 00E2			   4116
_MAI_THO		Number 00EC			   385	387  1185  1241	 4050  4085  4086  4182	 4185  6122  6122  6126	  +
							   6129	 6129
_MAI_TRI		Number 00EF
_MAI_YAMOK		Number 00E3
_MO_MA			Number 00C4			   356	360  379  408  411  1140  1242	1268  1277  1285  4050	4082  4082+
							   4100	 4102
_N			Number 004B			   1100
_NGO_NGU		Number 00A2			   349	377  389  415  1175  1216  1267	 1276  4085  4099  4103	 4163	  +
							   4182	 4185  4244
_NIKKHAHIT		Number 00E8
_NO_NEN			Number 00B6			   379
_NO_NU			Number 00BC			   385	387  1232  1232	 1241  1266  4085  4099	 4102  4103  4116  4185
_O			Number 004A			   1111
_O_ANG			Number 00C8			   349	356  377  408  411  411	 415  1174  1207  1216	1250  1267  1276  +
							   4050	 4099  4102  4182  6132
_P			Number 0055			   405	1086
_PAI_YAN_NOI		Number 00CA			   6121	 6128  6131
_PERCENT		Number 0020
_PERIOD			Number 002B			   356	356  356  405  408  408	 408  411  411	411  1126
_PHINTHU		Number 00DF
_PHO_PHAN		Number 00BB			   362	364  366  368  370  372	 374  1217  1241  1242	1267  1268  1276  +
							   1277	 1285  1285
_PHO_PHUNG		Number 00B9			   1216	 6122  6129
_PHO_SAMPHAO		Number 00C5			   349	377  415  1197	1216  1224  1258  4200
_PLUS			Number 002E			   1182	 1193  1206
_POUND			Number 0026
_PO_PLA			Number 00BE			   1241	 4101  4116  6124
_Q			Number 0054			   403
_QUESTION		Number 003A			   4201
_R			Number 0057
_RIGHT_BRACKET		Number 0058
_RIGHT_CURLY		Number 0078
_RIGHT_PAREN		Number 002C			   1126
_RO_RUA			Number 00C6			   351	351  353  353  360  389	 417  419  421	1196  1208  1215  1224	  +
							   1233	 1250  1267  1275  1276	 1284  1285  4083  4084	 4101  4101  4183 +
							   4184	 4199  6121  6128  6131
_RU			Number 00C1			   349	377  415  1175
_S			Number 0056			   1100	 1100  1111  1154  1154	 1162  1257
_SARA_A			Number 00D5			   360	417  419  421  1196  1234  1284	 4199
Turbo Assembler	 Version 4.0	    08/05/04 21:42:06	    Page 132
Symbol Table



_SARA_AA		Number 00D7			   349	349  377  377  389  415	 415  1140  1185  1197	1197  1215  1217  +
							   1224	 1225  1258  1258  1285	 4050  4082  4083  4084	 4085  4100  4103 +
							   4183	 4184  4185  4200  4200
_SARA_AM		Number 00D6			   1232	 4103
_SARA_E			Number 00E5			   360	379  383  385  385  387	 389  1185  1196  1233	1266  1275  4083  +
							   4099	 4116  4183  4287  6121	 6128  6131
_SARA_EE		Number 00E4			   389	1215  1241  4101  4116
_SARA_I			Number 00D1			   1196	 1241  1266  1268  1277	 1285  4084  4184  4287	 6125
_SARA_II		Number 00D0			   379	385  1249  4100
_SARA_MAI_MALAI		Number 00E1			   351	353  360  379  417  419	 421  1174  1198  1205	1225  1258  4082  +
							   4086	 4201  6124
_SARA_MAI_MUAN		Number 00E6			   4085	 4184  6122  6129
_SARA_O			Number 00E7			   4101	 6125
_SARA_U			Number 00DD			   1139
_SARA_UE		Number 00D3
_SARA_UEE		Number 00D2			   1267	 1276  4099  4102
_SARA_UU		Number 00DC			   387	1185  6122  6129
_SEMICOLON		Number 003E
_SINGLE_QUOTE		Number 0022
_SLASH			Number 002A			   1174
_SO_RUSI		Number 00CC			   349	349  377  377  379  415	 415  1175  1197  1208	1225  1258  4200  +
							   6121	 6128  6131
_SO_SALA		Number 00CD
_SO_SO			Number 00AE
_SO_SUA			Number 00CF			   356	360  385  387  408  411	 1185  1215  1224  1233	 1275  4082
_SPACE			Number 0025			   228	230  230  231  231  349	 349  349  351	351  351  353  353  356	  +
							   358	360  360  362  362  362	 362  362  364	364  364  364  366  366	  +
							   366	366  368  368  368  368	 370  370  370	370  372  372  372  372	  +
							   374	374  374  374  377  377	 377  379  379	379  379  381  383  383	  +
							   383	383  383  383  383  385	 385  385  387	387  387  387  387  387	  +
							   389	389  389  389  389  395	 403  403  405	405  405  405  405  405	  +
							   408	408  408  408  408  408	 408  410  411	413  415  415  415  417	  +
							   417	417  417  419  419  419	 419  421  421	421  421  1082	1082  1082+
							   1084	 1084  1084  1086  1086	 1089  1090  1100  1100	 1111  1111  1111 +
							   1123	 1123  1126  1128  1139	 1139  1140  1141  1152	 1152  1153  1154 +
							   1154	 1162  1162  1162  1162	 1172  1172  1173  1173	 1173  1173  1173 +
							   1173	 1182  1184  1184  1193	 1195  1195  1195  1205	 1206  1206  1206 +
							   1208	 1257  4050  4050  4100	 4118  4118  4163  4163	 4182  4185  4199 +
							   4199	 4199  4199  4201  4201	 4202  4202  4202  4244	 4244  4287  4287 +
							   6122	 6129  6132
_STAR			Number 002F
_T			Number 0051			   1084	 1100  1100  1111
_THAI_EIGHT		Number 00FD
_THAI_FIVE		Number 00F0			   1140
_THAI_FOUR		Number 00F1
_THAI_NINE		Number 00FC
_THAI_ONE		Number 00F4			   1139
_THAI_SEVEN		Number 00F2
_THAI_SIX		Number 00F3
_THAI_SPACE		Number 00A5			   1186
_THAI_THREE		Number 00F6			   1141	 1141
_THAI_TWO		Number 00F7			   1140
_THAI_ZERO		Number 00F5
_THANTHAKHAT		Number 00E9			   1242	 1268  1277  1286
_THO_NANGMONTHO		Number 00B4
_THO_PHUTHAO		Number 00B7
_THO_THAHAN		Number 00B2			   351	351  353  353  379  417	 419  421  1174	 1198  1205  1225  1258	  +
Turbo Assembler	 Version 4.0	    08/05/04 21:42:06	    Page 133
Symbol Table



							   4102	 4201  6124
_THO_THAN		Number 00B5
_THO_THONG		Number 00BD
_THO_THUNG		Number 00B3			   4083
_TILDE			Number 007B
_TO_PATAK		Number 00AA
_TO_TAO			Number 00B0			   383	389  411  1139	1207  1249  1249  4163	4182  4244  6121  6125	  +
							   6125	 6125  6128  6131  6132
_U			Number 0050
_UNDERBAR		Number 005A
_V			Number 0053			   1123
_VERTICAL_BAR		Number 0079
_WO_WAEN		Number 00C2			   383	385  389  411  1207  1232  1249	 4050  6133
_X			Number 005D
_Y			Number 005C			   1111
_YO_YAK			Number 00C7			   351	353  360  379  385  417	 419  421  1174	 1198  1206  1225  1233	  +
							   1259	 4083  4183  4201  4287	 6124
_YO_YING		Number 00A8
_Z			Number 005F

Macro Name						   Cref	(defined at #)

VERSION_ENCODED						   1125
VERSION_STRING						   6141
_JC
_JNC
_JNZ
_JZ
_POP							   1360	 1444  3344  3506  3764	 3797  3845  3918  4017	 4711  5150  5326 +
							   5389	 5608  5709  5754  5783	 5801  5855
_PUSH							   1336	 1424  1593  3299  3746	 3775  3814  3859  3982	 4994  5305  5333 +
							   5577	 5685  5717  5834
_ROL
_ROR
_SAR
_SHL
_SHR

Groups & Segments	Bit Size Align	Combine	Class	   Cref	(defined at #)

CODE_SEG		16  671A Para	Public		   #15	16  16	16  16
